=== Simulator Debug Log Started ===
Timestamp: 2026-06-04T12:08:42.154Z

2026-06-04T12:08:48.004Z [L0]: [firmware_simulator]: simulator opening...
2026-06-04T12:08:49.720Z [L0]: 6/4 [0]12:08:48.932 I/quickjs SBEngine: js_trigger_gc *****rt->malloc_gc_threshold is now 1329180, malloc_size 886120
2026-06-04T12:08:49.848Z [L0]: 6/4 [0]12:08:49.061 I/quickjs-libc SBEngine: [jsrt-4.2.0-release.1-402] [2026-06-04T12:08:49.049Z] [jsfwk.debug] [ctx] [-] newCtx{"app":0,"module":0,"appId":1} 
2026-06-04T12:08:49.857Z [L0]: 6/4 [0]12:08:49.070 I/quickjs-libc SBEngine: [jsrt-4.2.0-release.1-402] [2026-06-04T12:08:49.068Z] [jsfwk.debug] [ctx] [-] ctx{"app":0,"module":0,"appId":1}.apply=addFWListener["[Function bound handle]"] 
2026-06-04T12:08:49.870Z [L0]: 6/4 [0]12:08:49.072 I/JS_BLE SBEngine: js_data_transfer_connect appid 1
2026-06-04T12:08:49.871Z [L0]: 6/4 [0]12:08:49.072 I/JS_BLE SBEngine: new_ble_client_node new node!
2026-06-04T12:08:49.873Z [L0]: 6/4 [0]12:08:49.072 D/JS_app_manager SBEngine: js_apkm_find_apk: apk(id:1), not found
2026-06-04T12:08:49.875Z [L0]: 6/4 [0]12:08:49.079 I/quickjs-libc SBEngine: [jsrt-4.2.0-release.1-402] [2026-06-04T12:08:49.077Z] [jsfwk.info ] [framework] [-] framework init 
2026-06-04T12:08:49.876Z [L0]: 6/4 [0]12:08:49.081 I/quickjs-libc SBEngine: [jsrt-4.2.0-release.1-402] [2026-06-04T12:08:49.079Z] [jsfwk.info ] [framework] [-] framework version => 4.2 
2026-06-04T12:08:49.878Z [L0]: 6/4 [0]12:08:49.084 I/quickjs-libc SBEngine: [jsrt-4.2.0-release.1-402] [2026-06-04T12:08:49.082Z] [jsfwk.info ] [framework] [-] framework buildDate => 2025-09-19T08:58:30.290Z 
2026-06-04T12:08:49.879Z [L0]: 6/4 [0]12:08:49.086 I/quickjs-libc SBEngine: [jsrt-4.2.0-release.1-402] [2026-06-04T12:08:49.085Z] [jsfwk.info ] [framework] [-] framework commit => b3cc2d2 
2026-06-04T12:08:52.941Z [L0]: 6/4 [0]12:08:52.154 I/quickjs-libc SBEngine: index page.js on build invoke 
2026-06-04T12:08:52.945Z [L0]: 6/4 [0]12:08:52.155 D/jsRtApkMng SBEngine: perf_update buildTime 1 ms6/4 [0]12:08:52.155 I/js_runtime SBEngine: malloc_size:1158844 after load page
2026-06-04T12:08:52.946Z [L0]: 6/4 [0]12:08:52.155 D/js_rt_screen SBEngine: js_set_working_rtcell cell 0x0
2026-06-04T12:08:52.947Z [L0]: 6/4 [0]12:08:52.155 D/js_rt_screen_common SBEngine: js_screen_suspend_app: screen suspend. pcid(200000001)
2026-06-04T12:08:52.948Z [L0]: 6/4 [0]12:08:52.155 I/jsRtApkMng SBEngine: js_rt_SuspendApp: pcid(200000001)
2026-06-04T12:08:52.949Z [L0]: 6/4 [0]12:08:52.155 D/jsRtApkMng SBEngine: switch_currentApp: same pid: 2 (appid 00002DFF)
2026-06-04T12:08:52.950Z [L0]: 6/4 [0]12:08:52.156 D/js_rt_continer SBEngine: runContinerFunc: run Continer func: onPause
2026-06-04T12:08:52.952Z [L0]: 6/4 [0]12:08:52.156 D/js_timer SBEngine: _timer_on_pause pcid(200000001)
2026-06-04T12:08:52.953Z [L0]: 6/4 [0]12:08:52.157 D/JS_SETTING SBEngine: js_setting_pause (200000001)
2026-06-04T12:08:52.953Z [L0]: 6/4 [0]12:08:52.157 E/MessageManger SBEngine: error listener 0x10169dd1
2026-06-04T12:08:52.954Z [L0]: 6/4 [0]12:08:52.158 I/quickjs-libc SBEngine: ui pause 
2026-06-04T12:09:10.718Z [L0]: 6/4 [0]12:08:52.158 D/js_sensor SBEngine: _pause_resume_process: sensor id: 06/4 [0]12:09:09.931 I/quickjs-libc SBEngine: current filepath: /app.js 
2026-06-04T12:09:10.751Z [L0]: 6/4 [0]12:09:09.964 I/quickjs-libc SBEngine: app on create invoke 
2026-06-04T12:09:10.773Z [L0]: 6/4 [0]12:09:09.986 I/quickjs-libc SBEngine: current filepath: /page/home/home.js 
2026-06-04T12:09:10.828Z [L0]: 6/4 [0]12:09:10.041 I/quickjs-libc SBEngine: ui pause 
2026-06-04T12:09:12.592Z [L0]: 6/4 [0]12:09:11.805 I/quickjs SBEngine: js_trigger_gc *****rt->malloc_gc_threshold is now 1813095, malloc_size 1450476
2026-06-04T12:09:12.594Z [L0]: 6/4 [0]12:09:11.805 I/quickjs-libc SBEngine: current filepath: /page/select/select.js 
2026-06-04T12:09:13.848Z [L0]: 6/4 [0]12:09:13.060 I/quickjs-libc SBEngine: current filepath: /page/session/session.js 
2026-06-04T12:09:13.911Z [L0]: 6/4 [0]12:09:13.124 I/quickjs-libc SBEngine: Session: PREPARE -> PREPARE 
2026-06-04T12:09:13.914Z [L0]: 6/4 [0]12:09:13.125 I/quickjs-libc SBEngine: Exercise: prepare - side-lunge-stretch 
2026-06-04T12:09:15.645Z [L0]: 6/4 [0]12:09:14.857 I/quickjs-libc SBEngine: app on destroy invoke 
2026-06-04T12:09:15.699Z [L0]: 6/4 [0]12:09:14.911 I/quickjs-libc SBEngine: current filepath: /app.js 
2026-06-04T12:09:15.712Z [L0]: 6/4 [0]12:09:14.925 I/quickjs-libc SBEngine: app on create invoke 
2026-06-04T12:09:15.730Z [L0]: 6/4 [0]12:09:14.943 I/quickjs-libc SBEngine: current filepath: /page/home/home.js 
2026-06-04T12:09:15.760Z [L0]: er SBEngine: error listener 0x10169dd1
2026-06-04T12:09:15.762Z [L0]: 6/4 [0]12:09:14.974 I/quickjs-libc SBEngine: ui pause 
2026-06-04T12:09:18.264Z [L0]: [06/4 [0]12:09:17.387 D/CLayout SBEngine: Creating object 0x81c4e910 in 36,324,275,483 id 215(NotificationLayer.infinite_25.content_image3)
2026-06-04T12:09:18.265Z [L0]: 6/4 [0]12:09:17.388 D/CLayout SBEngine: Creating object 0x81c4e944 in 36,161,443,196 id 216(NotificationLayer.infinite_25.content3)
2026-06-04T12:09:18.267Z [L0]: 6/4 [0]12:09:17.388 D/CLayout SBEngine: Creating object 0x81c4e978 in 36,324,443,339 id 217(NotificationLayer.infinite_25.line3)
2026-06-04T12:09:18.268Z [L0]: 6/4 [0]12:09:17.390 D/CLayout SBEngine: Creating object 0x81c4e9ac in 36,324,275,483 id 218(NotificationLayer.infinite_25.content_image4)
2026-06-04T12:09:18.269Z [L0]: 6/4 [0]12:09:17.391 D/CLayout SBEngine: Creating object 0x81c4e9e0 in 36,161,443,196 id 219(NotificationLayer.infinite_25.content4)
2026-06-04T12:09:18.271Z [L0]: 6/4 [0]12:09:17.392 D/CLayout SBEngine: Creating object 0x81c4ea14 in 36,324,443,339 id 220(NotificationLayer.infinite_25.line4)
2026-06-04T12:09:18.273Z [L0]: 6/4 [0]12:09:17.393 D/CLayout SBEngine: Creating object 0x81c4ea48 in 36,324,275,483 id 221(NotificationLayer.infinite_25.content_image5)
2026-06-04T12:09:18.274Z [L0]: 6/4 [0]12:09:17.393 D/CLayout SBEngine: Creating object 0x81c4ea7c in 36,161,443,196 id 222(NotificationLayer.infinite_25.content5)
2026-06-04T12:09:18.275Z [L0]: 6/4 [0]12:09:17.393 D/CLayout SBEngine: Creating object 0x81c4eab0 in 36,324,443,339 id 223(NotificationLayer.infinite_25.line5)
2026-06-04T12:09:18.277Z [L0]: 6/4 [0]12:09:17.393 D/CLayout SBEngine: Creating object 0x81c4eae4 in 36,324,275,483 id 224(NotificationLayer.infinite_25.content_image6)
2026-06-04T12:09:18.278Z [L0]: 6/4 [0]12:09:17.394 D/CLayout SBEngine: Creating object 0x81c4eb18 in 36,161,443,196 id 225(NotificationLayer.infinite_25.content6)
2026-06-04T12:09:18.279Z [L0]: 6/4 [0]12:09:17.394 D/CLayout SBEngine: Creating object 0x81c4eb4c in 22,242,429,319 id 226(NotificationLayer.infinite_25.textBtn)
2026-06-04T12:09:18.280Z [L0]: 6/4 [0]12:09:17.394 D/CLayout SBEngine: Creating render 0x81c4eb80 in 14,4,380,63 id 227(NotificationLayer.infinite_25.textBtn:0)
2026-06-04T12:09:18.281Z [L0]: 6/4 [0]12:09:17.396 D/CLayout SBEngine: Creating render 0x81c4ebb4 in 367,18,398,49 id 228(NotificationLayer.infinite_25.textBtn:1)
2026-06-04T12:09:18.282Z [L0]: 6/4 [0]12:09:17.396 D/CLayout SBEngine: Creating object 0x81c4ebe8 in 418,242,457,281 id 229(NotificationLayer.infinite_25.icon_top)
2026-06-04T12:09:18.283Z [L0]: 6/4 [0]12:09:17.397 D/CLayout SBEngine: Creating object 0x81c4ec1c in 22,0,457,232 id 230(NotificationLayer.infinite_25.notif_bg_color)
2026-06-04T12:09:18.285Z [L0]: 6/4 [0]12:09:17.399 D/CLayout SBEngine: Creating object 0x81c4ec50 in 22,0,457,279 id 231(NotificationLayer.infinite_25.touch_select)
2026-06-04T12:09:18.286Z [L0]: 6/4 [0]12:09:17.399 D/js_fs_common wbs_proc_poll: fs_mkdir /storage/data/js_apps/tmp/assets/animations/chest
2026-06-04T12:09:18.287Z [L0]: 6/4 [0]12:09:17.399 D/NOTFWG SBEngine: [addLayoutBranch] add branch NotificationLayer.infinite_25 -2117802440 
2026-06-04T12:09:18.288Z [L0]: 6/4 [0]12:09:17.400 D/CLayout SBEngine: Load layer list_layer
2026-06-04T12:09:18.290Z [L0]: 6/4 [0]12:09:17.400 D/CLayout SBEngine: Creating object 0x81c4ec84 in 0,800,493,1039 id 201(NotificationLayer.infinite_26)
2026-06-04T12:09:18.291Z [L0]: 6/4 [0]12:09:17.400 D/CLayout SBEngine: Creating object 0x81c4ecb8 in 22,0,471,239 id 202(null)
2026-06-04T12:09:18.292Z [L0]: 6/4 [0]12:09:17.401 D/CLayout SBEngine: Creating object 0x81c4ecec in 36,14,443,58 id 203(NotificationLayer.infinite_26.title)
2026-06-04T12:09:18.294Z [L0]: 6/4 [0]12:09:17.401 D/CLayout SBEngine: Creating object 0x81c4ed20 in 36,14,515,53 id 204(NotificationLayer.infinite_26.time)
2026-06-04T12:09:18.295Z [L0]: 6/4 [0]12:09:17.401 D/CLayout SBEngine: Creating object 0x81c4ed54 in 36,194,443,229 id 205(NotificationLayer.infinite_26.second_title)
2026-06-04T12:09:18.296Z [L0]: 6/4 [0]12:09:17.403 D/CLayout SBEngine: Creating object 0x81c4ed88 in 36,324,275,483 id 206(NotificationLayer.infinite_26.content_image)
2026-06-04T12:09:18.297Z [L0]: 6/4 [0]12:09:17.403 D/CLayout SBEngine: Creating object 0x81e5e58c in 36,161,443,196 id 207(NotificationLayer.infinite_26.content)
2026-06-04T12:09:18.299Z [L0]: 6/4 [0]12:09:17.403 D/CLayout SBEngine: Creating object 0x81e5e5c0 in 36,324,443,339 id 208(NotificationLayer.infinite_26.line)
2026-06-04T12:09:18.300Z [L0]: 6/4 [0]12:09:17.403 D/CLayout SBEngine: Creating object 0x81e5e5f4 in 36,324,275,483 id 209(NotificationLayer.infinite_26.content_image1)
2026-06-04T12:09:18.302Z [L0]: 6/4 [0]12:09:17.405 D/CLayout SBEngine: Creating object 0x81e5e628 in 36,161,443,196 id 210(NotificationLayer.infinite_26.content1)
2026-06-04T12:09:18.303Z [L0]: 6/4 [0]12:09:17.406 D/CLayout SBEngine: Creating object 0x81e5e65c in 36,324,443,339 id 211(NotificationLayer.infinite_26.line1)
2026-06-04T12:09:18.304Z [L0]: 6/4 [0]12:09:17.406 D/CLayout SBEngine: Creating object 0x81e5e690 in 36,324,275,483 id 212(NotificationLayer.infinite_26.content_image2)
2026-06-04T12:09:18.306Z [L0]: 6/4 [0]12:09:17.406 D/CLayout SBEngine: Creating object 0x81e5e6c4 in 36,161,443,196 id 213(NotificationLayer.infinite_26.content2)
2026-06-04T12:09:18.307Z [L0]: 6/4 [0]12:09:17.408 D/CLayout SBEngine: Creating object 0x81e5e6f8 in 36,324,443,339 id 214(NotificationLayer.infinite_26.line2)
2026-06-04T12:09:18.308Z [L0]: 6/4 [0]12:09:17.408 D/CLayout SBEngine: Creating object 0x81e5e72c in 36,324,275,483 id 215(NotificationLayer.infinite_26.content_image3)
2026-06-04T12:09:18.309Z [L0]: 6/4 [0]12:09:17.408 D/CLayout SBEngine: Creating object 0x81e5e760 in 36,161,443,196 id 216(NotificationLayer.infinite_26.content3)
2026-06-04T12:09:18.310Z [L0]: 6/4 [0]12:09:17.408 D/CLayout SBEngine: Creating object 0x81e5e794 in 36,324,443,339 id 217(NotificationLayer.infinite_26.line3)
2026-06-04T12:09:18.312Z [L0]: 6/4 [0]12:09:17.409 D/CLayout SBEngine: Creating object 0x81e5e7c8 in 36,324,275,483 id 218(NotificationLayer.infinite_26.content_image4)
2026-06-04T12:09:18.312Z [L0]: 6/4 [0]12:09:17.411 D/js_fs_common wbs_proc_poll: fs_mkdir /storage/data/js_apps/tmp/assets/animations/catcow
2026-06-04T12:09:18.314Z [L0]: 6/4 [0]12:09:17.411 D/CLayout SBEngine: Creating object 0x81e5e7fc in 36,161,443,196 id 219(NotificationLayer.infinite_26.content4)
2026-06-04T12:09:18.315Z [L0]: 6/4 [0]12:09:17.411 D/CLayout SBEngine: Creating object 0x81e5e830 in 36,324,443,339 id 220(NotificationLayer.infinite_26.line4)
2026-06-04T12:09:18.316Z [L0]: 6/4 [0]12:09:17.411 D/CLayout SBEngine: Creating object 0x81e5e864 in 36,324,275,483 id 221(NotificationLayer.infinite_26.content_image5)
2026-06-04T12:09:18.317Z [L0]: 6/4 [0]12:09:17.412 D/CLayout SBEngine: Creating object 0x81e5e898 in 36,161,443,196 id 222(NotificationLayer.infinite_26.content5)
2026-06-04T12:09:18.318Z [L0]: 6/4 [0]12:09:17.412 D/CLayout SBEngine: Creating object 0x81e5e8cc in 36,324,443,339 id 223(NotificationLayer.infinite_26.line5)
2026-06-04T12:09:18.319Z [L0]: 6/4 [0]12:09:17.412 D/CLayout SBEngine: Creating object 0x81e5e900 in 36,324,275,483 id 224(NotificationLayer.infinite_26.content_image6)
2026-06-04T12:09:18.321Z [L0]: 6/4 [0]12:09:17.413 D/CLayout SBEngine: Creating object 0x81e5e934 in 36,161,443,196 id 225(NotificationLayer.infinite_26.content6)
2026-06-04T12:09:18.322Z [L0]: 6/4 [0]12:09:17.413 D/CLayout SBEngine: Creating object 0x81e5e968 in 22,242,429,319 id 226(NotificationLayer.infinite_26.textBtn)
2026-06-04T12:09:18.323Z [L0]: 6/4 [0]12:09:17.413 D/CLayout SBEngine: Creating render 0x81e5e99c in 14,4,380,63 id 227(NotificationLayer.infinite_26.textBtn:0)
2026-06-04T12:09:18.324Z [L0]: 6/4 [0]12:09:17.413 D/CLayout SBEngine: Creating render 0x81e5e9d0 in 367,18,398,49 id 228(NotificationLayer.infinite_26.textBtn:1)
2026-06-04T12:09:18.325Z [L0]: 6/4 [0]12:09:17.413 D/CLayout SBEngine: Creating object 0x81e5ea04 in 418,242,457,281 id 229(NotificationLayer.infinite_26.icon_top)
2026-06-04T12:09:18.326Z [L0]: 6/4 [0]12:09:17.414 D/CLayout SBEngine: Creating object 0x81e5ea38 in 22,0,457,232 id 230(NotificationLayer.infinite_26.notif_bg_color)
2026-06-04T12:09:18.328Z [L0]: 6/4 [0]12:09:17.415 D/CLayout SBEngine: Creating object 0x81e5ea6c in 22,0,457,279 id 231(NotificationLayer.infinite_26.touch_select)
2026-06-04T12:09:18.329Z [L0]: 6/4 [0]12:09:17.415 D/NOTFWG SBEngine: [addLayoutBranch] add branch NotificationLayer.infinite_26 -2117800828 
2026-06-04T12:09:18.330Z [L0]: 6/4 [0]12:09:17.416 D/CLayout SBEngine: Load layer list_layer
2026-06-04T12:09:18.332Z [L0]: 6/4 [0]12:09:17.417 D/CLayout SBEngine: Creating object 0x81e5eaa0 in 0,800,493,1039 id 201(NotificationLayer.infinite_27)
2026-06-04T12:09:18.333Z [L0]: 6/4 [0]12:09:17.417 D/CLayout SBEngine: Creating object 0x81e5ead4 in 22,0,471,239 id 202(null)
2026-06-04T12:09:18.334Z [L0]: 6/4 [0]12:09:17.418 D/CLayout SBEngine: Creating object 0x81e5eb08 in 36,14,443,58 id 203(NotificationLayer.infinite_27.title)
2026-06-04T12:09:18.335Z [L0]: 6/4 [0]12:09:17.418 D/CLayout SBEngine: Creating object 0x81e5eb3c in 36,14,515,53 id 204(NotificationLayer.infinite_27.time)
2026-06-04T12:09:18.337Z [L0]: 6/4 [0]12:09:17.419 D/CLayout SBEngine: Creating object 0x81e5eb70 in 36,194,443,229 id 205(NotificationLayer.infinite_27.second_title)
2026-06-04T12:09:18.338Z [L0]: 6/4 [0]12:09:17.419 D/CLayout SBEngine: Creating object 0x81e5eba4 in 36,324,275,483 id 206(NotificationLayer.infinite_27.content_image)
2026-06-04T12:09:18.339Z [L0]: 6/4 [0]12:09:17.420 D/CLayout SBEngine: Creating object 0x81e5ebd8 in 36,161,443,196 id 207(NotificationLayer.infinite_27.content)
2026-06-04T12:09:18.341Z [L0]: 6/4 [0]12:09:17.420 D/CLayout SBEngine: Creating object 0x81e5ec0c in 36,324,443,339 id 208(NotificationLayer.infinite_27.line)
2026-06-04T12:09:18.342Z [L0]: 6/4 [0]12:09:17.420 D/CLayout SBEngine: Creating object 0x81e5ec40 in 36,324,275,483 id 209(NotificationLayer.infinite_27.content_image1)
2026-06-04T12:09:18.344Z [L0]: 6/4 [0]12:09:17.420 D/CLayout SBEngine: Creating object 0x81e5ec74 in 36,161,443,196 id 210(NotificationLayer.infinite_27.content1)
2026-06-04T12:09:18.345Z [L0]: 6/4 [0]12:09:17.420 D/CLayout SBEngine: Creating object 0x81e5eca8 in 36,324,443,339 id 211(NotificationLayer.infinite_27.line1)
2026-06-04T12:09:18.347Z [L0]: 6/4 [0]12:09:17.421 D/CLayout SBEngine: Creating object 0x81e5ecdc in 36,324,275,483 id 212(NotificationLayer.infinite_27.content_image2)
2026-06-04T12:09:18.348Z [L0]: 6/4 [0]12:09:17.421 D/CLayout SBEngine: Creating object 0x81e5ed10 in 36,161,443,196 id 213(NotificationLayer.infinite_27.content2)
2026-06-04T12:09:18.350Z [L0]: 6/4 [0]12:09:17.421 D/CLayout SBEngine: Creating object 0x81e5ed44 in 36,324,443,339 id 214(NotificationLayer.infinite_27.line2)
2026-06-04T12:09:18.351Z [L0]: 6/4 [0]12:09:17.421 D/CLayout SBEngine: Creating object 0x81e5ed78 in 36,324,275,483 id 215(NotificationLayer.infinite_27.content_image3)
2026-06-04T12:09:18.352Z [L0]: 6/4 [0]12:09:17.421 D/CLayout SBEngine: Creating object 0x81e5edac in 36,161,443,196 id 216(NotificationLayer.infinite_27.content3)
2026-06-04T12:09:18.353Z [L0]: 6/4 [0]12:09:17.423 D/CLayout SBEngine: Creating object 0x81e5ede0 in 36,324,443,339 id 217(NotificationLayer.infinite_27.line3)
2026-06-04T12:09:18.354Z [L0]: 6/4 [0]12:09:17.423 D/CLayout SBEngine: Creating object 0x81e5ee14 in 36,324,275,483 id 218(NotificationLayer.infinite_27.content_image4)
2026-06-04T12:09:18.355Z [L0]: 6/4 [0]12:09:17.423 D/CLayout SBEngine: Creating object 0x81e5ee48 in 36,161,443,196 id 219(NotificationLayer.infinite_27.content4)
2026-06-04T12:09:18.357Z [L0]: 6/4 [0]12:09:17.423 D/CLayout SBEngine: Creating object 0x81e5ee7c in 36,324,443,339 id 220(NotificationLayer.infinite_27.line4)
2026-06-04T12:09:18.358Z [L0]: 6/4 [0]12:09:17.423 D/CLayout SBEngine: Creating object 0x81e5eeb0 in 36,324,275,483 id 221(NotificationLayer.infinite_27.content_image5)
2026-06-04T12:09:18.359Z [L0]: 6/4 [0]12:09:17.424 D/CLayout SBEngine: Creating object 0x81e5eee4 in 36,161,443,196 id 222(NotificationLayer.infinite_27.content5)
2026-06-04T12:09:18.360Z [L0]: 6/4 [0]12:09:17.424 D/CLayout SBEngine: Creating object 0x81e5ef18 in 36,324,443,339 id 223(NotificationLayer.infinite_27.line5)
2026-06-04T12:09:18.361Z [L0]: 6/4 [0]12:09:17.424 D/CLayout SBEngine: Creating object 0x81e5ef4c in 36,324,275,483 id 224(NotificationLayer.infinite_27.content_image6)
2026-06-04T12:09:18.363Z [L0]: 6/4 [0]12:09:17.425 D/CLayout SBEngine: Creating object 0x81e5ef80 in 36,161,443,196 id 225(NotificationLayer.infinite_27.content6)
2026-06-04T12:09:18.364Z [L0]: 6/4 [0]12:09:17.426 D/CLayout SBEngine: Creating object 0x81e5efb4 in 22,242,429,319 id 226(NotificationLayer.infinite_27.textBtn)
2026-06-04T12:09:18.365Z [L0]: 6/4 [0]12:09:17.426 D/CLayout SBEngine: Creating render 0x81e5efe8 in 14,4,380,63 id 227(NotificationLayer.infinite_27.textBtn:0)
2026-06-04T12:09:18.367Z [L0]: 6/4 [0]12:09:17.426 D/CLayout SBEngine: Creating render 0x81e5f01c in 367,18,398,49 id 228(NotificationLayer.infinite_27.textBtn:1)
2026-06-04T12:09:18.368Z [L0]: 6/4 [0]12:09:17.428 D/js_fs_common wbs_proc_poll: fs_mkdir /storage/data/js_apps/tmp/assets/animations/calf
2026-06-04T12:09:18.370Z [L0]: 6/4 [0]12:09:17.428 D/CLayout SBEngine: Creating object 0x81e5f050 in 418,242,457,281 id 229(NotificationLayer.infinite_27.icon_top)
2026-06-04T12:09:18.372Z [L0]: 6/4 [0]12:09:17.428 D/CLayout SBEngine: Creating object 0x81e5f084 in 22,0,457,232 id 230(NotificationLayer.infinite_27.notif_bg_color)
2026-06-04T12:09:18.374Z [L0]: 6/4 [0]12:09:17.428 D/CLayout SBEngine: Creating object 0x81e5f0b8 in 22,0,457,279 id 231(NotificationLayer.infinite_27.touch_select)
2026-06-04T12:09:18.375Z [L0]: 6/4 [0]12:09:17.429 D/NOTFWG SBEngine: [addLayoutBranch] add branch NotificationLayer.infinite_27 -2115638624 
2026-06-04T12:09:18.377Z [L0]: 6/4 [0]12:09:17.429 I/MList SBEngine: itemInitItem update item eid:0
2026-06-04T12:09:18.379Z [L0]: 6/4 [0]12:09:17.429 W/NOTFWG SBEngine: settingList_updateItem error 0
2026-06-04T12:09:18.380Z [L0]: 6/4 [0]12:09:17.432 I/MList SBEngine: itemInitItem update item eid:1
2026-06-04T12:09:18.382Z [L0]: 6/4 [0]12:09:17.432 W/NOTFWG SBEngine: settingList_updateItem idx=1,itemGroupPath=NotificationLayer.item_1,itemLevel=0,itemidx=1
2026-06-04T12:09:18.383Z [L0]: 6/4 [0]12:09:17.432 I/MList SBEngine: relayout2 updateByAnchor: lv 0,idx 0, y 0,h 101
2026-06-04T12:09:18.384Z [L0]: 6/4 [0]12:09:17.433 I/MList SBEngine: lv 0,idx 1,y 132,h 110,eid:1
2026-06-04T12:09:18.386Z [L0]: 6/4 [0]12:09:17.433 I/MList SBEngine: objLayout lv 0,idx 1, y 132,h 110, eid:1 path:item_1,visible:1 CanMovex: 0
2026-06-04T12:09:18.386Z [L0]: 6/4 [0]12:09:17.433 I/MList SBEngine: relayout2 finished
2026-06-04T12:09:18.388Z [L0]: 6/4 [0]12:09:17.436 W/NOTFWG SBEngine: [setFocusItemDetailToFlow] No valid list item
2026-06-04T12:09:18.389Z [L0]: 6/4 [0]12:09:17.437 I/MListFocus SBEngine: mList_bgMode_showFocus user set 1 true
2026-06-04T12:09:18.391Z [L0]: 6/4 [0]12:09:17.440 D/js_fs_common wbs_proc_poll: fs_mkdir /storage/data/js_apps/tmp/assets/animations/bicep
2026-06-04T12:09:18.392Z [L0]: 6/4 [0]12:09:17.441 W/NOTFWG SBEngine: =======setNotificationInfo all_item=0
2026-06-04T12:09:18.393Z [L0]: 6/4 [0]12:09:17.442 W/NOTFWG SBEngine: =======setNotificationInfo all_item=0
2026-06-04T12:09:18.395Z [L0]: 6/4 [0]12:09:17.442 I/LANCH SBEngine: launcherSetScrollDisable g_launcher_scroll_disable = 0
2026-06-04T12:09:18.396Z [L0]: 6/4 [0]12:09:17.443 D/LANCH SBEngine: launcher onScreenResume
2026-06-04T12:09:18.398Z [L0]: 6/4 [0]12:09:17.444 D/CLayout SBEngine: >>gr_notify_callback_context event=gre.screenhide.post from LauncherScreen to JsApp4_Screen
2026-06-04T12:09:18.399Z [L0]: 6/4 [0]12:09:17.444 D/sb_screen_adapter SBEngine: onSBScreenPostDestory JsApp4_Screen
2026-06-04T12:09:18.401Z [L0]: 6/4 [0]12:09:17.445 I/js_view SBEngine: onScreenPostDestory screenContext 0x81e3fefc
2026-06-04T12:09:18.402Z [L0]: 6/4 [0]12:09:17.445 I/js_view SBEngine: js_get_app_screen_ctx: found screen(JsApp4_Screen)
2026-06-04T12:09:18.404Z [L0]: 6/4 [0]12:09:17.445 I/js_rt_screen_app SBEngine: [js_screen_app_on_destroy] destory_app 1 rt_cell->pcid 400000001
2026-06-04T12:09:18.405Z [L0]: 6/4 [0]12:09:17.445 I/js_runtime SBEngine: malloc_size:1209556 before destory page
2026-06-04T12:09:18.407Z [L0]: 6/4 [0]12:09:17.445 I/jsRtApkMng SBEngine: js_rt_DestoryContiner: pcid(400000001)
2026-06-04T12:09:18.408Z [L0]: 6/4 [0]12:09:17.447 D/jsRtApkMng SBEngine: switch_currentApp: same pid: 4 (appid 0010C8D9)
2026-06-04T12:09:18.409Z [L0]: 6/4 [0]12:09:17.447 D/js_timer SBEngine: _timer_on_destroy pcid(400000001)
2026-06-04T12:09:18.411Z [L0]: 6/4 [0]12:09:17.447 D/JsMsgBus SBEngine: _on_rt_destroy pcid: 400000001
2026-06-04T12:09:18.412Z [L0]: 6/4 [0]12:09:17.447 D/JS_SETTING SBEngine: _onAppDestroyed pcid(400000001)
2026-06-04T12:09:18.413Z [L0]: 6/4 [0]12:09:17.447 D/js_ui SBEngine: js_delete_widget2 name:JsTemplate.image, id:123
2026-06-04T12:09:18.415Z [L0]: 6/4 [0]12:09:17.449 D/js_ui SBEngine: js_delete_widget2 name:JsTemplate.text, id:124
2026-06-04T12:09:18.416Z [L0]: 6/4 [0]12:09:17.451 D/js_fs_common wbs_proc_poll: fs_mkdir /storage/data/js_apps/tmp/assets/animations/backtwist
2026-06-04T12:09:18.417Z [L0]: 6/4 [0]12:09:17.451 D/js_ui SBEngine: js_delete_widget2 name:JsTemplate.text, id:125
2026-06-04T12:09:18.418Z [L0]: 6/4 [0]12:09:17.452 D/js_ui SBEngine: js_delete_widget2 name:JsTemplate.image, id:126
2026-06-04T12:09:18.419Z [L0]: 6/4 [0]12:09:17.452 D/js_ui SBEngine: js_delete_widget2 name:JsTemplate.image, id:127
2026-06-04T12:09:18.420Z [L0]: 6/4 [0]12:09:17.452 D/js_ui SBEngine: js_delete_widget2 name:JsTemplate.image, id:128
2026-06-04T12:09:18.422Z [L0]: 6/4 [0]12:09:17.452 D/js_ui SBEngine: js_delete_widget2 name:JsTemplate.text, id:129
2026-06-04T12:09:18.423Z [L0]: 6/4 [0]12:09:17.453 D/js_ui SBEngine: js_delete_widget2 name:JsTemplate.group, id:122
2026-06-04T12:09:18.424Z [L0]: 6/4 [0]12:09:17.453 D/JS_BLEFT SBEngine: _file_transfer_destroy pcid(400000001)
2026-06-04T12:09:18.426Z [L0]: 6/4 [0]12:09:17.453 D/jsMedia SBEngine: js_media_destory pcid(400000001)
2026-06-04T12:09:18.427Z [L0]: 6/4 [0]12:09:17.453 D/JsSysApi SBEngine: _onJsAppDestroy pcid(400000001)
2026-06-04T12:09:18.429Z [L0]: 6/4 [0]12:09:17.453 D/JsOnlineVAD SBEngine: _onJsAppDestroy pcid(400000001)
2026-06-04T12:09:18.430Z [L0]: 6/4 [0]12:09:17.456 I/jsRtApkMng SBEngine: js_rt_DestoryApp: pcid(400000001)
2026-06-04T12:09:18.431Z [L0]: 6/4 [0]12:09:17.456 D/jsRtApkMng SBEngine: switch_currentApp: same pid: 4 (appid 0010C8D9)
2026-06-04T12:09:18.433Z [L0]: 6/4 [0]12:09:17.456 D/js_rt_app SBEngine: runAppFunc: run App: onDestory
2026-06-04T12:09:18.434Z [L0]: 6/4 [0]12:09:17.457 D/js_rt_app SBEngine: runAppFunc: run App: onDestroy
2026-06-04T12:09:18.435Z [L0]: 6/4 [0]12:09:17.458 D/jsRtApkMng SBEngine: [js_rt_pcid_set] 400000001 -> 400000000
2026-06-04T12:09:18.436Z [L0]: 6/4 [0]12:09:17.459 D/jsMmStat SBEngine: [js_mm_stat_ctx_set] pcid: 400000001 -> 400000000
2026-06-04T12:09:18.437Z [L0]: 6/4 [0]12:09:17.459 D/jsMmStat SBEngine: get_mid found mid 0
2026-06-04T12:09:18.439Z [L0]: 6/4 [0]12:09:17.459 I/quickjs-libc SBEngine: app on destroy invoke 
2026-06-04T12:09:18.441Z [L0]: 6/4 [0]12:09:17.460 D/js_timer SBEngine: _timer_on_destroy pcid(400000000)
2026-06-04T12:09:18.441Z [L0]: 6/4 [0]12:09:17.460 D/JsMsgBus SBEngine: _on_rt_destroy pcid: 400000000
2026-06-04T12:09:18.443Z [L0]: 6/4 [0]12:09:17.461 W/jsapp_sp SBEngine: [js_app_srv_wf_get_node] not found for appid[0010c8d9]
2026-06-04T12:09:18.444Z [L0]: 6/4 [0]12:09:17.462 D/JS_SETTING SBEngine: _onAppDestroyed pcid(400000000)
2026-06-04T12:09:18.445Z [L0]: 6/4 [0]12:09:17.462 D/js_ui SBEngine: js_widget_destroy_class_proto JsTemplate.group
2026-06-04T12:09:18.447Z [L0]: 6/4 [0]12:09:17.462 D/js_ui SBEngine: js_widget_destroy_class_proto JsTemplate.text
2026-06-04T12:09:18.449Z [L0]: 6/4 [0]12:09:17.462 D/JS_BLEFT SBEngine: _file_transfer_destroy pcid(400000000)
2026-06-04T12:09:18.450Z [L0]: 6/4 [0]12:09:17.462 D/jsMedia SBEngine: js_media_destory pcid(400000000)
2026-06-04T12:09:18.452Z [L0]: 6/4 [0]12:09:17.462 D/JsSysApi SBEngine: _onJsAppDestroy pcid(400000000)
2026-06-04T12:09:18.453Z [L0]: 6/4 [0]12:09:17.463 D/JsOnlineVAD SBEngine: _onJsAppDestroy pcid(400000000)
2026-06-04T12:09:18.455Z [L0]: 6/4 [0]12:09:17.465 D/js_fs_common wbs_proc_poll: fs_mkdir /storage/data/js_apps/tmp/assets/animations/armcircle
2026-06-04T12:09:18.456Z [L0]: 6/4 [0]12:09:17.465 I/jsRtApkMng SBEngine: switch_currentApp: reset to pid: 2 (appid 2DFF)
2026-06-04T12:09:18.458Z [L0]: 6/4 [0]12:09:17.465 D/jsMmStat SBEngine: [js_mm_stat_ctx_set] pcid: 400000000 -> 200000001
2026-06-04T12:09:18.459Z [L0]: 6/4 [0]12:09:17.465 I/js_runtime SBEngine: malloc_size:1189004 after destory app
2026-06-04T12:09:18.469Z [L0]: 6/4 [0]12:09:17.465 D/js_rt_screen_common SBEngine: js_screen_destory_app: run GC6/4 [0]12:09:17.482 D/js_fs_common wbs_proc_poll: fs_mkdir /storage/data/js_apps/tmp/assets/animations/ankle
2026-06-04T12:09:18.471Z [L0]: 6/4 [0]12:09:17.486 I/js_runtime SBEngine: malloc_size:1163208 after destory page
2026-06-04T12:09:18.472Z [L0]: 6/4 [0]12:09:17.486 D/jsRtApkMng SBEngine: js_rt_get_appid: app_p is NULL, pcid(400000000)
2026-06-04T12:09:18.474Z [L0]: 6/4 [0]12:09:17.486 D/jsMmStat SBEngine: _mm_check_running appid 1099993 pid 4 stopped!
2026-06-04T12:09:18.475Z [L0]: 6/4 [0]12:09:17.486 I/jsMmStat SBEngine: [0] appid:00002DFF pid:  2 count:  786 total:  56876 peak:  65916 bytes
2026-06-04T12:09:18.477Z [L0]: 6/4 [0]12:09:17.487 I/jsMmStat SBEngine: [0] appid:00000001 pid:  0 count:17249 total:1087680 peak:1410148 bytes
2026-06-04T12:09:18.478Z [L0]: 6/4 [0]12:09:17.487 I/js_rt_screen_app SBEngine: _release_layer cell_p 0x80043003 release JsAppEmpty4 , type 5
2026-06-04T12:09:18.479Z [L0]: 6/4 [0]12:09:17.487 I/js_rt_screen_app SBEngine: [js_screen_app_on_destroy] destorying app, current cell is set to NULL
2026-06-04T12:09:18.480Z [L0]: 6/4 [0]12:09:17.487 D/CLayout SBEngine: context 2 destruction complete!
2026-06-04T12:09:18.482Z [L0]: 6/4 [0]12:09:17.489 I/js_view SBEngine: onScreenPostDestory screen JsApp4_Screen detach layer JsAppEmpty4
2026-06-04T12:09:18.483Z [L0]: 6/4 [0]12:09:17.489 I/js_view SBEngine: onScreenPostDestory end
2026-06-04T12:09:18.485Z [L0]: 6/4 [0]12:09:17.489 D/CLayout SBEngine: context 1 destruction complete!
2026-06-04T12:09:18.487Z [L0]: 6/4 [0]12:09:17.494 I/JS_app_install wbs_proc_poll: js_install2jsapk: /storage/upload/0010C8D9.zip unpack success
2026-06-04T12:09:18.488Z [L0]: 6/4 [0]12:09:17.494 I/JS_JSON wbs_proc_poll: app_parse: /storage/data/js_apps/tmp/app.json parsing...
2026-06-04T12:09:18.490Z [L0]: 6/4 [0]12:09:17.494 D/js_fs_common wbs_proc_poll: js_read_file: file: /storage/data/js_apps/tmp/app.json
2026-06-04T12:09:18.492Z [L0]: 6/4 [0]12:09:17.495 I/JS_JSON wbs_proc_poll: app_parse_v1: appId:1099993 name:StretchCoach, type:app, v_code:2, v_name:1.0.1 vensor:zepp, desc:Stretch coach for post-workout recovery
2026-06-04T12:09:18.493Z [L0]: 6/4 [0]12:09:17.495 E/JS_JSON wbs_proc_poll: EC=006310 js_plugin_info_parse: no data-widget
2026-06-04T12:09:18.494Z [L0]: 6/4 [0]12:09:17.495 I/JS_JSON wbs_proc_poll: app_parse_en_name en_name is StretchCoach
2026-06-04T12:09:18.496Z [L0]: 6/4 [0]12:09:17.496 I/JS_app_manager wbs_proc_poll: [js_api_version_match]str_app_min 3.0, app_min 300 , fw_min 402
2026-06-04T12:09:18.498Z [L0]: 6/4 [0]12:09:17.497 I/js_fs_common wbs_proc_poll: js_deldir, path:/storage/data/js_apps/0010C8D9.old ret:0
2026-06-04T12:09:18.499Z [L0]: 6/4 [0]12:09:17.497 I/JS_app_install wbs_proc_poll: js_mvapp2jsapp install app(StretchCoach-/storage/data/js_apps/0010C8D9) to js_app success
2026-06-04T12:09:18.501Z [L0]: 6/4 [0]12:09:17.497 I/JS_app_install wbs_proc_poll: js_install2jsapk: js_app install success
2026-06-04T12:09:18.503Z [L0]: 6/4 [0]12:09:17.498 I/JS_app_manager wbs_proc_poll: _on_apk_changed apk_type:0 flag:2 appid:1099993
2026-06-04T12:09:18.504Z [L0]: 6/4 [0]12:09:17.498 I/js_manager_event wbs_proc_poll: [_onApkListChanged] appId: 0x10c8d9  flag:2 called
2026-06-04T12:09:18.505Z [L0]: 6/4 [0]12:09:17.498 I/JsAppService wbs_proc_poll: _on_apk_change flag 2 appid(0010C8D9)
2026-06-04T12:09:18.507Z [L0]: 6/4 [0]12:09:17.498 D/JsAppService wbs_proc_poll: [_clear_timeout] 0x81e422a4
2026-06-04T12:09:18.509Z [L0]: 6/4 [0]12:09:17.499 D/JsAppService wbs_proc_poll: [_create_timeout] timer: 0x81e93e08 ms: 3000
2026-06-04T12:09:18.510Z [L0]: 6/4 [0]12:09:17.499 I/js_init wbs_proc_poll: _app_change_cb flag=2 appid=1099993 
2026-06-04T12:09:18.510Z [L0]: 6/4 [0]12:09:17.499 I/js_init wbs_proc_poll: _app_change_cb process in ui thread ...
2026-06-04T12:09:18.512Z [L0]: 6/4 [0]12:09:17.499 I/JS_app_manager wbs_proc_poll: js_appm_install: id:10C8D9 root_path:/storage/data/js_apps, app_path:0010C8D9
2026-06-04T12:09:18.514Z [L0]: 6/4 [0]12:09:17.502 I/websocketApp wbs_proc_poll: Webserver recv payload length 43
2026-06-04T12:09:18.515Z [L0]: sim_ws_prtcl_parse OK!
2026-06-04T12:09:18.516Z [L0]: 6/4 [0]12:09:17.502 I/JS_app_manager wbs_proc_poll: [js_api_version_match]str_app_min 3.0, app_min 300 , fw_min 402
2026-06-04T12:09:18.518Z [L0]: 6/4 [0]12:09:17.502 E/jsRtApkMng wbs_proc_poll: js_rt_get_ctx: app not found! pcid(ffffffffffffffff)
2026-06-04T12:09:18.520Z [L0]: 6/4 [0]12:09:17.502 D/js_rt_screen_app wbs_proc_poll: JsApp4_Screen not on stack! 0
2026-06-04T12:09:18.522Z [L0]: 6/4 [0]12:09:17.502 D/js_rt_screen_app wbs_proc_poll: [request_rt_cell] JsApp6_Screen
2026-06-04T12:09:18.523Z [L0]: 6/4 [0]12:09:17.503 D/js_rt_screen_common wbs_proc_poll: [js_screen_new_data] cell name: JsApp6_Screen, launch_arg { type:0, pcid:FFFFFFFFFFFFFFFF, appid:1099993 }
2026-06-04T12:09:18.524Z [L0]: 6/4 [0]12:09:17.503 D/js_rt_screen_common wbs_proc_poll: [js_screen_new_data] more launch_arg { file:page/home/home, arg_len:0 }
2026-06-04T12:09:18.526Z [L0]: 6/4 [0]12:09:17.503 I/SB wbs_proc_poll: gre_animation_create_tween: tween default_screen_enter already exist.
2026-06-04T12:09:18.528Z [L0]: 6/4 [0]12:09:17.503 I/SB wbs_proc_poll: gre_animation_create_tween: tween default_screen_exit already exist.
2026-06-04T12:09:18.529Z [L0]: 6/4 [0]12:09:17.503 I/js_rt_screen_app wbs_proc_poll: js_screen_app_lanuch2 start screen by flag 0 
2026-06-04T12:09:18.530Z [L0]: 6/4 [0]12:09:17.504 I/screen_manager wbs_proc_poll: startScreen JsApp6_Screen flag 0 state 1
2026-06-04T12:09:18.532Z [L0]: 6/4 [0]12:09:17.524 I/SB SBEngine: stop deletion list timer.
2026-06-04T12:09:18.533Z [L0]: 6/4 [0]12:09:17.525 I/SysLock SBEngine: this is system lock
2026-06-04T12:09:18.535Z [L0]: 6/4 [0]12:09:17.525 I/SysLock SBEngine: this is system lock
2026-06-04T12:09:18.536Z [L0]: 6/4 [0]12:09:17.526 I/JS_app_manager SBEngine: [_apk_unload] unload images: /storage/data/js_apps/0010C8D9
2026-06-04T12:09:18.538Z [L0]: 6/4 [0]12:09:17.526 I/js_manager_event SBEngine: appid:0x0010C8D9, Permission[0]:device:os.local_storage
2026-06-04T12:09:18.539Z [L0]: 6/4 [0]12:09:17.526 I/js_manager_event SBEngine: appid:0x0010C8D9, Permission[1]:data:os.device.info
2026-06-04T12:09:18.541Z [L0]: 6/4 [0]12:09:17.526 I/js_manager_event SBEngine: appid:0x0010C8D9, Permission[2]:data:user.hd.workout
2026-06-04T12:09:18.542Z [L0]: 6/4 [0]12:09:17.527 I/JsPermission SBEngine: _on_apk_change flag 2 appid(0010C8D9)
2026-06-04T12:09:18.544Z [L0]: 6/4 [0]12:09:17.527 I/amPERMSN SBEngine: amUpdateStaticPermission for 1099993 , count 3
2026-06-04T12:09:18.546Z [L0]: 6/4 [0]12:09:17.527 D/Sharedp SBEngine: Sharedp_open: open hm_appmgr succeeded SHAREDP_ERROR_NONE!
2026-06-04T12:09:18.547Z [L0]: 6/4 [0]12:09:17.528 I/SASVC SBEngine: js app change type 2 id 1099993
2026-06-04T12:09:18.548Z [L0]: 6/4 [0]12:09:17.528 I/SASVC SBEngine: jsCardChangeProcess flag=2 appid=1099993
2026-06-04T12:09:18.550Z [L0]: 6/4 [0]12:09:17.528 I/ApplistService SBEngine: js app change type 2 id 1099993
2026-06-04T12:09:18.551Z [L0]: 6/4 [0]12:09:17.528 I/Set_Srv SBEngine: settingsSrv_jsAppChanged js app change type 2 id 1099993
2026-06-04T12:09:18.553Z [L0]: 6/4 [0]12:09:17.529 I/js_init SBEngine: _app_change_process flag=2 appid=1099993 
2026-06-04T12:09:18.554Z [L0]: 6/4 [0]12:09:17.529 I/screen_manager SBEngine: startScreen JsApp6_Screen flag 0 state 1
2026-06-04T12:09:18.555Z [L0]: 6/4 [0]12:09:17.529 I/screen_manager SBEngine: JsApp6_Screen abort for pending screen
2026-06-04T12:09:18.557Z [L0]: 6/4 [0]12:09:17.529 I/screen_manager SBEngine: new pending JsApp6_Screen
2026-06-04T12:09:18.558Z [L0]: 6/4 [0]12:09:17.529 D/CLayout SBEngine: >>gr_notify_callback_context event=gre.screenshow.pre from LauncherScreen to JsApp5_Screen
2026-06-04T12:09:18.559Z [L0]: 6/4 [0]12:09:17.530 D/sb_screen_adapter SBEngine: onSBScreenPreCreate JsApp5_Screen
2026-06-04T12:09:18.560Z [L0]: 6/4 [0]12:09:17.530 D/CLayout SBEngine: [_load_file_to_memory] stat '/storage/system/resources/styles/JsApp5_Screen.bstyle' failed!
2026-06-04T12:09:18.562Z [L0]: 6/4 [0]12:09:17.530 I/js_view SBEngine: onScreenPreCreate start, screenContext 0x81d5cb70
2026-06-04T12:09:18.563Z [L0]: 6/4 [0]12:09:17.530 I/js_view SBEngine: js_get_app_screen_ctx: found screen(JsApp5_Screen)
2026-06-04T12:09:18.565Z [L0]: 6/4 [0]12:09:17.531 I/js_rt_screen_app SBEngine: _get_layer_name allocate JsAppEmpty5, type 5
2026-06-04T12:09:18.566Z [L0]: 6/4 [0]12:09:17.531 I/js_view SBEngine: onScreenPreCreate screen[JsApp5_Screen] requeset new cntr context id[2]
2026-06-04T12:09:18.568Z [L0]: 6/4 [0]12:09:17.531 I/js_view SBEngine: onScreenPreCreate layer JsAppEmpty5 attach to screen JsApp5_Screen 
2026-06-04T12:09:18.569Z [L0]: 6/4 [0]12:09:17.531 I/js_rt_screen_app SBEngine: [js_screen_app_on_create] cell_p 0x8004303d current_cell->pcid ffffffffffffffff cell_p->arg->pcid 400000001
2026-06-04T12:09:18.571Z [L0]: 6/4 [0]12:09:17.532 I/js_rt_screen_app SBEngine: js_screen_app_on_create: pcid(FFFFFFFFFFFFFFFF), launch type(1) current_cell set to 0x80043034
2026-06-04T12:09:18.572Z [L0]: 6/4 [0]12:09:17.532 D/js_rt_screen SBEngine: js_set_working_rtcell cell 0x80043034
2026-06-04T12:09:18.573Z [L0]: 6/4 [0]12:09:17.532 W/js_rt_screen_common SBEngine: js_screen_run_continer: container type:0 pcid(400000001) from arg
2026-06-04T12:09:18.575Z [L0]: 6/4 [0]12:09:17.533 D/jsRtApkMng SBEngine: js_rt_get_appid: app_p is NULL, pcid(400000001)
2026-06-04T12:09:18.576Z [L0]: 6/4 [0]12:09:17.533 W/js_rt_screen_common SBEngine: js_screen_run_continer: restart appid(1099993)
2026-06-04T12:09:18.578Z [L0]: 6/4 [0]12:09:17.533 D/js_rt_screen SBEngine: js_set_working_rtcell cell 0x80043034
2026-06-04T12:09:18.579Z [L0]: 6/4 [0]12:09:17.533 I/js_runtime SBEngine: malloc_size:1163208 before load app
2026-06-04T12:09:18.580Z [L0]: 6/4 [0]12:09:17.533 D/jsMmStat SBEngine: get_mid found mid 1
2026-06-04T12:09:18.582Z [L0]: 6/4 [0]12:09:17.533 D/jsMmStat SBEngine: [js_mm_stat_ctx_set] pcid: 200000001 -> 0
2026-06-04T12:09:18.584Z [L0]: 6/4 [0]12:09:17.534 D/jsMmStat SBEngine: get_mid found mid 1
2026-06-04T12:09:18.585Z [L0]: 6/4 [0]12:09:17.534 D/js_timer SBEngine: _timer_on_init pcid(500000000)
2026-06-04T12:09:18.587Z [L0]: 6/4 [0]12:09:17.534 D/jsMmStat SBEngine: [js_mm_stat_ctx_set] pcid: 0 -> 500000000
2026-06-04T12:09:18.588Z [L0]: 6/4 [0]12:09:17.534 D/jsRtApkMng SBEngine: switch_currentApp: pid: 2 -> 5 (appid 10C8D9)
2026-06-04T12:09:18.590Z [L0]: 6/4 [0]12:09:17.534 I/jsRtApkMng SBEngine: [js_rt_loadApp2] path: /storage/data/js_apps/0010C8D9/app.js
2026-06-04T12:09:18.591Z [L0]: 6/4 [0]12:09:17.534 D/jsRtApkMng SBEngine: [js_rt_pcid_set] 400000000 -> 500000000
2026-06-04T12:09:18.593Z [L0]: 6/4 [0]12:09:17.535 I/js_native.h SBEngine: eval_buf path:/storage/data/js_apps/0010C8D9/app.js, eval_buff(1013)
2026-06-04T12:09:18.595Z [L0]: 6/4 [0]12:09:17.535 I/jsMmStat SBEngine: [mm_stat_node_new] add node, pid: 5
2026-06-04T12:09:18.597Z [L0]: 6/4 [0]12:09:17.535 D/jsMmStat SBEngine: get_mid alloc mid 0
2026-06-04T12:09:18.598Z [L0]: 6/4 [0]12:09:17.540 I/quickjs-libc SBEngine: current filepath: /app.js 
2026-06-04T12:09:18.599Z [L0]: 6/4 [0]12:09:17.544 D/JS_SETTING SBEngine: sim_get_config_path: config file: /storage/system/simulator_cfg.json
2026-06-04T12:09:18.600Z [L0]: 6/4 [0]12:09:17.544 D/js_fs_common SBEngine: js_read_file: file: /storage/system/simulator_cfg.json
2026-06-04T12:09:18.601Z [L0]: 6/4 [0]12:09:17.549 I/JS_FS SBEngine: js_fs_open2: /storage/data/js_apps/0010C8D9/assets/raw/locale/TID.btxt, fd:7, flags: 0
2026-06-04T12:09:18.603Z [L0]: 6/4 [0]12:09:17.549 I/JS_FS SBEngine: js_fs_close2 vfs_close fd:7 ret:0
2026-06-04T12:09:18.604Z [L0]: 6/4 [0]12:09:17.557 I/jsRtApkMng SBEngine: perf_resize 16
2026-06-04T12:09:18.605Z [L0]: 6/4 [0]12:09:17.558 D/jsRtApkMng SBEngine: perf_alloc 1/16
2026-06-04T12:09:18.607Z [L0]: 6/4 [0]12:09:17.558 D/jsRtApkMng SBEngine: perf_update evalTime 23 ms
2026-06-04T12:09:18.608Z [L0]: 6/4 [0]12:09:17.558 I/jsRtApkMng SBEngine: [js_rt_loadApp2] api-level: 300, pcid: 500000000
2026-06-04T12:09:18.610Z [L0]: 6/4 [0]12:09:17.558 D/js_rt_app SBEngine: runAppFunc: run App: onCreate
2026-06-04T12:09:18.611Z [L0]: 6/4 [0]12:09:17.558 I/quickjs-libc SBEngine: app on create invoke 
2026-06-04T12:09:18.613Z [L0]: 6/4 [0]12:09:17.559 D/jsRtApkMng SBEngine: perf_update createTime 1 ms
2026-06-04T12:09:18.614Z [L0]: 6/4 [0]12:09:17.559 I/js_runtime SBEngine: malloc_size:1185800 after load app
2026-06-04T12:09:18.616Z [L0]: 6/4 [0]12:09:17.559 I/js_runtime SBEngine: malloc_size:1185800 before load page
2026-06-04T12:09:18.618Z [L0]: 6/4 [0]12:09:17.559 D/jsRtApkMng SBEngine: js_rt_loadContiner: pcid(500000000) type:0 file:page/home/home
2026-06-04T12:09:18.619Z [L0]: 6/4 [0]12:09:17.559 W/PluginLst SBEngine: js_plugin_get_info: Warning: index 0 >= plugin count 0
2026-06-04T12:09:18.621Z [L0]: 6/4 [0]12:09:17.559 I/jsRtApkMng SBEngine: jsapp_check_keyboard(0x10c8d9) is 0  file:page/home/home
2026-06-04T12:09:18.622Z [L0]: 6/4 [0]12:09:17.560 D/js_timer SBEngine: _timer_on_init pcid(500000001)
2026-06-04T12:09:18.623Z [L0]: 6/4 [0]12:09:17.560 D/jsMmStat SBEngine: [js_mm_stat_ctx_set] pcid: 500000000 -> 500000001
2026-06-04T12:09:18.624Z [L0]: 6/4 [0]12:09:17.560 D/jsRtApkMng SBEngine: switch_currentApp: same pid: 5 (appid 0010C8D9)
2026-06-04T12:09:18.626Z [L0]: 6/4 [0]12:09:17.560 D/jsMmStat SBEngine: get_mid found mid 1
2026-06-04T12:09:18.627Z [L0]: 6/4 [0]12:09:17.560 I/jsMmStat SBEngine: [mm_stat_node_del] pid: 4
2026-06-04T12:09:18.628Z [L0]: 6/4 [0]12:09:17.561 D/jsRtApkMng SBEngine: switch_currentContainer: cid: 0 -> 1
2026-06-04T12:09:18.630Z [L0]: 6/4 [0]12:09:17.561 I/jsRtApkMng SBEngine: [js_rt_loadContiner2] path: /storage/data/js_apps/0010C8D9/page/home/home.js
2026-06-04T12:09:18.631Z [L0]: 6/4 [0]12:09:17.561 D/jsRtApkMng SBEngine: [js_rt_pcid_set] 500000000 -> 500000001
2026-06-04T12:09:18.633Z [L0]: 6/4 [0]12:09:17.561 I/js_native.h SBEngine: eval_buf path:/storage/data/js_apps/0010C8D9/page/home/home.js, eval_buff(7778)
2026-06-04T12:09:18.634Z [L0]: 6/4 [0]12:09:17.580 I/quickjs-libc SBEngine: current filepath: /page/home/home.js 
2026-06-04T12:09:18.635Z [L0]: 6/4 [0]12:09:17.589 I/amPERMSN SBEngine: amQueryPermissions get 3 permission authed.
2026-06-04T12:09:18.637Z [L0]: 6/4 [0]12:09:17.590 I/JS_FS SBEngine: js_fs_open2: /storage/data/js_apps/data/0010C8D9/__$$localstorage$$__, fd:7, flags: 0X40
2026-06-04T12:09:18.638Z [L0]: 6/4 [0]12:09:17.591 I/JS_FS SBEngine: js_fs_close2 vfs_close fd:7 ret:0
2026-06-04T12:09:18.641Z [L0]: 6/4 [0]12:09:17.595 D/jsRtApkMng SBEngine: perf_alloc 2/16
2026-06-04T12:09:18.642Z [L0]: 6/4 [0]12:09:17.595 D/jsRtApkMng SBEngine: perf_update evalTime 34 ms
2026-06-04T12:09:18.644Z [L0]: 6/4 [0]12:09:17.595 D/jsRtApkMng SBEngine: js_rt_loadContiner: succeed, appid(0010C8D9) pcid(500000001)
2026-06-04T12:09:18.646Z [L0]: 6/4 [0]12:09:17.596 D/js_rt_continer SBEngine: runContinerFunc: run Continer func: onInit
2026-06-04T12:09:18.647Z [L0]: 6/4 [0]12:09:17.596 D/jsRtApkMng SBEngine: perf_update initTime 0 ms
2026-06-04T12:09:18.648Z [L0]: 6/4 [0]12:09:17.596 D/js_rt_continer SBEngine: runContinerFunc: run Continer func: onDataRestore
2026-06-04T12:09:18.649Z [L0]: 6/4 [0]12:09:17.597 D/js_rt_continer SBEngine: runContinerFunc: run Continer func: build
2026-06-04T12:09:18.651Z [L0]: 6/4 [0]12:09:17.598 D/js_ui SBEngine: js_widget_setup_class_proto JsTemplate.group
2026-06-04T12:09:18.652Z [L0]: 6/4 [0]12:09:17.598 D/js_ui SBEngine: js_create_widget2 name:JsTemplate.group, id:130, widget JsAppEmpty5.jsw_130
2026-06-04T12:09:18.654Z [L0]: 6/4 [0]12:09:17.600 D/js_ui SBEngine: js_create_widget2 name:JsTemplate.image, id:131, widget JsAppEmpty5.jsw_130.jsw_131
2026-06-04T12:09:18.655Z [L0]: 6/4 [0]12:09:17.601 D/js_ui SBEngine: js_widget_setup_class_proto JsTemplate.text
2026-06-04T12:09:18.656Z [L0]: 6/4 [0]12:09:17.602 D/js_ui SBEngine: js_create_widget2 name:JsTemplate.text, id:132, widget JsAppEmpty5.jsw_130.jsw_132
2026-06-04T12:09:18.657Z [L0]: 6/4 [0]12:09:17.604 D/js_ui SBEngine: js_create_widget2 name:JsTemplate.text, id:133, widget JsAppEmpty5.jsw_130.jsw_133
2026-06-04T12:09:18.658Z [L0]: 6/4 [0]12:09:17.605 D/js_ui SBEngine: js_create_widget2 name:JsTemplate.image, id:134, widget JsAppEmpty5.jsw_130.jsw_134
2026-06-04T12:09:18.659Z [L0]: 6/4 [0]12:09:17.607 D/js_ui SBEngine: js_create_widget2 name:JsTemplate.image, id:135, widget JsAppEmpty5.jsw_130.jsw_135
2026-06-04T12:09:18.660Z [L0]: 6/4 [0]12:09:17.608 D/js_ui SBEngine: js_create_widget2 name:JsTemplate.image, id:136, widget JsAppEmpty5.jsw_130.jsw_136
2026-06-04T12:09:18.662Z [L0]: 6/4 [0]12:09:17.610 D/js_ui SBEngine: js_create_widget2 name:JsTemplate.text, id:137, widget JsAppEmpty5.jsw_130.jsw_137
2026-06-04T12:09:18.663Z [L0]: 6/4 [0]12:09:17.611 D/jsRtApkMng SBEngine: perf_update buildTime 15 ms
2026-06-04T12:09:18.664Z [L0]: 6/4 [0]12:09:17.611 I/js_runtime SBEngine: malloc_size:1209460 after load page
2026-06-04T12:09:18.666Z [L0]: 6/4 [0]12:09:17.611 I/js_view SBEngine: onScreenPreCreate end
2026-06-04T12:09:18.667Z [L0]: 6/4 [0]12:09:17.611 D/CLayout SBEngine: >>gr_notify_callback_context event=gre.screenhide.pre from JsApp5_Screen to LauncherScreen
2026-06-04T12:09:18.669Z [L0]: 6/4 [0]12:09:17.611 D/sb_screen_adapter SBEngine: onSBScreenPreDestory LauncherScreen
2026-06-04T12:09:18.670Z [L0]: 6/4 [0]12:09:17.611 D/wf_js_layer SBEngine: updateDataOnInactive start
2026-06-04T12:09:18.672Z [L0]: 6/4 [0]12:09:17.612 D/js_rt_screen_common SBEngine: js_screen_suspend_app: screen suspend. pcid(200000001)
2026-06-04T12:09:18.673Z [L0]: 6/4 [0]12:09:17.612 I/jsRtApkMng SBEngine: js_rt_SuspendApp: pcid(200000001)
2026-06-04T12:09:18.674Z [L0]: 6/4 [0]12:09:17.612 D/jsMmStat SBEngine: [js_mm_stat_ctx_set] pcid: 500000001 -> 200000001
2026-06-04T12:09:18.675Z [L0]: 6/4 [0]12:09:17.612 D/jsRtApkMng SBEngine: switch_currentApp: pid: 5 -> 2 (appid 2DFF)
2026-06-04T12:09:18.677Z [L0]: 6/4 [0]12:09:17.612 D/js_rt_continer SBEngine: runContinerFunc: run Continer func: onPause
2026-06-04T12:09:18.677Z [L0]: 6/4 [0]12:09:17.612 D/jsMmStat SBEngine: get_mid found mid 1
2026-06-04T12:09:18.679Z [L0]: 6/4 [0]12:09:17.613 D/jsRtApkMng SBEngine: [js_rt_pcid_set] 500000001 -> 200000001
2026-06-04T12:09:18.680Z [L0]: 6/4 [0]12:09:17.613 D/js_timer SBEngine: _timer_on_pause pcid(200000001)
2026-06-04T12:09:18.681Z [L0]: 6/4 [0]12:09:17.613 D/JS_SETTING SBEngine: js_setting_pause (200000001)
2026-06-04T12:09:18.683Z [L0]: 6/4 [0]12:09:17.614 I/wf_simluator_data SBEngine: StData_unregisterListner: use current thread
2026-06-04T12:09:18.684Z [L0]: 6/4 [0]12:09:17.614 I/wf_simluator_data SBEngine: listener[0x10166f85] un register successfully
2026-06-04T12:09:18.685Z [L0]: 6/4 [0]12:09:17.614 D/step_data_manager SBEngine: _un_regist unregist sensor server 
2026-06-04T12:09:18.687Z [L0]: 6/4 [0]12:09:17.614 I/wf_simluator_data SBEngine: StData_unregisterListner: use current thread
2026-06-04T12:09:18.688Z [L0]: 6/4 [0]12:09:17.614 I/wf_simluator_data SBEngine: listener[0x101689dd] un register successfully
2026-06-04T12:09:18.690Z [L0]: 6/4 [0]12:09:17.614 D/jswea SBEngine: _un_regist unregist sensor server 
2026-06-04T12:09:18.691Z [L0]: 6/4 [0]12:09:17.614 I/wf_simluator_data SBEngine: StData_unregisterListner: use current thread
2026-06-04T12:09:18.692Z [L0]: 6/4 [0]12:09:17.614 I/wf_simluator_data SBEngine: listener[0x1016a9b9] un register successfully
2026-06-04T12:09:18.693Z [L0]: 6/4 [0]12:09:17.615 D/battey_data_manager SBEngine: _un_regist unregist sensor server 
2026-06-04T12:09:18.695Z [L0]: 6/4 [0]12:09:17.615 I/wf_simluator_data SBEngine: StData_unregisterListner: use current thread
2026-06-04T12:09:18.696Z [L0]: 6/4 [0]12:09:17.615 I/wf_simluator_data SBEngine: listener[0x10163699] un register successfully
2026-06-04T12:09:18.697Z [L0]: 6/4 [0]12:09:17.615 D/calorie_data_manager SBEngine: _un_regist unregist sensor server 
2026-06-04T12:09:18.699Z [L0]: 6/4 [0]12:09:17.615 I/wf_simluator_data SBEngine: StData_unregisterListner: use current thread
2026-06-04T12:09:18.700Z [L0]: 6/4 [0]12:09:17.615 I/wf_simluator_data SBEngine: listener[0x10163d1d] un register successfully
2026-06-04T12:09:18.702Z [L0]: 6/4 [0]12:09:17.616 E/MessageManger SBEngine: error listener 0x10169dd1
2026-06-04T12:09:18.704Z [L0]: 6/4 [0]12:09:17.616 I/quickjs-libc SBEngine: ui pause 
2026-06-04T12:09:18.705Z [L0]: 6/4 [0]12:09:17.616 D/js_sensor SBEngine: _pause_resume_process: sensor id: 0
2026-06-04T12:09:18.707Z [L0]: 6/4 [0]12:09:17.616 I/SYS_STAT_PT SBEngine: System_unregisterSPListner: use current thread
2026-06-04T12:09:18.708Z [L0]: 6/4 [0]12:09:17.616 I/widget_time_image SBEngine: touch JSW_EO_TIME_UPDATE 1
2026-06-04T12:09:18.710Z [L0]: 6/4 [0]12:09:17.617 D/timer_data_manager SBEngine: _regist timeConfig.repeatTime 800
2026-06-04T12:09:18.711Z [L0]: 6/4 [0]12:09:17.617 E/MessageManger SBEngine: error listener 0x10169dd1
2026-06-04T12:09:18.713Z [L0]: 6/4 [0]12:09:17.617 D/wf_js_layer SBEngine: updateDataOnInactive end
2026-06-04T12:09:18.714Z [L0]: 6/4 [0]12:09:17.617 D/LANCH SBEngine: launcher onScreenPause
2026-06-04T12:09:18.716Z [L0]: 6/4 [0]12:09:17.617 D/LANCH SBEngine: launcher onScreenPreDestory
2026-06-04T12:09:18.717Z [L0]: 6/4 [0]12:09:17.618 I/SASSTWG SBEngine: [onContainerPreDestroy] enter
2026-06-04T12:09:18.719Z [L0]: 6/4 [0]12:09:17.618 I/SASSTWG SBEngine: g_smartIndexBuff is null or saved!!! func:saveSmartContainer LINE:1247
2026-06-04T12:09:18.720Z [L0]: 6/4 [0]12:09:17.618 I/SASSTWG SBEngine: [onContainerPreDestroy] end
2026-06-04T12:09:18.722Z [L0]: 6/4 [0]12:09:17.618 D/sb_screen_adapter SBEngine: OnDataSave LauncherScreen
2026-06-04T12:09:18.723Z [L0]: 6/4 [0]12:09:17.663 I/js_fs_common W_TASK: [_deldir_worker] deleting path: /storage/data/js_apps/0010C8D9.old.del
2026-06-04T12:09:19.017Z [L0]: 6/4 [0]12:09:18.230 I/quickjs-libc SBEngine: current filepath: /app.js 
2026-06-04T12:09:19.039Z [L0]: 6/4 [0]12:09:18.252 I/quickjs-libc SBEngine: app on create invoke 
2026-06-04T12:09:19.058Z [L0]: 6/4 [0]12:09:18.271 I/quickjs-libc SBEngine: current filepath: /page/home/home.js 
2026-06-04T12:09:19.797Z [L0]: 6/4 [0]12:09:19.010 I/quickjs-libc SBEngine: current filepath: /page/settings/settings.js 
2026-06-04T12:09:21.768Z [L0]: 6/4 [0]12:09:20.981 I/quickjs-libc SBEngine: app on destroy invoke 
2026-06-04T12:09:21.828Z [L0]: 6/4 [0]12:09:21.041 I/quickjs-libc SBEngine: current filepath: /page/home/home.js 
2026-06-04T12:09:21.863Z [L0]: 6/4 [0]12:09:21.076 I/quickjs-libc SBEngine: ui pause 
2026-06-04T12:09:24.442Z [L0]: 6/4 [0]12:09:23.485 D/CLayout SBEngine: Creating object 0x81d34bf0 in 36,79,443,137 id 9(NotificationLayer.infinite_6.title)
2026-06-04T12:09:24.443Z [L0]: 6/4 [0]12:09:23.486 D/CLayout SBEngine: Creating object 0x81d34c24 in 36,142,443,200 id 10(NotificationLayer.infinite_6.second_title)
2026-06-04T12:09:24.444Z [L0]: 6/4 [0]12:09:23.486 D/CLayout SBEngine: Creating object 0x81d34c58 in 36,205,443,281 id 11(NotificationLayer.infinite_6.analy_data)
2026-06-04T12:09:24.446Z [L0]: 6/4 [0]12:09:23.486 D/CLayout SBEngine: Creating object 0x81d34c8c in 36,286,443,344 id 12(NotificationLayer.infinite_6.content)
2026-06-04T12:09:24.447Z [L0]: 6/4 [0]12:09:23.486 D/CLayout SBEngine: Creating object 0x81d34cc0 in 36,349,443,409 id 13(NotificationLayer.infinite_6.count)
2026-06-04T12:09:24.448Z [L0]: 6/4 [0]12:09:23.486 D/CLayout SBEngine: Creating object 0x81d34cf4 in 418,384,457,423 id 14(NotificationLayer.infinite_6.icon_top)
2026-06-04T12:09:24.449Z [L0]: 6/4 [0]12:09:23.487 D/CLayout SBEngine: Creating object 0x81d34d28 in 22,0,457,423 id 15(NotificationLayer.infinite_6.notif_bg_color)
2026-06-04T12:09:24.450Z [L0]: 6/4 [0]12:09:23.487 D/CLayout SBEngine: Creating object 0x81d34d5c in 22,0,457,423 id 16(NotificationLayer.infinite_6.touch_select)
2026-06-04T12:09:24.452Z [L0]: 6/4 [0]12:09:23.487 D/NOTFWG SBEngine: [addLayoutBranch] add branch NotificationLayer.infinite_6 -2116859260 
2026-06-04T12:09:24.453Z [L0]: 6/4 [0]12:09:23.488 D/CLayout SBEngine: Load layer list_layer
2026-06-04T12:09:24.455Z [L0]: 6/4 [0]12:09:23.488 D/CLayout SBEngine: Creating object 0x81d34d90 in 0,800,435,1090 id 2(NotificationLayer.infinite_7)
2026-06-04T12:09:24.455Z [L0]: 6/4 [0]12:09:23.488 D/CLayout SBEngine: Creating object 0x81c56de0 in 22,0,413,290 id 3(null)
2026-06-04T12:09:24.456Z [L0]: 6/4 [0]12:09:23.488 D/CLayout SBEngine: Creating object 0x81c56e14 in 36,14,399,276 id 4(null)
2026-06-04T12:09:24.457Z [L0]: 6/4 [0]12:09:23.488 D/CLayout SBEngine: Creating object 0x81c56e48 in 36,20,85,69 id 5(NotificationLayer.infinite_7.icon)
2026-06-04T12:09:24.458Z [L0]: 6/4 [0]12:09:23.489 D/CLayout SBEngine: Creating object 0x81c56e7c in 36,14,399,276 id 6(null)
2026-06-04T12:09:24.459Z [L0]: 6/4 [0]12:09:23.489 D/CLayout SBEngine: Creating object 0x81c56eb0 in 94,14,336,74 id 7(NotificationLayer.infinite_7.app_title)
2026-06-04T12:09:24.460Z [L0]: 6/4 [0]12:09:23.489 D/CLayout SBEngine: Creating object 0x81c56ee4 in 337,14,443,74 id 8(NotificationLayer.infinite_7.time)
2026-06-04T12:09:24.462Z [L0]: 6/4 [0]12:09:23.489 D/CLayout SBEngine: Creating object 0x81c56f18 in 36,79,443,137 id 9(NotificationLayer.infinite_7.title)
2026-06-04T12:09:24.462Z [L0]: 6/4 [0]12:09:23.489 D/CLayout SBEngine: Creating object 0x81c56f4c in 36,142,443,200 id 10(NotificationLayer.infinite_7.second_title)
2026-06-04T12:09:24.463Z [L0]: 6/4 [0]12:09:23.490 D/CLayout SBEngine: Creating object 0x81c56f80 in 36,205,443,281 id 11(NotificationLayer.infinite_7.analy_data)
2026-06-04T12:09:24.464Z [L0]: 6/4 [0]12:09:23.490 D/CLayout SBEngine: Creating object 0x81c56fb4 in 36,286,443,344 id 12(NotificationLayer.infinite_7.content)
2026-06-04T12:09:24.465Z [L0]: 6/4 [0]12:09:23.490 D/CLayout SBEngine: Creating object 0x81c56fe8 in 36,349,443,409 id 13(NotificationLayer.infinite_7.count)
2026-06-04T12:09:24.467Z [L0]: 6/4 [0]12:09:23.490 D/CLayout SBEngine: Creating object 0x81c5701c in 418,384,457,423 id 14(NotificationLayer.infinite_7.icon_top)
2026-06-04T12:09:24.468Z [L0]: 6/4 [0]12:09:23.491 D/CLayout SBEngine: Creating object 0x81c57050 in 22,0,457,423 id 15(NotificationLayer.infinite_7.notif_bg_color)
2026-06-04T12:09:24.469Z [L0]: 6/4 [0]12:09:23.491 D/CLayout SBEngine: Creating object 0x81c57084 in 22,0,457,423 id 16(NotificationLayer.infinite_7.touch_select)
2026-06-04T12:09:24.470Z [L0]: 6/4 [0]12:09:23.492 D/NOTFWG SBEngine: [addLayoutBranch] add branch NotificationLayer.infinite_7 -2116858480 
2026-06-04T12:09:24.471Z [L0]: 6/4 [0]12:09:23.493 D/CLayout SBEngine: Load layer list_layer
2026-06-04T12:09:24.472Z [L0]: 6/4 [0]12:09:23.493 D/CLayout SBEngine: Creating object 0x81c570b8 in 0,800,435,1051 id 100(NotificationLayer.infinite_8)
2026-06-04T12:09:24.474Z [L0]: 6/4 [0]12:09:23.493 D/CLayout SBEngine: Creating object 0x81c570ec in 22,0,413,251 id 101(null)
2026-06-04T12:09:24.475Z [L0]: 6/4 [0]12:09:23.493 D/CLayout SBEngine: Creating object 0x81c57120 in 36,14,399,237 id 102(null)
2026-06-04T12:09:24.476Z [L0]: 6/4 [0]12:09:23.494 D/CLayout SBEngine: Creating object 0x81c57154 in 36,14,307,58 id 103(NotificationLayer.infinite_8.title)
2026-06-04T12:09:24.478Z [L0]: 6/4 [0]12:09:23.494 D/CLayout SBEngine: Creating object 0x81c57188 in 304,14,439,58 id 104(NotificationLayer.infinite_8.time)
2026-06-04T12:09:24.478Z [L0]: 6/4 [0]12:09:23.494 D/CLayout SBEngine: Creating object 0x81c571bc in 36,194,443,229 id 105(NotificationLayer.infinite_8.second_title)
2026-06-04T12:09:24.480Z [L0]: 6/4 [0]12:09:23.494 D/CLayout SBEngine: Creating object 0x81c571f0 in 36,117,443,251 id 106(NotificationLayer.infinite_8.content)
2026-06-04T12:09:24.480Z [L0]: 6/4 [0]12:09:23.495 D/CLayout SBEngine: Creating object 0x81c57224 in 22,0,457,116 id 107(NotificationLayer.infinite_8.notif_bg_color)
2026-06-04T12:09:24.481Z [L0]: 6/4 [0]12:09:23.495 D/CLayout SBEngine: Creating object 0x81c57258 in 22,0,457,279 id 108(NotificationLayer.infinite_8.touch_select)
2026-06-04T12:09:24.483Z [L0]: 6/4 [0]12:09:23.495 D/NOTFWG SBEngine: [addLayoutBranch] add branch NotificationLayer.infinite_8 -2117766984 
2026-06-04T12:09:24.484Z [L0]: 6/4 [0]12:09:23.495 D/CLayout SBEngine: Load layer list_layer
2026-06-04T12:09:24.485Z [L0]: 6/4 [0]12:09:23.496 D/CLayout SBEngine: Creating object 0x81c5728c in 0,800,435,1051 id 100(NotificationLayer.infinite_9)
2026-06-04T12:09:24.486Z [L0]: 6/4 [0]12:09:23.496 D/CLayout SBEngine: Creating object 0x81c572c0 in 22,0,413,251 id 101(null)
2026-06-04T12:09:24.487Z [L0]: 6/4 [0]12:09:23.496 D/CLayout SBEngine: Creating object 0x81c572f4 in 36,14,399,237 id 102(null)
2026-06-04T12:09:24.488Z [L0]: 6/4 [0]12:09:23.496 D/CLayout SBEngine: Creating object 0x81c57328 in 36,14,307,58 id 103(NotificationLayer.infinite_9.title)
2026-06-04T12:09:24.490Z [L0]: 6/4 [0]12:09:23.497 D/CLayout SBEngine: Creating object 0x81c5735c in 304,14,439,58 id 104(NotificationLayer.infinite_9.time)
2026-06-04T12:09:24.491Z [L0]: 6/4 [0]12:09:23.497 D/CLayout SBEngine: Creating object 0x81c57390 in 36,194,443,229 id 105(NotificationLayer.infinite_9.second_title)
2026-06-04T12:09:24.492Z [L0]: 6/4 [0]12:09:23.497 D/CLayout SBEngine: Creating object 0x81c573c4 in 36,117,443,251 id 106(NotificationLayer.infinite_9.content)
2026-06-04T12:09:24.493Z [L0]: 6/4 [0]12:09:23.497 D/CLayout SBEngine: Creating object 0x81c573f8 in 22,0,457,116 id 107(NotificationLayer.infinite_9.notif_bg_color)
2026-06-04T12:09:24.494Z [L0]: 6/4 [0]12:09:23.497 D/CLayout SBEngine: Creating object 0x81c5742c in 22,0,457,279 id 108(NotificationLayer.infinite_9.touch_select)
2026-06-04T12:09:24.496Z [L0]: 6/4 [0]12:09:23.498 D/NOTFWG SBEngine: [addLayoutBranch] add branch NotificationLayer.infinite_9 -2117766516 
2026-06-04T12:09:24.497Z [L0]: 6/4 [0]12:09:23.498 D/CLayout SBEngine: Load layer list_layer
2026-06-04T12:09:24.498Z [L0]: 6/4 [0]12:09:23.498 D/CLayout SBEngine: Creating object 0x81c57460 in 0,800,435,1051 id 100(NotificationLayer.infinite_10)
2026-06-04T12:09:24.499Z [L0]: 6/4 [0]12:09:23.498 D/CLayout SBEngine: Creating object 0x81c57494 in 22,0,413,251 id 101(null)
2026-06-04T12:09:24.500Z [L0]: 6/4 [0]12:09:23.499 D/CLayout SBEngine: Creating object 0x81c574c8 in 36,14,399,237 id 102(null)
2026-06-04T12:09:24.501Z [L0]: 6/4 [0]12:09:23.500 D/CLayout SBEngine: Creating object 0x81c574fc in 36,14,307,58 id 103(NotificationLayer.infinite_10.title)
2026-06-04T12:09:24.502Z [L0]: 6/4 [0]12:09:23.500 D/CLayout SBEngine: Creating object 0x81c57530 in 304,14,439,58 id 104(NotificationLayer.infinite_10.time)
2026-06-04T12:09:24.504Z [L0]: 6/4 [0]12:09:23.500 D/CLayout SBEngine: Creating object 0x81c57564 in 36,194,443,229 id 105(NotificationLayer.infinite_10.second_title)
2026-06-04T12:09:24.505Z [L0]: 6/4 [0]12:09:23.500 D/CLayout SBEngine: Creating object 0x81c57598 in 36,117,443,251 id 106(NotificationLayer.infinite_10.content)
2026-06-04T12:09:24.506Z [L0]: 6/4 [0]12:09:23.501 D/CLayout SBEngine: Creating object 0x81c575cc in 22,0,457,116 id 107(NotificationLayer.infinite_10.notif_bg_color)
2026-06-04T12:09:24.507Z [L0]: 6/4 [0]12:09:23.501 D/CLayout SBEngine: Creating object 0x81c57600 in 22,0,457,279 id 108(NotificationLayer.infinite_10.touch_select)
2026-06-04T12:09:24.508Z [L0]: 6/4 [0]12:09:23.501 D/NOTFWG SBEngine: [addLayoutBranch] add branch NotificationLayer.infinite_10 -2117766048 
2026-06-04T12:09:24.509Z [L0]: 6/4 [0]12:09:23.501 D/CLayout SBEngine: Load layer list_layer
2026-06-04T12:09:24.510Z [L0]: 6/4 [0]12:09:23.502 D/CLayout SBEngine: Creating object 0x81c57634 in 0,800,435,1051 id 100(NotificationLayer.infinite_11)
2026-06-04T12:09:24.511Z [L0]: 6/4 [0]12:09:23.502 D/CLayout SBEngine: Creating object 0x81c57668 in 22,0,413,251 id 101(null)
2026-06-04T12:09:24.512Z [L0]: 6/4 [0]12:09:23.502 D/CLayout SBEngine: Creating object 0x81c5769c in 36,14,399,237 id 102(null)
2026-06-04T12:09:24.513Z [L0]: 6/4 [0]12:09:23.502 D/CLayout SBEngine: Creating object 0x81c576d0 in 36,14,307,58 id 103(NotificationLayer.infinite_11.title)
2026-06-04T12:09:24.515Z [L0]: 6/4 [0]12:09:23.502 D/CLayout SBEngine: Creating object 0x81c57704 in 304,14,439,58 id 104(NotificationLayer.infinite_11.time)
2026-06-04T12:09:24.516Z [L0]: 6/4 [0]12:09:23.503 D/CLayout SBEngine: Creating object 0x81c57738 in 36,194,443,229 id 105(NotificationLayer.infinite_11.second_title)
2026-06-04T12:09:24.517Z [L0]: 6/4 [0]12:09:23.503 D/CLayout SBEngine: Creating object 0x81c5776c in 36,117,443,251 id 106(NotificationLayer.infinite_11.content)
2026-06-04T12:09:24.518Z [L0]: 6/4 [0]12:09:23.503 D/CLayout SBEngine: Creating object 0x81c577a0 in 22,0,457,116 id 107(NotificationLayer.infinite_11.notif_bg_color)
2026-06-04T12:09:24.519Z [L0]: 6/4 [0]12:09:23.503 D/CLayout SBEngine: Creating object 0x81c577d4 in 22,0,457,279 id 108(NotificationLayer.infinite_11.touch_select)
2026-06-04T12:09:24.520Z [L0]: 6/4 [0]12:09:23.504 D/NOTFWG SBEngine: [addLayoutBranch] add branch NotificationLayer.infinite_11 -2117765580 
2026-06-04T12:09:24.521Z [L0]: 6/4 [0]12:09:23.504 D/CLayout SBEngine: Load layer list_layer
2026-06-04T12:09:24.523Z [L0]: 6/4 [0]12:09:23.504 D/CLayout SBEngine: Creating object 0x81c57808 in 0,800,435,1051 id 100(NotificationLayer.infinite_12)
2026-06-04T12:09:24.524Z [L0]: 6/4 [0]12:09:23.504 D/CLayout SBEngine: Creating object 0x81c5783c in 22,0,413,251 id 101(null)
2026-06-04T12:09:24.526Z [L0]: 6/4 [0]12:09:23.505 D/CLayout SBEngine: Creating object 0x81c57870 in 36,14,399,237 id 102(null)
2026-06-04T12:09:24.526Z [L0]: 6/4 [0]12:09:23.505 D/CLayout SBEngine: Creating object 0x81c578a4 in 36,14,307,58 id 103(NotificationLayer.infinite_12.title)
2026-06-04T12:09:24.528Z [L0]: 6/4 [0]12:09:23.505 D/CLayout SBEngine: Creating object 0x81c578d8 in 304,14,439,58 id 104(NotificationLayer.infinite_12.time)
2026-06-04T12:09:24.529Z [L0]: 6/4 [0]12:09:23.505 D/CLayout SBEngine: Creating object 0x81c5790c in 36,194,443,229 id 105(NotificationLayer.infinite_12.second_title)
2026-06-04T12:09:24.529Z [L0]: 6/4 [0]12:09:23.505 D/CLayout SBEngine: Creating object 0x81c57940 in 36,117,443,251 id 106(NotificationLayer.infinite_12.content)
2026-06-04T12:09:24.531Z [L0]: 6/4 [0]12:09:23.506 D/CLayout SBEngine: Creating object 0x81c57974 in 22,0,457,116 id 107(NotificationLayer.infinite_12.notif_bg_color)
2026-06-04T12:09:24.532Z [L0]: 6/4 [0]12:09:23.506 D/CLayout SBEngine: Creating object 0x81c579a8 in 22,0,457,279 id 108(NotificationLayer.infinite_12.touch_select)
2026-06-04T12:09:24.533Z [L0]: 6/4 [0]12:09:23.507 D/NOTFWG SBEngine: [addLayoutBranch] add branch NotificationLayer.infinite_12 -2117765112 
2026-06-04T12:09:24.534Z [L0]: 6/4 [0]12:09:23.508 D/CLayout SBEngine: Load layer list_layer
2026-06-04T12:09:24.535Z [L0]: 6/4 [0]12:09:23.508 D/CLayout SBEngine: Creating object 0x81c579dc in 0,800,435,1051 id 100(NotificationLayer.infinite_13)
2026-06-04T12:09:24.537Z [L0]: 6/4 [0]12:09:23.508 D/CLayout SBEngine: Creating object 0x81c57a10 in 22,0,413,251 id 101(null)
2026-06-04T12:09:24.538Z [L0]: 6/4 [0]12:09:23.508 D/CLayout SBEngine: Creating object 0x81c57a44 in 36,14,399,237 id 102(null)
2026-06-04T12:09:24.539Z [L0]: 6/4 [0]12:09:23.509 D/CLayout SBEngine: Creating object 0x81c57a78 in 36,14,307,58 id 103(NotificationLayer.infinite_13.title)
2026-06-04T12:09:24.540Z [L0]: 6/4 [0]12:09:23.509 D/CLayout SBEngine: Creating object 0x81c57aac in 304,14,439,58 id 104(NotificationLayer.infinite_13.time)
2026-06-04T12:09:24.542Z [L0]: 6/4 [0]12:09:23.509 D/CLayout SBEngine: Creating object 0x81c57ae0 in 36,194,443,229 id 105(NotificationLayer.infinite_13.second_title)
2026-06-04T12:09:24.543Z [L0]: 6/4 [0]12:09:23.509 D/CLayout SBEngine: Creating object 0x81c57b14 in 36,117,443,251 id 106(NotificationLayer.infinite_13.content)
2026-06-04T12:09:24.544Z [L0]: 6/4 [0]12:09:23.510 D/CLayout SBEngine: Creating object 0x81c57b48 in 22,0,457,116 id 107(NotificationLayer.infinite_13.notif_bg_color)
2026-06-04T12:09:24.545Z [L0]: 6/4 [0]12:09:23.510 D/CLayout SBEngine: Creating object 0x81c57b7c in 22,0,457,279 id 108(NotificationLayer.infinite_13.touch_select)
2026-06-04T12:09:24.546Z [L0]: 6/4 [0]12:09:23.510 D/NOTFWG SBEngine: [addLayoutBranch] add branch NotificationLayer.infinite_13 -2117764644 
2026-06-04T12:09:24.547Z [L0]: 6/4 [0]12:09:23.511 D/CLayout SBEngine: Load layer list_layer
2026-06-04T12:09:24.549Z [L0]: 6/4 [0]12:09:23.511 D/CLayout SBEngine: Creating object 0x81c57bb0 in 0,800,435,1051 id 100(NotificationLayer.infinite_14)
2026-06-04T12:09:24.550Z [L0]: 6/4 [0]12:09:23.511 D/CLayout SBEngine: Creating object 0x81c57be4 in 22,0,413,251 id 101(null)
2026-06-04T12:09:24.551Z [L0]: 6/4 [0]12:09:23.511 D/CLayout SBEngine: Creating object 0x81c57c18 in 36,14,399,237 id 102(null)
2026-06-04T12:09:24.552Z [L0]: 6/4 [0]12:09:23.512 D/CLayout SBEngine: Creating object 0x81c57c4c in 36,14,307,58 id 103(NotificationLayer.infinite_14.title)
2026-06-04T12:09:24.553Z [L0]: 6/4 [0]12:09:23.512 D/CLayout SBEngine: Creating object 0x81c57c80 in 304,14,439,58 id 104(NotificationLayer.infinite_14.time)
2026-06-04T12:09:24.554Z [L0]: 6/4 [0]12:09:23.512 D/CLayout SBEngine: Creating object 0x81c57cb4 in 36,194,443,229 id 105(NotificationLayer.infinite_14.second_title)
2026-06-04T12:09:24.556Z [L0]: 6/4 [0]12:09:23.512 D/CLayout SBEngine: Creating object 0x81c57ce8 in 36,117,443,251 id 106(NotificationLayer.infinite_14.content)
2026-06-04T12:09:24.557Z [L0]: 6/4 [0]12:09:23.513 D/CLayout SBEngine: Creating object 0x81c57d1c in 22,0,457,116 id 107(NotificationLayer.infinite_14.notif_bg_color)
2026-06-04T12:09:24.558Z [L0]: 6/4 [0]12:09:23.513 D/CLayout SBEngine: Creating object 0x81c57d50 in 22,0,457,279 id 108(NotificationLayer.infinite_14.touch_select)
2026-06-04T12:09:24.559Z [L0]: 6/4 [0]12:09:23.513 D/NOTFWG SBEngine: [addLayoutBranch] add branch NotificationLayer.infinite_14 -2117764176 
2026-06-04T12:09:24.560Z [L0]: 6/4 [0]12:09:23.513 D/CLayout SBEngine: Load layer list_layer
2026-06-04T12:09:24.562Z [L0]: 6/4 [0]12:09:23.515 D/CLayout SBEngine: Creating object 0x81c57d84 in 0,800,435,1051 id 100(NotificationLayer.infinite_15)
2026-06-04T12:09:24.563Z [L0]: 6/4 [0]12:09:23.516 D/CLayout SBEngine: Creating object 0x81c57db8 in 22,0,413,251 id 101(null)
2026-06-04T12:09:24.564Z [L0]: 6/4 [0]12:09:23.516 D/CLayout SBEngine: Creating object 0x81c57dec in 36,14,399,237 id 102(null)
2026-06-04T12:09:24.565Z [L0]: 6/4 [0]12:09:23.516 D/CLayout SBEngine: Creating object 0x81c57e20 in 36,14,307,58 id 103(NotificationLayer.infinite_15.title)
2026-06-04T12:09:24.566Z [L0]: 6/4 [0]12:09:23.516 D/CLayout SBEngine: Creating object 0x81c57e54 in 304,14,439,58 id 104(NotificationLayer.infinite_15.time)
2026-06-04T12:09:24.567Z [L0]: 6/4 [0]12:09:23.517 D/CLayout SBEngine: Creating object 0x81c57e88 in 36,194,443,229 id 105(NotificationLayer.infinite_15.second_title)
2026-06-04T12:09:24.568Z [L0]: 6/4 [0]12:09:23.517 D/CLayout SBEngine: Creating object 0x81c57ebc in 36,117,443,251 id 106(NotificationLayer.infinite_15.content)
2026-06-04T12:09:24.569Z [L0]: 6/4 [0]12:09:23.517 D/CLayout SBEngine: Creating object 0x81c57ef0 in 22,0,457,116 id 107(NotificationLayer.infinite_15.notif_bg_color)
2026-06-04T12:09:24.570Z [L0]: 6/4 [0]12:09:23.517 D/CLayout SBEngine: Creating object 0x81c57f24 in 22,0,457,279 id 108(NotificationLayer.infinite_15.touch_select)
2026-06-04T12:09:24.572Z [L0]: 6/4 [0]12:09:23.517 D/NOTFWG SBEngine: [addLayoutBranch] add branch NotificationLayer.infinite_15 -2117763708 
2026-06-04T12:09:24.573Z [L0]: 6/4 [0]12:09:23.518 D/CLayout SBEngine: Load layer list_layer
2026-06-04T12:09:24.574Z [L0]: 6/4 [0]12:09:23.518 D/CLayout SBEngine: Creating object 0x81c57f58 in 0,800,435,1051 id 100(NotificationLayer.infinite_16)
2026-06-04T12:09:24.574Z [L0]: 6/4 [0]12:09:23.518 D/CLayout SBEngine: Creating object 0x81c57f8c in 22,0,413,251 id 101(null)
2026-06-04T12:09:24.575Z [L0]: 6/4 [0]12:09:23.518 D/CLayout SBEngine: Creating object 0x81c57fc0 in 36,14,399,237 id 102(null)
2026-06-04T12:09:24.576Z [L0]: 6/4 [0]12:09:23.519 D/CLayout SBEngine: Creating object 0x81c57ff4 in 36,14,307,58 id 103(NotificationLayer.infinite_16.title)
2026-06-04T12:09:24.577Z [L0]: 6/4 [0]12:09:23.519 D/CLayout SBEngine: Creating object 0x81c58028 in 304,14,439,58 id 104(NotificationLayer.infinite_16.time)
2026-06-04T12:09:24.578Z [L0]: 6/4 [0]12:09:23.519 D/CLayout SBEngine: Creating object 0x81c5805c in 36,194,443,229 id 105(NotificationLayer.infinite_16.second_title)
2026-06-04T12:09:24.579Z [L0]: 6/4 [0]12:09:23.519 D/CLayout SBEngine: Creating object 0x81c58090 in 36,117,443,251 id 106(NotificationLayer.infinite_16.content)
2026-06-04T12:09:24.580Z [L0]: 6/4 [0]12:09:23.520 D/CLayout SBEngine: Creating object 0x81c580c4 in 22,0,457,116 id 107(NotificationLayer.infinite_16.notif_bg_color)
2026-06-04T12:09:24.582Z [L0]: 6/4 [0]12:09:23.520 D/CLayout SBEngine: Creating object 0x81c580f8 in 22,0,457,279 id 108(NotificationLayer.infinite_16.touch_select)
2026-06-04T12:09:24.583Z [L0]: 6/4 [0]12:09:23.520 D/NOTFWG SBEngine: [addLayoutBranch] add branch NotificationLayer.infinite_16 -2117763240 
2026-06-04T12:09:24.584Z [L0]: 6/4 [0]12:09:23.520 D/CLayout SBEngine: Load layer list_layer
2026-06-04T12:09:24.585Z [L0]: 6/4 [0]12:09:23.521 D/CLayout SBEngine: Creating object 0x81c5812c in 0,800,435,1051 id 100(NotificationLayer.infinite_17)
2026-06-04T12:09:24.586Z [L0]: 6/4 [0]12:09:23.521 D/CLayout SBEngine: Creating object 0x81c58160 in 22,0,413,251 id 101(null)
2026-06-04T12:09:24.587Z [L0]: 6/4 [0]12:09:23.521 D/CLayout SBEngine: Creating object 0x81c58194 in 36,14,399,237 id 102(null)
2026-06-04T12:09:24.589Z [L0]: 6/4 [0]12:09:23.522 D/CLayout SBEngine: Creating object 0x81c581c8 in 36,14,307,58 id 103(NotificationLayer.infinite_17.title)
2026-06-04T12:09:24.590Z [L0]: 6/4 [0]12:09:23.523 D/CLayout SBEngine: Creating object 0x81c581fc in 304,14,439,58 id 104(NotificationLayer.infinite_17.time)
2026-06-04T12:09:24.591Z [L0]: 6/4 [0]12:09:23.523 D/CLayout SBEngine: Creating object 0x81c58230 in 36,194,443,229 id 105(NotificationLayer.infinite_17.second_title)
2026-06-04T12:09:24.592Z [L0]: 6/4 [0]12:09:23.524 D/CLayout SBEngine: Creating object 0x81c58264 in 36,117,443,251 id 106(NotificationLayer.infinite_17.content)
2026-06-04T12:09:24.594Z [L0]: 6/4 [0]12:09:23.524 D/CLayout SBEngine: Creating object 0x81c58298 in 22,0,457,116 id 107(NotificationLayer.infinite_17.notif_bg_color)
2026-06-04T12:09:24.595Z [L0]: 6/4 [0]12:09:23.524 D/CLayout SBEngine: Creating object 0x81c582cc in 22,0,457,279 id 108(NotificationLayer.infinite_17.touch_select)
2026-06-04T12:09:24.596Z [L0]: 6/4 [0]12:09:23.525 D/NOTFWG SBEngine: [addLayoutBranch] add branch NotificationLayer.infinite_17 -2117762772 
2026-06-04T12:09:24.597Z [L0]: 6/4 [0]12:09:23.525 D/CLayout SBEngine: Load layer list_layer
2026-06-04T12:09:24.598Z [L0]: 6/4 [0]12:09:23.525 D/CLayout SBEngine: Creating object 0x81c58300 in 0,800,435,1051 id 100(NotificationLayer.infinite_18)
2026-06-04T12:09:24.600Z [L0]: 6/4 [0]12:09:23.525 D/CLayout SBEngine: Creating object 0x81c58334 in 22,0,413,251 id 101(null)
2026-06-04T12:09:24.600Z [L0]: 6/4 [0]12:09:23.526 D/CLayout SBEngine: Creating object 0x81c58368 in 36,14,399,237 id 102(null)
2026-06-04T12:09:24.601Z [L0]: 6/4 [0]12:09:23.526 D/CLayout SBEngine: Creating object 0x81c5839c in 36,14,307,58 id 103(NotificationLayer.infinite_18.title)
2026-06-04T12:09:24.603Z [L0]: 6/4 [0]12:09:23.526 D/CLayout SBEngine: Creating object 0x81c583d0 in 304,14,439,58 id 104(NotificationLayer.infinite_18.time)
2026-06-04T12:09:24.605Z [L0]: 6/4 [0]12:09:23.526 D/CLayout SBEngine: Creating object 0x81c58404 in 36,194,443,229 id 105(NotificationLayer.infinite_18.second_title)
2026-06-04T12:09:24.607Z [L0]: 6/4 [0]12:09:23.526 D/CLayout SBEngine: Creating object 0x81c58438 in 36,117,443,251 id 106(NotificationLayer.infinite_18.content)
2026-06-04T12:09:24.608Z [L0]: 6/4 [0]12:09:23.527 D/CLayout SBEngine: Creating object 0x81c5846c in 22,0,457,116 id 107(NotificationLayer.infinite_18.notif_bg_color)
2026-06-04T12:09:24.609Z [L0]: 6/4 [0]12:09:23.528 D/CLayout SBEngine: Creating object 0x81c584a0 in 22,0,457,279 id 108(NotificationLayer.infinite_18.touch_select)
2026-06-04T12:09:24.611Z [L0]: 6/4 [0]12:09:23.528 D/NOTFWG SBEngine: [addLayoutBranch] add branch NotificationLayer.infinite_18 -2117762304 
2026-06-04T12:09:24.612Z [L0]: 6/4 [0]12:09:23.529 D/CLayout SBEngine: Load layer list_layer
2026-06-04T12:09:24.613Z [L0]: 6/4 [0]12:09:23.530 D/CLayout SBEngine: Creating object 0x81c584d4 in 0,800,435,1051 id 100(NotificationLayer.infinite_19)
2026-06-04T12:09:24.614Z [L0]: 6/4 [0]12:09:23.530 D/CLayout SBEngine: Creating object 0x81c58508 in 22,0,413,251 id 101(null)
2026-06-04T12:09:24.616Z [L0]: 6/4 [0]12:09:23.530 D/CLayout SBEngine: Creating object 0x81c5853c in 36,14,399,237 id 102(null)
2026-06-04T12:09:24.618Z [L0]: 6/4 [0]12:09:23.530 D/CLayout SBEngine: Creating object 0x81c58570 in 36,14,307,58 id 103(NotificationLayer.infinite_19.title)
2026-06-04T12:09:24.619Z [L0]: 6/4 [0]12:09:23.530 D/CLayout SBEngine: Creating object 0x81c585a4 in 304,14,439,58 id 104(NotificationLayer.infinite_19.time)
2026-06-04T12:09:24.620Z [L0]: 6/4 [0]12:09:23.531 D/CLayout SBEngine: Creating object 0x81c585d8 in 36,194,443,229 id 105(NotificationLayer.infinite_19.second_title)
2026-06-04T12:09:24.621Z [L0]: 6/4 [0]12:09:23.531 D/CLayout SBEngine: Creating object 0x81c5860c in 36,117,443,251 id 106(NotificationLayer.infinite_19.content)
2026-06-04T12:09:24.623Z [L0]: 6/4 [0]12:09:23.531 D/CLayout SBEngine: Creating object 0x81c58640 in 22,0,457,116 id 107(NotificationLayer.infinite_19.notif_bg_color)
2026-06-04T12:09:24.624Z [L0]: 6/4 [0]12:09:23.531 D/CLayout SBEngine: Creating object 0x81c58674 in 22,0,457,279 id 108(NotificationLayer.infinite_19.touch_select)
2026-06-04T12:09:24.625Z [L0]: 6/4 [0]12:09:23.532 D/NOTFWG SBEngine: [addLayoutBranch] add branch NotificationLayer.infinite_19 -2117761836 
2026-06-04T12:09:24.627Z [L0]: 6/4 [0]12:09:23.532 D/CLayout SBEngine: Load layer list_layer
2026-06-04T12:09:24.629Z [L0]: 6/4 [0]12:09:23.532 D/CLayout SBEngine: Creating object 0x81c586a8 in 0,800,493,1039 id 201(NotificationLayer.infinite_20)
2026-06-04T12:09:24.630Z [L0]: 6/4 [0]12:09:23.532 D/CLayout SBEngine: Creating object 0x81c586dc in 22,0,471,239 id 202(null)
2026-06-04T12:09:24.632Z [L0]: 6/4 [0]12:09:23.533 D/CLayout SBEngine: Creating object 0x81c58710 in 36,14,443,58 id 203(NotificationLayer.infinite_20.title)
2026-06-04T12:09:24.633Z [L0]: 6/4 [0]12:09:23.533 D/CLayout SBEngine: Creating object 0x81c58744 in 36,14,515,53 id 204(NotificationLayer.infinite_20.time)
2026-06-04T12:09:24.634Z [L0]: 6/4 [0]12:09:23.533 D/CLayout SBEngine: Creating object 0x81c58778 in 36,194,443,229 id 205(NotificationLayer.infinite_20.second_title)
2026-06-04T12:09:24.636Z [L0]: 6/4 [0]12:09:23.534 D/CLayout SBEngine: Creating object 0x81c587ac in 36,324,275,483 id 206(NotificationLayer.infinite_20.content_image)
2026-06-04T12:09:24.637Z [L0]: 6/4 [0]12:09:23.534 D/CLayout SBEngine: Creating object 0x81c587e0 in 36,161,443,196 id 207(NotificationLayer.infinite_20.content)
2026-06-04T12:09:24.638Z [L0]: 6/4 [0]12:09:23.534 D/CLayout SBEngine: Creating object 0x81c58814 in 36,324,443,339 id 208(NotificationLayer.infinite_20.line)
2026-06-04T12:09:24.639Z [L0]: 6/4 [0]12:09:23.534 D/CLayout SBEngine: Creating object 0x81c58848 in 36,324,275,483 id 209(NotificationLayer.infinite_20.content_image1)
2026-06-04T12:09:24.640Z [L0]: 6/4 [0]12:09:23.534 D/CLayout SBEngine: Creating object 0x81c5887c in 36,161,443,196 id 210(NotificationLayer.infinite_20.content1)
2026-06-04T12:09:24.641Z [L0]: 6/4 [0]12:09:23.535 D/CLayout SBEngine: Creating object 0x81c588b0 in 36,324,443,339 id 211(NotificationLayer.infinite_20.line1)
2026-06-04T12:09:24.643Z [L0]: 6/4 [0]12:09:23.535 D/CLayout SBEngine: Creating object 0x81c588e4 in 36,324,275,483 id 212(NotificationLayer.infinite_20.content_image2)
2026-06-04T12:09:24.644Z [L0]: 6/4 [0]12:09:23.535 D/CLayout SBEngine: Creating object 0x81c58918 in 36,161,443,196 id 213(NotificationLayer.infinite_20.content2)
2026-06-04T12:09:24.645Z [L0]: 6/4 [0]12:09:23.535 D/CLayout SBEngine: Creating object 0x81c5894c in 36,324,443,339 id 214(NotificationLayer.infinite_20.line2)
2026-06-04T12:09:24.646Z [L0]: 6/4 [0]12:09:23.536 D/CLayout SBEngine: Creating object 0x81c58980 in 36,324,275,483 id 215(NotificationLayer.infinite_20.content_image3)
2026-06-04T12:09:24.647Z [L0]: 6/4 [0]12:09:23.536 D/CLayout SBEngine: Creating object 0x81c589b4 in 36,161,443,196 id 216(NotificationLayer.infinite_20.content3)
2026-06-04T12:09:24.648Z [L0]: 6/4 [0]12:09:23.536 D/CLayout SBEngine: Creating object 0x81c589e8 in 36,324,443,339 id 217(NotificationLayer.infinite_20.line3)
2026-06-04T12:09:24.649Z [L0]: 6/4 [0]12:09:23.537 D/CLayout SBEngine: Creating object 0x81c58a1c in 36,324,275,483 id 218(NotificationLayer.infinite_20.content_image4)
2026-06-04T12:09:24.650Z [L0]: 6/4 [0]12:09:23.538 D/CLayout SBEngine: Creating object 0x81c58a50 in 36,161,443,196 id 219(NotificationLayer.infinite_20.content4)
2026-06-04T12:09:24.651Z [L0]: 6/4 [0]12:09:23.538 D/CLayout SBEngine: Creating object 0x81c58a84 in 36,324,443,339 id 220(NotificationLayer.infinite_20.line4)
2026-06-04T12:09:24.652Z [L0]: 6/4 [0]12:09:23.538 D/CLayout SBEngine: Creating object 0x81c58ab8 in 36,324,275,483 id 221(NotificationLayer.infinite_20.content_image5)
2026-06-04T12:09:24.653Z [L0]: 6/4 [0]12:09:23.539 D/CLayout SBEngine: Creating object 0x81c58aec in 36,161,443,196 id 222(NotificationLayer.infinite_20.content5)
2026-06-04T12:09:24.654Z [L0]: 6/4 [0]12:09:23.539 D/CLayout SBEngine: Creating object 0x81c58b20 in 36,324,443,339 id 223(NotificationLayer.infinite_20.line5)
2026-06-04T12:09:24.654Z [L0]: 6/4 [0]12:09:23.539 D/CLayout SBEngine: Creating object 0x81c58b54 in 36,324,275,483 id 224(NotificationLayer.infinite_20.content_image6)
2026-06-04T12:09:24.655Z [L0]: 6/4 [0]12:09:23.540 D/CLayout SBEngine: Creating object 0x81c58b88 in 36,161,443,196 id 225(NotificationLayer.infinite_20.content6)
2026-06-04T12:09:24.656Z [L0]: 6/4 [0]12:09:23.540 D/CLayout SBEngine: Creating object 0x81c58bbc in 22,242,429,319 id 226(NotificationLayer.infinite_20.textBtn)
2026-06-04T12:09:24.656Z [L0]: 6/4 [0]12:09:23.540 D/CLayout SBEngine: Creating render 0x81c58bf0 in 14,4,380,63 id 227(NotificationLayer.infinite_20.textBtn:0)
2026-06-04T12:09:24.657Z [L0]: 6/4 [0]12:09:23.540 D/CLayout SBEngine: Creating render 0x81c58c24 in 367,18,398,49 id 228(NotificationLayer.infinite_20.textBtn:1)
2026-06-04T12:09:24.658Z [L0]: 6/4 [0]12:09:23.541 D/CLayout SBEngine: Creating object 0x81c58c58 in 418,242,457,281 id 229(NotificationLayer.infinite_20.icon_top)
2026-06-04T12:09:24.659Z [L0]: 6/4 [0]12:09:23.541 D/CLayout SBEngine: Creating object 0x81c58c8c in 22,0,457,232 id 230(NotificationLayer.infinite_20.notif_bg_color)
2026-06-04T12:09:24.660Z [L0]: 6/4 [0]12:09:23.541 D/CLayout SBEngine: Creating object 0x81c58cc0 in 22,0,457,279 id 231(NotificationLayer.infinite_20.touch_select)
2026-06-04T12:09:24.661Z [L0]: 6/4 [0]12:09:23.541 D/NOTFWG SBEngine: [addLayoutBranch] add branch NotificationLayer.infinite_20 -2117761368 
2026-06-04T12:09:24.662Z [L0]: 6/4 [0]12:09:23.542 D/CLayout SBEngine: Load layer list_layer
2026-06-04T12:09:24.664Z [L0]: 6/4 [0]12:09:23.542 D/CLayout SBEngine: Creating object 0x81c58cf4 in 0,800,493,1039 id 201(NotificationLayer.infinite_21)
2026-06-04T12:09:24.665Z [L0]: 6/4 [0]12:09:23.542 D/CLayout SBEngine: Creating object 0x81c58d28 in 22,0,471,239 id 202(null)
2026-06-04T12:09:24.666Z [L0]: 6/4 [0]12:09:23.543 D/CLayout SBEngine: Creating object 0x81c58d5c in 36,14,443,58 id 203(NotificationLayer.infinite_21.title)
2026-06-04T12:09:24.667Z [L0]: 6/4 [0]12:09:23.543 D/CLayout SBEngine: Creating object 0x81c58d90 in 36,14,515,53 id 204(NotificationLayer.infinite_21.time)
2026-06-04T12:09:24.668Z [L0]: 6/4 [0]12:09:23.543 D/CLayout SBEngine: Creating object 0x81c4add4 in 36,194,443,229 id 205(NotificationLayer.infinite_21.second_title)
2026-06-04T12:09:24.669Z [L0]: 6/4 [0]12:09:23.543 D/CLayout SBEngine: Creating object 0x81c4ae08 in 36,324,275,483 id 206(NotificationLayer.infinite_21.content_image)
2026-06-04T12:09:24.670Z [L0]: 6/4 [0]12:09:23.544 D/CLayout SBEngine: Creating object 0x81c4ae3c in 36,161,443,196 id 207(NotificationLayer.infinite_21.content)
2026-06-04T12:09:24.671Z [L0]: 6/4 [0]12:09:23.544 D/CLayout SBEngine: Creating object 0x81c4ae70 in 36,324,443,339 id 208(NotificationLayer.infinite_21.line)
2026-06-04T12:09:24.673Z [L0]: 6/4 [0]12:09:23.544 D/CLayout SBEngine: Creating object 0x81c4aea4 in 36,324,275,483 id 209(NotificationLayer.infinite_21.content_image1)
2026-06-04T12:09:24.674Z [L0]: 6/4 [0]12:09:23.544 D/CLayout SBEngine: Creating object 0x81c4aed8 in 36,161,443,196 id 210(NotificationLayer.infinite_21.content1)
2026-06-04T12:09:24.675Z [L0]: 6/4 [0]12:09:23.546 D/CLayout SBEngine: Creating object 0x81c4af0c in 36,324,443,339 id 211(NotificationLayer.infinite_21.line1)
2026-06-04T12:09:24.676Z [L0]: 6/4 [0]12:09:23.546 D/CLayout SBEngine: Creating object 0x81c4af40 in 36,324,275,483 id 212(NotificationLayer.infinite_21.content_image2)
2026-06-04T12:09:24.677Z [L0]: 6/4 [0]12:09:23.546 D/CLayout SBEngine: Creating object 0x81c4af74 in 36,161,443,196 id 213(NotificationLayer.infinite_21.content2)
2026-06-04T12:09:24.679Z [L0]: 6/4 [0]12:09:23.546 D/CLayout SBEngine: Creating object 0x81c4afa8 in 36,324,443,339 id 214(NotificationLayer.infinite_21.line2)
2026-06-04T12:09:24.680Z [L0]: 6/4 [0]12:09:23.547 D/CLayout SBEngine: Creating object 0x81c4afdc in 36,324,275,483 id 215(NotificationLayer.infinite_21.content_image3)
2026-06-04T12:09:24.682Z [L0]: 6/4 [0]12:09:23.547 D/CLayout SBEngine: Creating object 0x81c4b010 in 36,161,443,196 id 216(NotificationLayer.infinite_21.content3)
2026-06-04T12:09:24.683Z [L0]: 6/4 [0]12:09:23.547 D/CLayout SBEngine: Creating object 0x81c4b044 in 36,324,443,339 id 217(NotificationLayer.infinite_21.line3)
2026-06-04T12:09:24.685Z [L0]: 6/4 [0]12:09:23.547 D/CLayout SBEngine: Creating object 0x81c4b078 in 36,324,275,483 id 218(NotificationLayer.infinite_21.content_image4)
2026-06-04T12:09:24.686Z [L0]: 6/4 [0]12:09:23.548 D/CLayout SBEngine: Creating object 0x81c4b0ac in 36,161,443,196 id 219(NotificationLayer.infinite_21.content4)
2026-06-04T12:09:24.687Z [L0]: 6/4 [0]12:09:23.548 D/CLayout SBEngine: Creating object 0x81c4b0e0 in 36,324,443,339 id 220(NotificationLayer.infinite_21.line4)
2026-06-04T12:09:24.689Z [L0]: 6/4 [0]12:09:23.548 D/CLayout SBEngine: Creating object 0x81c4b114 in 36,324,275,483 id 221(NotificationLayer.infinite_21.content_image5)
2026-06-04T12:09:24.690Z [L0]: 6/4 [0]12:09:23.548 D/CLayout SBEngine: Creating object 0x81c4b148 in 36,161,443,196 id 222(NotificationLayer.infinite_21.content5)
2026-06-04T12:09:24.691Z [L0]: 6/4 [0]12:09:23.548 D/CLayout SBEngine: Creating object 0x81c4b17c in 36,324,443,339 id 223(NotificationLayer.infinite_21.line5)
2026-06-04T12:09:24.692Z [L0]: 6/4 [0]12:09:23.549 D/CLayout SBEngine: Creating object 0x81c4b1b0 in 36,324,275,483 id 224(NotificationLayer.infinite_21.content_image6)
2026-06-04T12:09:24.693Z [L0]: 6/4 [0]12:09:23.549 D/CLayout SBEngine: Creating object 0x81c4b1e4 in 36,161,443,196 id 225(NotificationLayer.infinite_21.content6)
2026-06-04T12:09:24.693Z [L0]: 6/4 [0]12:09:23.549 D/CLayout SBEngine: Creating object 0x81c4b218 in 22,242,429,319 id 226(NotificationLayer.infinite_21.textBtn)
2026-06-04T12:09:24.694Z [L0]: 6/4 [0]12:09:23.550 D/CLayout SBEngine: Creating render 0x81c4b24c in 14,4,380,63 id 227(NotificationLayer.infinite_21.textBtn:0)
2026-06-04T12:09:24.696Z [L0]: 6/4 [0]12:09:23.550 D/CLayout SBEngine: Creating render 0x81c4b280 in 367,18,398,49 id 228(NotificationLayer.infinite_21.textBtn:1)
2026-06-04T12:09:24.697Z [L0]: 6/4 [0]12:09:23.550 D/CLayout SBEngine: Creating object 0x81c4b2b4 in 418,242,457,281 id 229(NotificationLayer.infinite_21.icon_top)
2026-06-04T12:09:24.698Z [L0]: 6/4 [0]12:09:23.550 D/CLayout SBEngine: Creating object 0x81c4b2e8 in 22,0,457,232 id 230(NotificationLayer.infinite_21.notif_bg_color)
2026-06-04T12:09:24.699Z [L0]: 6/4 [0]12:09:23.550 D/CLayout SBEngine: Creating object 0x81c4b31c in 22,0,457,279 id 231(NotificationLayer.infinite_21.touch_select)
2026-06-04T12:09:24.700Z [L0]: 6/4 [0]12:09:23.551 D/NOTFWG SBEngine: [addLayoutBranch] add branch NotificationLayer.infinite_21 -2117759756 
2026-06-04T12:09:24.701Z [L0]: 6/4 [0]12:09:23.551 D/CLayout SBEngine: Load layer list_layer
2026-06-04T12:09:24.702Z [L0]: 6/4 [0]12:09:23.551 D/CLayout SBEngine: Creating object 0x81c4b350 in 0,800,493,1039 id 201(NotificationLayer.infinite_22)
2026-06-04T12:09:24.704Z [L0]: 6/4 [0]12:09:23.552 D/CLayout SBEngine: Creating object 0x81c4b384 in 22,0,471,239 id 202(null)
2026-06-04T12:09:24.705Z [L0]: 6/4 [0]12:09:23.552 D/CLayout SBEngine: Creating object 0x81c4b3b8 in 36,14,443,58 id 203(NotificationLayer.infinite_22.title)
2026-06-04T12:09:24.707Z [L0]: 6/4 [0]12:09:23.552 D/CLayout SBEngine: Creating object 0x81c4b3ec in 36,14,515,53 id 204(NotificationLayer.infinite_22.time)
2026-06-04T12:09:24.708Z [L0]: 6/4 [0]12:09:23.553 D/CLayout SBEngine: Creating object 0x81c4b420 in 36,194,443,229 id 205(NotificationLayer.infinite_22.second_title)
2026-06-04T12:09:24.708Z [L0]: 6/4 [0]12:09:23.553 D/CLayout SBEngine: Creating object 0x81c4b454 in 36,324,275,483 id 206(NotificationLayer.infinite_22.content_image)
2026-06-04T12:09:24.709Z [L0]: 6/4 [0]12:09:23.553 D/CLayout SBEngine: Creating object 0x81c4b488 in 36,161,443,196 id 207(NotificationLayer.infinite_22.content)
2026-06-04T12:09:24.710Z [L0]: 6/4 [0]12:09:23.553 D/CLayout SBEngine: Creating object 0x81c4b4bc in 36,324,443,339 id 208(NotificationLayer.infinite_22.line)
2026-06-04T12:09:24.711Z [L0]: 6/4 [0]12:09:23.554 D/CLayout SBEngine: Creating object 0x81c4b4f0 in 36,324,275,483 id 209(NotificationLayer.infinite_22.content_image1)
2026-06-04T12:09:24.711Z [L0]: 6/4 [0]12:09:23.554 D/CLayout SBEngine: Creating object 0x81c4b524 in 36,161,443,196 id 210(NotificationLayer.infinite_22.content1)
2026-06-04T12:09:24.712Z [L0]: 6/4 [0]12:09:23.554 D/CLayout SBEngine: Creating object 0x81c4b558 in 36,324,443,339 id 211(NotificationLayer.infinite_22.line1)
2026-06-04T12:09:24.713Z [L0]: 6/4 [0]12:09:23.555 D/CLayout SBEngine: Creating object 0x81c4b58c in 36,324,275,483 id 212(NotificationLayer.infinite_22.content_image2)
2026-06-04T12:09:24.714Z [L0]: 6/4 [0]12:09:23.555 D/CLayout SBEngine: Creating object 0x81c4b5c0 in 36,161,443,196 id 213(NotificationLayer.infinite_22.content2)
2026-06-04T12:09:24.715Z [L0]: 6/4 [0]12:09:23.555 D/CLayout SBEngine: Creating object 0x81c4b5f4 in 36,324,443,339 id 214(NotificationLayer.infinite_22.line2)
2026-06-04T12:09:24.716Z [L0]: 6/4 [0]12:09:23.555 D/CLayout SBEngine: Creating object 0x81c4b628 in 36,324,275,483 id 215(NotificationLayer.infinite_22.content_image3)
2026-06-04T12:09:24.717Z [L0]: 6/4 [0]12:09:23.555 D/CLayout SBEngine: Creating object 0x81c4b65c in 36,161,443,196 id 216(NotificationLayer.infinite_22.content3)
2026-06-04T12:09:24.717Z [L0]: 6/4 [0]12:09:23.556 D/CLayout SBEngine: Creating object 0x81c4b690 in 36,324,443,339 id 217(NotificationLayer.infinite_22.line3)
2026-06-04T12:09:24.719Z [L0]: 6/4 [0]12:09:23.556 D/CLayout SBEngine: Creating object 0x81c4b6c4 in 36,324,275,483 id 218(NotificationLayer.infinite_22.content_image4)
2026-06-04T12:09:24.720Z [L0]: 6/4 [0]12:09:23.556 D/CLayout SBEngine: Creating object 0x81c4b6f8 in 36,161,443,196 id 219(NotificationLayer.infinite_22.content4)
2026-06-04T12:09:24.721Z [L0]: 6/4 [0]12:09:23.557 D/CLayout SBEngine: Creating object 0x81c4b72c in 36,324,443,339 id 220(NotificationLayer.infinite_22.line4)
2026-06-04T12:09:24.721Z [L0]: 6/4 [0]12:09:23.557 D/CLayout SBEngine: Creating object 0x81c4b760 in 36,324,275,483 id 221(NotificationLayer.infinite_22.content_image5)
2026-06-04T12:09:24.722Z [L0]: 6/4 [0]12:09:23.557 D/CLayout SBEngine: Creating object 0x81c4b794 in 36,161,443,196 id 222(NotificationLayer.infinite_22.content5)
2026-06-04T12:09:24.723Z [L0]: 6/4 [0]12:09:23.557 D/CLayout SBEngine: Creating object 0x81c4b7c8 in 36,324,443,339 id 223(NotificationLayer.infinite_22.line5)
2026-06-04T12:09:24.724Z [L0]: 6/4 [0]12:09:23.558 D/CLayout SBEngine: Creating object 0x81c4b7fc in 36,324,275,483 id 224(NotificationLayer.infinite_22.content_image6)
2026-06-04T12:09:24.725Z [L0]: 6/4 [0]12:09:23.558 D/CLayout SBEngine: Creating object 0x81c4b830 in 36,161,443,196 id 225(NotificationLayer.infinite_22.content6)
2026-06-04T12:09:24.726Z [L0]: 6/4 [0]12:09:23.558 D/CLayout SBEngine: Creating object 0x81c4b864 in 22,242,429,319 id 226(NotificationLayer.infinite_22.textBtn)
2026-06-04T12:09:24.727Z [L0]: 6/4 [0]12:09:23.559 D/CLayout SBEngine: Creating render 0x81c4b898 in 14,4,380,63 id 227(NotificationLayer.infinite_22.textBtn:0)
2026-06-04T12:09:24.728Z [L0]: 6/4 [0]12:09:23.560 D/CLayout SBEngine: Creating render 0x81c4b8cc in 367,18,398,49 id 228(NotificationLayer.infinite_22.textBtn:1)
2026-06-04T12:09:24.729Z [L0]: 6/4 [0]12:09:23.560 D/CLayout SBEngine: Creating object 0x81c4b900 in 418,242,457,281 id 229(NotificationLayer.infinite_22.icon_top)
2026-06-04T12:09:24.731Z [L0]: 6/4 [0]12:09:23.560 D/CLayout SBEngine: Creating object 0x81c4b934 in 22,0,457,232 id 230(NotificationLayer.infinite_22.notif_bg_color)
2026-06-04T12:09:24.732Z [L0]: 6/4 [0]12:09:23.561 D/CLayout SBEngine: Creating object 0x81c4b968 in 22,0,457,279 id 231(NotificationLayer.infinite_22.touch_select)
2026-06-04T12:09:24.733Z [L0]: 6/4 [0]12:09:23.561 D/NOTFWG SBEngine: [addLayoutBranch] add branch NotificationLayer.infinite_22 -2117815472 
2026-06-04T12:09:24.734Z [L0]: 6/4 [0]12:09:23.561 D/CLayout SBEngine: Load layer list_layer
2026-06-04T12:09:24.735Z [L0]: 6/4 [0]12:09:23.561 D/CLayout SBEngine: Creating object 0x81c4b99c in 0,800,493,1039 id 201(NotificationLayer.infinite_23)
2026-06-04T12:09:24.737Z [L0]: 6/4 [0]12:09:23.562 D/CLayout SBEngine: Creating object 0x81c4b9d0 in 22,0,471,239 id 202(null)
2026-06-04T12:09:24.739Z [L0]: 6/4 [0]12:09:23.562 D/CLayout SBEngine: Creating object 0x81c4ba04 in 36,14,443,58 id 203(NotificationLayer.infinite_23.title)
2026-06-04T12:09:24.740Z [L0]: 6/4 [0]12:09:23.562 D/CLayout SBEngine: Creating object 0x81c4ba38 in 36,14,515,53 id 204(NotificationLayer.infinite_23.time)
2026-06-04T12:09:24.742Z [L0]: 6/4 [0]12:09:23.562 D/CLayout SBEngine: Creating object 0x81c4ba6c in 36,194,443,229 id 205(NotificationLayer.infinite_23.second_title)
2026-06-04T12:09:24.743Z [L0]: 6/4 [0]12:09:23.563 D/CLayout SBEngine: Creating object 0x81c4baa0 in 36,324,275,483 id 206(NotificationLayer.infinite_23.content_image)
2026-06-04T12:09:24.745Z [L0]: 6/4 [0]12:09:23.563 D/CLayout SBEngine: Creating object 0x81c4bad4 in 36,161,443,196 id 207(NotificationLayer.infinite_23.content)
2026-06-04T12:09:24.746Z [L0]: 6/4 [0]12:09:23.563 D/CLayout SBEngine: Creating object 0x81c4bb08 in 36,324,443,339 id 208(NotificationLayer.infinite_23.line)
2026-06-04T12:09:24.748Z [L0]: 6/4 [0]12:09:23.563 D/CLayout SBEngine: Creating object 0x81c4bb3c in 36,324,275,483 id 209(NotificationLayer.infinite_23.content_image1)
2026-06-04T12:09:24.749Z [L0]: 6/4 [0]12:09:23.564 D/CLayout SBEngine: Creating object 0x81c4bb70 in 36,161,443,196 id 210(NotificationLayer.infinite_23.content1)
2026-06-04T12:09:24.750Z [L0]: 6/4 [0]12:09:23.564 D/CLayout SBEngine: Creating object 0x81c4bba4 in 36,324,443,339 id 211(NotificationLayer.infinite_23.line1)
2026-06-04T12:09:24.752Z [L0]: 6/4 [0]12:09:23.564 D/CLayout SBEngine: Creating object 0x81c4bbd8 in 36,324,275,483 id 212(NotificationLayer.infinite_23.content_image2)
2026-06-04T12:09:24.753Z [L0]: 6/4 [0]12:09:23.564 D/CLayout SBEngine: Creating object 0x81c4bc0c in 36,161,443,196 id 213(NotificationLayer.infinite_23.content2)
2026-06-04T12:09:24.754Z [L0]: 6/4 [0]12:09:23.565 D/CLayout SBEngine: Creating object 0x81c4bc40 in 36,324,443,339 id 214(NotificationLayer.infinite_23.line2)
2026-06-04T12:09:24.755Z [L0]: 6/4 [0]12:09:23.565 D/CLayout SBEngine: Creating object 0x81c4bc74 in 36,324,275,483 id 215(NotificationLayer.infinite_23.content_image3)
2026-06-04T12:09:24.756Z [L0]: 6/4 [0]12:09:23.565 D/CLayout SBEngine: Creating object 0x81c4bca8 in 36,161,443,196 id 216(NotificationLayer.infinite_23.content3)
2026-06-04T12:09:24.758Z [L0]: 6/4 [0]12:09:23.565 D/CLayout SBEngine: Creating object 0x81c4bcdc in 36,324,443,339 id 217(NotificationLayer.infinite_23.line3)
2026-06-04T12:09:24.759Z [L0]: 6/4 [0]12:09:23.566 D/CLayout SBEngine: Creating object 0x81c4bd10 in 36,324,275,483 id 218(NotificationLayer.infinite_23.content_image4)
2026-06-04T12:09:24.761Z [L0]: 6/4 [0]12:09:23.566 D/CLayout SBEngine: Creating object 0x81c4bd44 in 36,161,443,196 id 219(NotificationLayer.infinite_23.content4)
2026-06-04T12:09:24.763Z [L0]: 6/4 [0]12:09:23.566 D/CLayout SBEngine: Creating object 0x81c4bd78 in 36,324,443,339 id 220(NotificationLayer.infinite_23.line4)
2026-06-04T12:09:24.765Z [L0]: 6/4 [0]12:09:23.566 D/CLayout SBEngine: Creating object 0x81c4bdac in 36,324,275,483 id 221(NotificationLayer.infinite_23.content_image5)
2026-06-04T12:09:24.766Z [L0]: 6/4 [0]12:09:23.567 D/CLayout SBEngine: Creating object 0x81c4bde0 in 36,161,443,196 id 222(NotificationLayer.infinite_23.content5)
2026-06-04T12:09:24.767Z [L0]: 6/4 [0]12:09:23.567 D/CLayout SBEngine: Creating object 0x81c4be14 in 36,324,443,339 id 223(NotificationLayer.infinite_23.line5)
2026-06-04T12:09:24.769Z [L0]: 6/4 [0]12:09:23.567 D/CLayout SBEngine: Creating object 0x81c4be48 in 36,324,275,483 id 224(NotificationLayer.infinite_23.content_image6)
2026-06-04T12:09:24.771Z [L0]: 6/4 [0]12:09:23.567 D/CLayout SBEngine: Creating object 0x81c4be7c in 36,161,443,196 id 225(NotificationLayer.infinite_23.content6)
2026-06-04T12:09:24.772Z [L0]: 6/4 [0]12:09:23.567 D/CLayout SBEngine: Creating object 0x81c4beb0 in 22,242,429,319 id 226(NotificationLayer.infinite_23.textBtn)
2026-06-04T12:09:24.774Z [L0]: 6/4 [0]12:09:23.568 D/CLayout SBEngine: Creating render 0x81c4bee4 in 14,4,380,63 id 227(NotificationLayer.infinite_23.textBtn:0)
2026-06-04T12:09:24.776Z [L0]: 6/4 [0]12:09:23.568 D/CLayout SBEngine: Creating render 0x81c4bf18 in 367,18,398,49 id 228(NotificationLayer.infinite_23.textBtn:1)
2026-06-04T12:09:24.778Z [L0]: 6/4 [0]12:09:23.568 D/CLayout SBEngine: Creating object 0x81c4bf4c in 418,242,457,281 id 229(NotificationLayer.infinite_23.icon_top)
2026-06-04T12:09:24.780Z [L0]: 6/4 [0]12:09:23.568 D/CLayout SBEngine: Creating object 0x81c4bf80 in 22,0,457,232 id 230(NotificationLayer.infinite_23.notif_bg_color)
2026-06-04T12:09:24.782Z [L0]: 6/4 [0]12:09:23.569 D/CLayout SBEngine: Creating object 0x81c4bfb4 in 22,0,457,279 id 231(NotificationLayer.infinite_23.touch_select)
2026-06-04T12:09:24.782Z [L0]: 6/4 [0]12:09:23.569 D/NOTFWG SBEngine: [addLayoutBranch] add branch NotificationLayer.infinite_23 -2117813860 
2026-06-04T12:09:24.784Z [L0]: 6/4 [0]12:09:23.569 D/CLayout SBEngine: Load layer list_layer
2026-06-04T12:09:24.785Z [L0]: 6/4 [0]12:09:23.569 D/CLayout SBEngine: Creating object 0x81c4bfe8 in 0,800,493,1039 id 201(NotificationLayer.infinite_24)
2026-06-04T12:09:24.787Z [L0]: 6/4 [0]12:09:23.570 D/CLayout SBEngine: Creating object 0x81c4c01c in 22,0,471,239 id 202(null)
2026-06-04T12:09:24.789Z [L0]: 6/4 [0]12:09:23.570 D/CLayout SBEngine: Creating object 0x81c4c050 in 36,14,443,58 id 203(NotificationLayer.infinite_24.title)
2026-06-04T12:09:24.790Z [L0]: 6/4 [0]12:09:23.570 D/CLayout SBEngine: Creating object 0x81c4c084 in 36,14,515,53 id 204(NotificationLayer.infinite_24.time)
2026-06-04T12:09:24.791Z [L0]: 6/4 [0]12:09:23.570 D/CLayout SBEngine: Creating object 0x81c4c0b8 in 36,194,443,229 id 205(NotificationLayer.infinite_24.second_title)
2026-06-04T12:09:24.793Z [L0]: 6/4 [0]12:09:23.570 D/CLayout SBEngine: Creating object 0x81c4c0ec in 36,324,275,483 id 206(NotificationLayer.infinite_24.content_image)
2026-06-04T12:09:24.794Z [L0]: 6/4 [0]12:09:23.571 D/CLayout SBEngine: Creating object 0x81c4c120 in 36,161,443,196 id 207(NotificationLayer.infinite_24.content)
2026-06-04T12:09:24.796Z [L0]: 6/4 [0]12:09:23.571 D/CLayout SBEngine: Creating object 0x81c4c154 in 36,324,443,339 id 208(NotificationLayer.infinite_24.line)
2026-06-04T12:09:24.797Z [L0]: 6/4 [0]12:09:23.571 D/CLayout SBEngine: Creating object 0x81c4c188 in 36,324,275,483 id 209(NotificationLayer.infinite_24.content_image1)
2026-06-04T12:09:24.799Z [L0]: 6/4 [0]12:09:23.572 D/CLayout SBEngine: Creating object 0x81c4c1bc in 36,161,443,196 id 210(NotificationLayer.infinite_24.content1)
2026-06-04T12:09:24.800Z [L0]: 6/4 [0]12:09:23.572 D/CLayout SBEngine: Creating object 0x81c4c1f0 in 36,324,443,339 id 211(NotificationLayer.infinite_24.line1)
2026-06-04T12:09:24.802Z [L0]: 6/4 [0]12:09:23.572 D/CLayout SBEngine: Creating object 0x81c4c224 in 36,324,275,483 id 212(NotificationLayer.infinite_24.content_image2)
2026-06-04T12:09:24.804Z [L0]: 6/4 [0]12:09:23.572 D/CLayout SBEngine: Creating object 0x81c4c258 in 36,161,443,196 id 213(NotificationLayer.infinite_24.content2)
2026-06-04T12:09:24.806Z [L0]: 6/4 [0]12:09:23.573 D/CLayout SBEngine: Creating object 0x81c4c28c in 36,324,443,339 id 214(NotificationLayer.infinite_24.line2)
2026-06-04T12:09:24.809Z [L0]: 6/4 [0]12:09:23.573 D/CLayout SBEngine: Creating object 0x81c4c2c0 in 36,324,275,483 id 215(NotificationLayer.infinite_24.content_image3)
2026-06-04T12:09:24.811Z [L0]: 6/4 [0]12:09:23.573 D/CLayout SBEngine: Creating object 0x81c4c2f4 in 36,161,443,196 id 216(NotificationLayer.infinite_24.content3)
2026-06-04T12:09:24.812Z [L0]: 6/4 [0]12:09:23.573 D/CLayout SBEngine: Creating object 0x81c4c328 in 36,324,443,339 id 217(NotificationLayer.infinite_24.line3)
2026-06-04T12:09:24.813Z [L0]: 6/4 [0]12:09:23.574 D/CLayout SBEngine: Creating object 0x81c4c35c in 36,324,275,483 id 218(NotificationLayer.infinite_24.content_image4)
2026-06-04T12:09:24.815Z [L0]: 6/4 [0]12:09:23.574 D/CLayout SBEngine: Creating object 0x81c4c390 in 36,161,443,196 id 219(NotificationLayer.infinite_24.content4)
2026-06-04T12:09:24.816Z [L0]: 6/4 [0]12:09:23.574 D/CLayout SBEngine: Creating object 0x81c4c3c4 in 36,324,443,339 id 220(NotificationLayer.infinite_24.line4)
2026-06-04T12:09:24.818Z [L0]: 6/4 [0]12:09:23.574 D/CLayout SBEngine: Creating object 0x81c4c3f8 in 36,324,275,483 id 221(NotificationLayer.infinite_24.content_image5)
2026-06-04T12:09:24.818Z [L0]: 6/4 [0]12:09:23.575 D/CLayout SBEngine: Creating object 0x81c4c42c in 36,161,443,196 id 222(NotificationLayer.infinite_24.content5)
2026-06-04T12:09:24.819Z [L0]: 6/4 [0]12:09:23.575 D/CLayout SBEngine: Creating object 0x81c4c460 in 36,324,443,339 id 223(NotificationLayer.infinite_24.line5)
2026-06-04T12:09:24.821Z [L0]: 6/4 [0]12:09:23.575 D/CLayout SBEngine: Creating object 0x81c4c494 in 36,324,275,483 id 224(NotificationLayer.infinite_24.content_image6)
2026-06-04T12:09:24.822Z [L0]: 6/4 [0]12:09:23.575 D/CLayout SBEngine: Creating object 0x81c4c4c8 in 36,161,443,196 id 225(NotificationLayer.infinite_24.content6)
2026-06-04T12:09:24.824Z [L0]: 6/4 [0]12:09:23.576 D/CLayout SBEngine: Creating object 0x81c4c4fc in 22,242,429,319 id 226(NotificationLayer.infinite_24.textBtn)
2026-06-04T12:09:24.825Z [L0]: 6/4 [0]12:09:23.576 D/CLayout SBEngine: Creating render 0x81c4c530 in 14,4,380,63 id 227(NotificationLayer.infinite_24.textBtn:0)
2026-06-04T12:09:24.826Z [L0]: 6/4 [0]12:09:23.577 D/CLayout SBEngine: Creating render 0x81c4c564 in 367,18,398,49 id 228(NotificationLayer.infinite_24.textBtn:1)
2026-06-04T12:09:24.827Z [L0]: 6/4 [0]12:09:23.577 D/CLayout SBEngine: Creating object 0x81c4c598 in 418,242,457,281 id 229(NotificationLayer.infinite_24.icon_top)
2026-06-04T12:09:24.828Z [L0]: 6/4 [0]12:09:23.577 D/CLayout SBEngine: Creating object 0x81c4c5cc in 22,0,457,232 id 230(NotificationLayer.infinite_24.notif_bg_color)
2026-06-04T12:09:24.829Z [L0]: 6/4 [0]12:09:23.578 D/CLayout SBEngine: Creating object 0x81c4c600 in 22,0,457,279 id 231(NotificationLayer.infinite_24.touch_select)
2026-06-04T12:09:24.830Z [L0]: 6/4 [0]12:09:23.578 D/NOTFWG SBEngine: [addLayoutBranch] add branch NotificationLayer.infinite_24 -2117812248 
2026-06-04T12:09:24.833Z [L0]: 6/4 [0]12:09:23.578 D/CLayout SBEngine: Load layer list_layer
2026-06-04T12:09:24.835Z [L0]: 6/4 [0]12:09:23.578 D/CLayout SBEngine: Creating object 0x81c4c634 in 0,800,493,1039 id 201(NotificationLayer.infinite_25)
2026-06-04T12:09:24.837Z [L0]: 6/4 [0]12:09:23.579 D/CLayout SBEngine: Creating object 0x81c4c668 in 22,0,471,239 id 202(null)
2026-06-04T12:09:24.838Z [L0]: 6/4 [0]12:09:23.579 D/CLayout SBEngine: Creating object 0x81c4c69c in 36,14,443,58 id 203(NotificationLayer.infinite_25.title)
2026-06-04T12:09:24.840Z [L0]: 6/4 [0]12:09:23.579 D/CLayout SBEngine: Creating object 0x81c4c6d0 in 36,14,515,53 id 204(NotificationLayer.infinite_25.time)
2026-06-04T12:09:24.842Z [L0]: 6/4 [0]12:09:23.579 D/CLayout SBEngine: Creating object 0x81c4c704 in 36,194,443,229 id 205(NotificationLayer.infinite_25.second_title)
2026-06-04T12:09:24.844Z [L0]: 6/4 [0]12:09:23.580 D/CLayout SBEngine: Creating object 0x81c4c738 in 36,324,275,483 id 206(NotificationLayer.infinite_25.content_image)
2026-06-04T12:09:24.845Z [L0]: 6/4 [0]12:09:23.580 D/CLayout SBEngine: Creating object 0x81c4c76c in 36,161,443,196 id 207(NotificationLayer.infinite_25.content)
2026-06-04T12:09:24.847Z [L0]: 6/4 [0]12:09:23.580 D/CLayout SBEngine: Creating object 0x81c4c7a0 in 36,324,443,339 id 208(NotificationLayer.infinite_25.line)
2026-06-04T12:09:24.849Z [L0]: 6/4 [0]12:09:23.580 D/CLayout SBEngine: Creating object 0x81c4c7d4 in 36,324,275,483 id 209(NotificationLayer.infinite_25.content_image1)
2026-06-04T12:09:24.850Z [L0]: 6/4 [0]12:09:23.580 D/CLayout SBEngine: Creating object 0x81c4c808 in 36,161,443,196 id 210(NotificationLayer.infinite_25.content1)
2026-06-04T12:09:24.851Z [L0]: 6/4 [0]12:09:23.581 D/CLayout SBEngine: Creating object 0x81c4c83c in 36,324,443,339 id 211(NotificationLayer.infinite_25.line1)
2026-06-04T12:09:24.853Z [L0]: 6/4 [0]12:09:23.581 D/CLayout SBEngine: Creating object 0x81c4c870 in 36,324,275,483 id 212(NotificationLayer.infinite_25.content_image2)
2026-06-04T12:09:24.856Z [L0]: 6/4 [0]12:09:23.581 D/CLayout SBEngine: Creating object 0x81c4c8a4 in 36,161,443,196 id 213(NotificationLayer.infinite_25.content2)
2026-06-04T12:09:24.857Z [L0]: 6/4 [0]12:09:23.582 D/CLayout SBEngine: Creating object 0x81c4c8d8 in 36,324,443,339 id 214(NotificationLayer.infinite_25.line2)
2026-06-04T12:09:24.858Z [L0]: 6/4 [0]12:09:23.582 D/CLayout SBEngine: Creating object 0x81c4c90c in 36,324,275,483 id 215(NotificationLayer.infinite_25.content_image3)
2026-06-04T12:09:24.860Z [L0]: 6/4 [0]12:09:23.582 D/CLayout SBEngine: Creating object 0x81c4c940 in 36,161,443,196 id 216(NotificationLayer.infinite_25.content3)
2026-06-04T12:09:24.861Z [L0]: 6/4 [0]12:09:23.582 D/CLayout SBEngine: Creating object 0x81c4c974 in 36,324,443,339 id 217(NotificationLayer.infinite_25.line3)
2026-06-04T12:09:24.863Z [L0]: 6/4 [0]12:09:23.583 D/CLayout SBEngine: Creating object 0x81c4c9a8 in 36,324,275,483 id 218(NotificationLayer.infinite_25.content_image4)
2026-06-04T12:09:24.864Z [L0]: 6/4 [0]12:09:23.583 D/CLayout SBEngine: Creating object 0x81c4c9dc in 36,161,443,196 id 219(NotificationLayer.infinite_25.content4)
2026-06-04T12:09:24.867Z [L0]: 6/4 [0]12:09:23.583 D/CLayout SBEngine: Creating object 0x81c4ca10 in 36,324,443,339 id 220(NotificationLayer.infinite_25.line4)
2026-06-04T12:09:24.869Z [L0]: 6/4 [0]12:09:23.584 D/CLayout SBEngine: Creating object 0x81c4ca44 in 36,324,275,483 id 221(NotificationLayer.infinite_25.content_image5)
2026-06-04T12:09:24.870Z [L0]: 6/4 [0]12:09:23.584 D/CLayout SBEngine: Creating object 0x81c4ca78 in 36,161,443,196 id 222(NotificationLayer.infinite_25.content5)
2026-06-04T12:09:24.872Z [L0]: 6/4 [0]12:09:23.584 D/CLayout SBEngine: Creating object 0x81c4caac in 36,324,443,339 id 223(NotificationLayer.infinite_25.line5)
2026-06-04T12:09:24.873Z [L0]: 6/4 [0]12:09:23.584 D/CLayout SBEngine: Creating object 0x81c4cae0 in 36,324,275,483 id 224(NotificationLayer.infinite_25.content_image6)
2026-06-04T12:09:24.876Z [L0]: 6/4 [0]12:09:23.585 D/CLayout SBEngine: Creating object 0x81c4cb14 in 36,161,443,196 id 225(NotificationLayer.infinite_25.content6)
2026-06-04T12:09:24.878Z [L0]: 6/4 [0]12:09:23.585 D/CLayout SBEngine: Creating object 0x81c4cb48 in 22,242,429,319 id 226(NotificationLayer.infinite_25.textBtn)
2026-06-04T12:09:24.880Z [L0]: 6/4 [0]12:09:23.585 D/CLayout SBEngine: Creating render 0x81c4cb7c in 14,4,380,63 id 227(NotificationLayer.infinite_25.textBtn:0)
2026-06-04T12:09:24.882Z [L0]: 6/4 [0]12:09:23.585 D/CLayout SBEngine: Creating render 0x81c4cbb0 in 367,18,398,49 id 228(NotificationLayer.infinite_25.textBtn:1)
2026-06-04T12:09:24.883Z [L0]: 6/4 [0]12:09:23.585 D/CLayout SBEngine: Creating object 0x81c4cbe4 in 418,242,457,281 id 229(NotificationLayer.infinite_25.icon_top)
2026-06-04T12:09:24.885Z [L0]: 6/4 [0]12:09:23.586 D/CLayout SBEngine: Creating object 0x81c4cc18 in 22,0,457,232 id 230(NotificationLayer.infinite_25.notif_bg_color)
2026-06-04T12:09:24.886Z [L0]: 6/4 [0]12:09:23.586 D/CLayout SBEngine: Creating object 0x81c4cc4c in 22,0,457,279 id 231(NotificationLayer.infinite_25.touch_select)
2026-06-04T12:09:24.886Z [L0]: 6/4 [0]12:09:23.586 D/NOTFWG SBEngine: [addLayoutBranch] add branch NotificationLayer.infinite_25 -2117810636 
2026-06-04T12:09:24.887Z [L0]: 6/4 [0]12:09:23.587 D/CLayout SBEngine: Load layer list_layer
2026-06-04T12:09:24.888Z [L0]: 6/4 [0]12:09:23.587 D/CLayout SBEngine: Creating object 0x81c4cc80 in 0,800,493,1039 id 201(NotificationLayer.infinite_26)
2026-06-04T12:09:24.889Z [L0]: 6/4 [0]12:09:23.587 D/CLayout SBEngine: Creating object 0x81c4ccb4 in 22,0,471,239 id 202(null)
2026-06-04T12:09:24.891Z [L0]: 6/4 [0]12:09:23.588 D/CLayout SBEngine: Creating object 0x81c4cce8 in 36,14,443,58 id 203(NotificationLayer.infinite_26.title)
2026-06-04T12:09:24.893Z [L0]: 6/4 [0]12:09:23.588 D/CLayout SBEngine: Creating object 0x81c4cd1c in 36,14,515,53 id 204(NotificationLayer.infinite_26.time)
2026-06-04T12:09:24.894Z [L0]: 6/4 [0]12:09:23.588 D/CLayout SBEngine: Creating object 0x81c4cd50 in 36,194,443,229 id 205(NotificationLayer.infinite_26.second_title)
2026-06-04T12:09:24.896Z [L0]: 6/4 [0]12:09:23.588 D/CLayout SBEngine: Creating object 0x81c4cd84 in 36,324,275,483 id 206(NotificationLayer.infinite_26.content_image)
2026-06-04T12:09:24.897Z [L0]: 6/4 [0]12:09:23.589 D/CLayout SBEngine: Creating object 0x81ea9eb8 in 36,161,443,196 id 207(NotificationLayer.infinite_26.content)
2026-06-04T12:09:24.898Z [L0]: 6/4 [0]12:09:23.589 D/CLayout SBEngine: Creating object 0x81ea9eec in 36,324,443,339 id 208(NotificationLayer.infinite_26.line)
2026-06-04T12:09:24.899Z [L0]: 6/4 [0]12:09:23.589 D/CLayout SBEngine: Creating object 0x81ea9f20 in 36,324,275,483 id 209(NotificationLayer.infinite_26.content_image1)
2026-06-04T12:09:24.901Z [L0]: 6/4 [0]12:09:23.589 D/CLayout SBEngine: Creating object 0x81ea9f54 in 36,161,443,196 id 210(NotificationLayer.infinite_26.content1)
2026-06-04T12:09:24.903Z [L0]: 6/4 [0]12:09:23.590 D/CLayout SBEngine: Creating object 0x81ea9f88 in 36,324,443,339 id 211(NotificationLayer.infinite_26.line1)
2026-06-04T12:09:24.905Z [L0]: 6/4 [0]12:09:23.590 D/CLayout SBEngine: Creating object 0x81ea9fbc in 36,324,275,483 id 212(NotificationLayer.infinite_26.content_image2)
2026-06-04T12:09:24.905Z [L0]: 6/4 [0]12:09:23.590 D/CLayout SBEngine: Creating object 0x81ea9ff0 in 36,161,443,196 id 213(NotificationLayer.infinite_26.content2)
2026-06-04T12:09:24.906Z [L0]: 6/4 [0]12:09:23.590 D/CLayout SBEngine: Creating object 0x81eaa024 in 36,324,443,339 id 214(NotificationLayer.infinite_26.line2)
2026-06-04T12:09:24.907Z [L0]: 6/4 [0]12:09:23.590 D/CLayout SBEngine: Creating object 0x81eaa058 in 36,324,275,483 id 215(NotificationLayer.infinite_26.content_image3)
2026-06-04T12:09:24.909Z [L0]: 6/4 [0]12:09:23.591 D/CLayout SBEngine: Creating object 0x81eaa08c in 36,161,443,196 id 216(NotificationLayer.infinite_26.content3)
2026-06-04T12:09:24.910Z [L0]: 6/4 [0]12:09:23.591 D/CLayout SBEngine: Creating object 0x81eaa0c0 in 36,324,443,339 id 217(NotificationLayer.infinite_26.line3)
2026-06-04T12:09:24.910Z [L0]: 6/4 [0]12:09:23.591 D/CLayout SBEngine: Creating object 0x81eaa0f4 in 36,324,275,483 id 218(NotificationLayer.infinite_26.content_image4)
2026-06-04T12:09:24.911Z [L0]: 6/4 [0]12:09:23.591 D/CLayout SBEngine: Creating object 0x81eaa128 in 36,161,443,196 id 219(NotificationLayer.infinite_26.content4)
2026-06-04T12:09:24.912Z [L0]: 6/4 [0]12:09:23.592 D/CLayout SBEngine: Creating object 0x81eaa15c in 36,324,443,339 id 220(NotificationLayer.infinite_26.line4)
2026-06-04T12:09:24.913Z [L0]: 6/4 [0]12:09:23.592 D/CLayout SBEngine: Creating object 0x81eaa190 in 36,324,275,483 id 221(NotificationLayer.infinite_26.content_image5)
2026-06-04T12:09:24.915Z [L0]: 6/4 [0]12:09:23.592 D/CLayout SBEngine: Creating object 0x81eaa1c4 in 36,161,443,196 id 222(NotificationLayer.infinite_26.content5)
2026-06-04T12:09:24.916Z [L0]: 6/4 [0]12:09:23.593 D/CLayout SBEngine: Creating object 0x81eaa1f8 in 36,324,443,339 id 223(NotificationLayer.infinite_26.line5)
2026-06-04T12:09:24.917Z [L0]: 6/4 [0]12:09:23.593 D/CLayout SBEngine: Creating object 0x81eaa22c in 36,324,275,483 id 224(NotificationLayer.infinite_26.content_image6)
2026-06-04T12:09:24.918Z [L0]: 6/4 [0]12:09:23.593 D/CLayout SBEngine: Creating object 0x81eaa260 in 36,161,443,196 id 225(NotificationLayer.infinite_26.content6)
2026-06-04T12:09:24.919Z [L0]: 6/4 [0]12:09:23.593 D/CLayout SBEngine: Creating object 0x81eaa294 in 22,242,429,319 id 226(NotificationLayer.infinite_26.textBtn)
2026-06-04T12:09:24.920Z [L0]: 6/4 [0]12:09:23.594 D/CLayout SBEngine: Creating render 0x81eaa2c8 in 14,4,380,63 id 227(NotificationLayer.infinite_26.textBtn:0)
2026-06-04T12:09:24.921Z [L0]: 6/4 [0]12:09:23.594 D/CLayout SBEngine: Creating render 0x81eaa2fc in 367,18,398,49 id 228(NotificationLayer.infinite_26.textBtn:1)
2026-06-04T12:09:24.923Z [L0]: 6/4 [0]12:09:23.594 D/CLayout SBEngine: Creating object 0x81eaa330 in 418,242,457,281 id 229(NotificationLayer.infinite_26.icon_top)
2026-06-04T12:09:24.923Z [L0]: 6/4 [0]12:09:23.594 D/CLayout SBEngine: Creating object 0x81eaa364 in 22,0,457,232 id 230(NotificationLayer.infinite_26.notif_bg_color)
2026-06-04T12:09:24.924Z [L0]: 6/4 [0]12:09:23.595 D/CLayout SBEngine: Creating object 0x81eaa398 in 22,0,457,279 id 231(NotificationLayer.infinite_26.touch_select)
2026-06-04T12:09:24.925Z [L0]: 6/4 [0]12:09:23.595 D/NOTFWG SBEngine: [addLayoutBranch] add branch NotificationLayer.infinite_26 -2117809024 
2026-06-04T12:09:24.926Z [L0]: 6/4 [0]12:09:23.595 D/CLayout SBEngine: Load layer list_layer
2026-06-04T12:09:24.928Z [L0]: 6/4 [0]12:09:23.595 D/CLayout SBEngine: Creating object 0x81eaa3cc in 0,800,493,1039 id 201(NotificationLayer.infinite_27)
2026-06-04T12:09:24.930Z [L0]: 6/4 [0]12:09:23.596 D/CLayout SBEngine: Creating object 0x81eaa400 in 22,0,471,239 id 202(null)
2026-06-04T12:09:24.932Z [L0]: 6/4 [0]12:09:23.596 D/CLayout SBEngine: Creating object 0x81eaa434 in 36,14,443,58 id 203(NotificationLayer.infinite_27.title)
2026-06-04T12:09:24.933Z [L0]: 6/4 [0]12:09:23.596 D/CLayout SBEngine: Creating object 0x81eaa468 in 36,14,515,53 id 204(NotificationLayer.infinite_27.time)
2026-06-04T12:09:24.935Z [L0]: 6/4 [0]12:09:23.596 D/CLayout SBEngine: Creating object 0x81eaa49c in 36,194,443,229 id 205(NotificationLayer.infinite_27.second_title)
2026-06-04T12:09:24.937Z [L0]: 6/4 [0]12:09:23.597 D/CLayout SBEngine: Creating object 0x81eaa4d0 in 36,324,275,483 id 206(NotificationLayer.infinite_27.content_image)
2026-06-04T12:09:24.939Z [L0]: 6/4 [0]12:09:23.597 D/CLayout SBEngine: Creating object 0x81eaa504 in 36,161,443,196 id 207(NotificationLayer.infinite_27.content)
2026-06-04T12:09:24.940Z [L0]: 6/4 [0]12:09:23.597 D/CLayout SBEngine: Creating object 0x81eaa538 in 36,324,443,339 id 208(NotificationLayer.infinite_27.line)
2026-06-04T12:09:24.942Z [L0]: 6/4 [0]12:09:23.597 D/CLayout SBEngine: Creating object 0x81eaa56c in 36,324,275,483 id 209(NotificationLayer.infinite_27.content_image1)
2026-06-04T12:09:24.945Z [L0]: 6/4 [0]12:09:23.598 D/CLayout SBEngine: Creating object 0x81eaa5a0 in 36,161,443,196 id 210(NotificationLayer.infinite_27.content1)
2026-06-04T12:09:24.946Z [L0]: 6/4 [0]12:09:23.598 D/CLayout SBEngine: Creating object 0x81eaa5d4 in 36,324,443,339 id 211(NotificationLayer.infinite_27.line1)
2026-06-04T12:09:24.947Z [L0]: 6/4 [0]12:09:23.598 D/CLayout SBEngine: Creating object 0x81eaa608 in 36,324,275,483 id 212(NotificationLayer.infinite_27.content_image2)
2026-06-04T12:09:24.948Z [L0]: 6/4 [0]12:09:23.598 D/CLayout SBEngine: Creating object 0x81eaa63c in 36,161,443,196 id 213(NotificationLayer.infinite_27.content2)
2026-06-04T12:09:24.950Z [L0]: 6/4 [0]12:09:23.599 D/CLayout SBEngine: Creating object 0x81eaa670 in 36,324,443,339 id 214(NotificationLayer.infinite_27.line2)
2026-06-04T12:09:24.951Z [L0]: 6/4 [0]12:09:23.599 D/CLayout SBEngine: Creating object 0x81eaa6a4 in 36,324,275,483 id 215(NotificationLayer.infinite_27.content_image3)
2026-06-04T12:09:24.953Z [L0]: 6/4 [0]12:09:23.599 D/CLayout SBEngine: Creating object 0x81eaa6d8 in 36,161,443,196 id 216(NotificationLayer.infinite_27.content3)
2026-06-04T12:09:24.954Z [L0]: 6/4 [0]12:09:23.599 D/CLayout SBEngine: Creating object 0x81eaa70c in 36,324,443,339 id 217(NotificationLayer.infinite_27.line3)
2026-06-04T12:09:24.954Z [L0]: 6/4 [0]12:09:23.599 D/CLayout SBEngine: Creating object 0x81eaa740 in 36,324,275,483 id 218(NotificationLayer.infinite_27.content_image4)
2026-06-04T12:09:24.955Z [L0]: 6/4 [0]12:09:23.600 D/CLayout SBEngine: Creating object 0x81eaa774 in 36,161,443,196 id 219(NotificationLayer.infinite_27.content4)
2026-06-04T12:09:24.957Z [L0]: 6/4 [0]12:09:23.600 D/CLayout SBEngine: Creating object 0x81eaa7a8 in 36,324,443,339 id 220(NotificationLayer.infinite_27.line4)
2026-06-04T12:09:24.958Z [L0]: 6/4 [0]12:09:23.600 D/CLayout SBEngine: Creating object 0x81eaa7dc in 36,324,275,483 id 221(NotificationLayer.infinite_27.content_image5)
2026-06-04T12:09:24.960Z [L0]: 6/4 [0]12:09:23.600 D/CLayout SBEngine: Creating object 0x81eaa810 in 36,161,443,196 id 222(NotificationLayer.infinite_27.content5)
2026-06-04T12:09:24.962Z [L0]: 6/4 [0]12:09:23.601 D/CLayout SBEngine: Creating object 0x81eaa844 in 36,324,443,339 id 223(NotificationLayer.infinite_27.line5)
2026-06-04T12:09:24.965Z [L0]: 6/4 [0]12:09:23.601 D/CLayout SBEngine: Creating object 0x81eaa878 in 36,324,275,483 id 224(NotificationLayer.infinite_27.content_image6)
2026-06-04T12:09:24.967Z [L0]: 6/4 [0]12:09:23.601 D/CLayout SBEngine: Creating object 0x81eaa8ac in 36,161,443,196 id 225(NotificationLayer.infinite_27.content6)
2026-06-04T12:09:24.969Z [L0]: 6/4 [0]12:09:23.602 D/CLayout SBEngine: Creating object 0x81eaa8e0 in 22,242,429,319 id 226(NotificationLayer.infinite_27.textBtn)
2026-06-04T12:09:24.971Z [L0]: 6/4 [0]12:09:23.602 D/CLayout SBEngine: Creating render 0x81eaa914 in 14,4,380,63 id 227(NotificationLayer.infinite_27.textBtn:0)
2026-06-04T12:09:24.972Z [L0]: 6/4 [0]12:09:23.602 D/CLayout SBEngine: Creating render 0x81eaa948 in 367,18,398,49 id 228(NotificationLayer.infinite_27.textBtn:1)
2026-06-04T12:09:24.972Z [L0]: 6/4 [0]12:09:23.602 D/CLayout SBEngine: Creating object 0x81eaa97c in 418,242,457,281 id 229(NotificationLayer.infinite_27.icon_top)
2026-06-04T12:09:24.974Z [L0]: 6/4 [0]12:09:23.603 D/CLayout SBEngine: Creating object 0x81eaa9b0 in 22,0,457,232 id 230(NotificationLayer.infinite_27.notif_bg_color)
2026-06-04T12:09:24.974Z [L0]: 6/4 [0]12:09:23.603 D/CLayout SBEngine: Creating object 0x81eaa9e4 in 22,0,457,279 id 231(NotificationLayer.infinite_27.touch_select)
2026-06-04T12:09:24.975Z [L0]: 6/4 [0]12:09:23.603 D/NOTFWG SBEngine: [addLayoutBranch] add branch NotificationLayer.infinite_27 -2115329076 
2026-06-04T12:09:24.976Z [L0]: 6/4 [0]12:09:23.604 I/MList SBEngine: itemInitItem update item eid:0
2026-06-04T12:09:24.977Z [L0]: 6/4 [0]12:09:23.604 W/NOTFWG SBEngine: settingList_updateItem error 0
2026-06-04T12:09:24.978Z [L0]: 6/4 [0]12:09:23.605 I/MList SBEngine: itemInitItem update item eid:1
2026-06-04T12:09:24.979Z [L0]: 6/4 [0]12:09:23.605 W/NOTFWG SBEngine: settingList_updateItem idx=1,itemGroupPath=NotificationLayer.item_1,itemLevel=0,itemidx=1
2026-06-04T12:09:24.981Z [L0]: 6/4 [0]12:09:23.606 I/MList SBEngine: relayout2 updateByAnchor: lv 0,idx 0, y 0,h 101
2026-06-04T12:09:24.983Z [L0]: 6/4 [0]12:09:23.606 I/MList SBEngine: lv 0,idx 1,y 132,h 110,eid:1
2026-06-04T12:09:24.985Z [L0]: 6/4 [0]12:09:23.606 I/MList SBEngine: objLayout lv 0,idx 1, y 132,h 110, eid:1 path:item_1,visible:1 CanMovex: 0
2026-06-04T12:09:24.987Z [L0]: 6/4 [0]12:09:23.607 I/MList SBEngine: relayout2 finished
2026-06-04T12:09:24.989Z [L0]: 6/4 [0]12:09:23.609 W/NOTFWG SBEngine: [setFocusItemDetailToFlow] No valid list item
2026-06-04T12:09:24.990Z [L0]: 6/4 [0]12:09:23.609 I/MListFocus SBEngine: mList_bgMode_showFocus user set 1 true
2026-06-04T12:09:24.992Z [L0]: 6/4 [0]12:09:23.610 W/NOTFWG SBEngine: =======setNotificationInfo all_item=0
2026-06-04T12:09:24.993Z [L0]: 6/4 [0]12:09:23.611 W/NOTFWG SBEngine: =======setNotificationInfo all_item=0
2026-06-04T12:09:24.995Z [L0]: 6/4 [0]12:09:23.611 I/LANCH SBEngine: launcherSetScrollDisable g_launcher_scroll_disable = 0
2026-06-04T12:09:24.997Z [L0]: 6/4 [0]12:09:23.612 D/LANCH SBEngine: launcher onScreenResume
2026-06-04T12:09:24.998Z [L0]: 6/4 [0]12:09:23.612 D/CLayout SBEngine: >>gr_notify_callback_context event=gre.screenhide.post from LauncherScreen to JsApp8_Screen
2026-06-04T12:09:25.000Z [L0]: 6/4 [0]12:09:23.612 D/sb_screen_adapter SBEngine: onSBScreenPostDestory JsApp8_Screen
2026-06-04T12:09:25.002Z [L0]: 6/4 [0]12:09:23.613 I/js_view SBEngine: onScreenPostDestory screenContext 0x81d38db0
2026-06-04T12:09:25.004Z [L0]: 6/4 [0]12:09:23.613 I/js_view SBEngine: js_get_app_screen_ctx: found screen(JsApp8_Screen)
2026-06-04T12:09:25.006Z [L0]: 6/4 [0]12:09:23.613 I/js_rt_screen_app SBEngine: [js_screen_app_on_destroy] destory_app 1 rt_cell->pcid 500000002
2026-06-04T12:09:25.008Z [L0]: 6/4 [0]12:09:23.613 I/js_runtime SBEngine: malloc_size:1211940 before destory page
2026-06-04T12:09:25.008Z [L0]: 6/4 [0]12:09:23.613 I/jsRtApkMng SBEngine: js_rt_DestoryContiner: pcid(500000002)
2026-06-04T12:09:25.009Z [L0]: 6/4 [0]12:09:23.613 D/jsRtApkMng SBEngine: switch_currentApp: same pid: 5 (appid 0010C8D9)
2026-06-04T12:09:25.011Z [L0]: 6/4 [0]12:09:23.614 D/js_timer SBEngine: _timer_on_destroy pcid(500000002)
2026-06-04T12:09:25.013Z [L0]: 6/4 [0]12:09:23.614 D/JsMsgBus SBEngine: _on_rt_destroy pcid: 500000002
2026-06-04T12:09:25.014Z [L0]: 6/4 [0]12:09:23.614 D/JS_SETTING SBEngine: _onAppDestroyed pcid(500000002)
2026-06-04T12:09:25.015Z [L0]: 6/4 [0]12:09:23.614 D/js_ui SBEngine: js_delete_widget2 name:JsTemplate.image, id:155
2026-06-04T12:09:25.016Z [L0]: 6/4 [0]12:09:23.614 D/js_ui SBEngine: js_delete_widget2 name:JsTemplate.text, id:156
2026-06-04T12:09:25.017Z [L0]: 6/4 [0]12:09:23.614 D/js_ui SBEngine: js_delete_widget2 name:JsTemplate.text, id:157
2026-06-04T12:09:25.018Z [L0]: 6/4 [0]12:09:23.615 D/js_ui SBEngine: js_delete_widget2 name:JsTemplate.image, id:158
2026-06-04T12:09:25.020Z [L0]: 6/4 [0]12:09:23.615 D/js_ui SBEngine: js_delete_widget2 name:JsTemplate.image, id:159
2026-06-04T12:09:25.022Z [L0]: 6/4 [0]12:09:23.615 D/js_ui SBEngine: js_delete_widget2 name:JsTemplate.image, id:160
2026-06-04T12:09:25.024Z [L0]: 6/4 [0]12:09:23.615 D/js_ui SBEngine: js_delete_widget2 name:JsTemplate.text, id:161
2026-06-04T12:09:25.026Z [L0]: 6/4 [0]12:09:23.615 D/js_ui SBEngine: js_delete_widget2 name:JsTemplate.group, id:154
2026-06-04T12:09:25.027Z [L0]: 6/4 [0]12:09:23.616 D/JS_BLEFT SBEngine: _file_transfer_destroy pcid(500000002)
2026-06-04T12:09:25.028Z [L0]: 6/4 [0]12:09:23.616 D/jsMedia SBEngine: js_media_destory pcid(500000002)
2026-06-04T12:09:25.030Z [L0]: 6/4 [0]12:09:23.616 D/JsSysApi SBEngine: _onJsAppDestroy pcid(500000002)
2026-06-04T12:09:25.031Z [L0]: 6/4 [0]12:09:23.616 D/JsOnlineVAD SBEngine: _onJsAppDestroy pcid(500000002)
2026-06-04T12:09:25.033Z [L0]: 6/4 [0]12:09:23.617 I/jsRtApkMng SBEngine: js_rt_DestoryApp: pcid(500000002)
2026-06-04T12:09:25.035Z [L0]: 6/4 [0]12:09:23.618 D/jsRtApkMng SBEngine: switch_currentApp: same pid: 5 (appid 0010C8D9)
2026-06-04T12:09:25.036Z [L0]: 6/4 [0]12:09:23.618 D/js_rt_app SBEngine: runAppFunc: run App: onDestory
2026-06-04T12:09:25.038Z [L0]: 6/4 [0]12:09:23.618 D/js_rt_app SBEngine: runAppFunc: run App: onDestroy
2026-06-04T12:09:25.039Z [L0]: 6/4 [0]12:09:23.619 D/jsRtApkMng SBEngine: [js_rt_pcid_set] 500000002 -> 500000000
2026-06-04T12:09:25.041Z [L0]: 6/4 [0]12:09:23.619 D/jsMmStat SBEngine: [js_mm_stat_ctx_set] pcid: 500000002 -> 500000000
2026-06-04T12:09:25.043Z [L0]: 6/4 [0]12:09:23.619 D/jsMmStat SBEngine: get_mid found mid 0
2026-06-04T12:09:25.045Z [L0]: 6/4 [0]12:09:23.619 I/quickjs-libc SBEngine: app on destroy invoke 
2026-06-04T12:09:25.047Z [L0]: 6/4 [0]12:09:23.620 D/js_timer SBEngine: _timer_on_destroy pcid(500000000)
2026-06-04T12:09:25.049Z [L0]: 6/4 [0]12:09:23.620 D/JsMsgBus SBEngine: _on_rt_destroy pcid: 500000000
2026-06-04T12:09:25.049Z [L0]: 6/4 [0]12:09:23.620 W/jsapp_sp SBEngine: [js_app_srv_wf_get_node] not found for appid[0010c8d9]
2026-06-04T12:09:25.051Z [L0]: 6/4 [0]12:09:23.620 D/JS_SETTING SBEngine: _onAppDestroyed pcid(500000000)
2026-06-04T12:09:25.052Z [L0]: 6/4 [0]12:09:23.621 D/js_ui SBEngine: js_widget_destroy_class_proto JsTemplate.group
2026-06-04T12:09:25.054Z [L0]: 6/4 [0]12:09:23.621 D/js_ui SBEngine: js_widget_destroy_class_proto JsTemplate.text
2026-06-04T12:09:25.055Z [L0]: 6/4 [0]12:09:23.621 D/JS_BLEFT SBEngine: _file_transfer_destroy pcid(500000000)
2026-06-04T12:09:25.056Z [L0]: 6/4 [0]12:09:23.621 D/jsMedia SBEngine: js_media_destory pcid(500000000)
2026-06-04T12:09:25.058Z [L0]: 6/4 [0]12:09:23.622 D/JsSysApi SBEngine: _onJsAppDestroy pcid(500000000)
2026-06-04T12:09:25.059Z [L0]: 6/4 [0]12:09:23.622 D/JsOnlineVAD SBEngine: _onJsAppDestroy pcid(500000000)
2026-06-04T12:09:25.060Z [L0]: 6/4 [0]12:09:23.622 I/jsRtApkMng SBEngine: switch_currentApp: reset to pid: 2 (appid 2DFF)
2026-06-04T12:09:25.061Z [L0]: 6/4 [0]12:09:23.622 D/jsMmStat SBEngine: [js_mm_stat_ctx_set] pcid: 500000000 -> 200000001
2026-06-04T12:09:25.063Z [L0]: 6/4 [0]12:09:23.622 I/js_runtime SBEngine: malloc_size:1191328 after destory app
2026-06-04T12:09:25.065Z [L0]: 6/4 [0]12:09:23.623 D/js_rt_screen_common SBEngine: js_screen_destory_app: run GC
2026-06-04T12:09:25.066Z [L0]: 6/4 [0]12:09:23.634 I/js_runtime SBEngine: malloc_size:1163292 after destory page
2026-06-04T12:09:25.068Z [L0]: 6/4 [0]12:09:23.634 D/jsRtApkMng SBEngine: js_rt_get_appid: app_p is NULL, pcid(500000000)
2026-06-04T12:09:25.069Z [L0]: 6/4 [0]12:09:23.634 D/jsMmStat SBEngine: _mm_check_running appid 1099993 pid 5 stopped!
2026-06-04T12:09:25.071Z [L0]: 6/4 [0]12:09:23.634 I/jsMmStat SBEngine: [0] appid:00002DFF pid:  2 count:  786 total:  56876 peak:  65916 bytes
2026-06-04T12:09:25.073Z [L0]: 6/4 [0]12:09:23.635 I/jsMmStat SBEngine: [0] appid:00000001 pid:  0 count:17249 total:1087680 peak:1410148 bytes
2026-06-04T12:09:25.075Z [L0]: 6/4 [0]12:09:23.635 I/js_rt_screen_app SBEngine: _release_layer cell_p 0x800430eb release JsAppEmpty3 , type 5
2026-06-04T12:09:25.076Z [L0]: 6/4 [0]12:09:23.635 I/js_rt_screen_app SBEngine: [js_screen_app_on_destroy] destorying app, current cell is set to NULL
2026-06-04T12:09:25.078Z [L0]: 6/4 [0]12:09:23.635 D/CLayout SBEngine: context 2 destruction complete!
2026-06-04T12:09:25.080Z [L0]: 6/4 [0]12:09:23.636 I/js_view SBEngine: onScreenPostDestory screen JsApp8_Screen detach layer JsAppEmpty3
2026-06-04T12:09:25.081Z [L0]: 6/4 [0]12:09:23.636 I/js_view SBEngine: onScreenPostDestory end
2026-06-04T12:09:25.119Z [L0]: 6/4 [0]12:09:23.636 D/CLayout SBEngine: context 1 destruction complete!6/4 [0]12:09:23.658 I/SB SBEngine: stop deletion list timer.
2026-06-04T12:09:25.120Z [L0]: 6/4 [0]12:09:23.659 D/CLayout SBEngine: >>gr_notify_callback_context event=gre.screenshow.pre from LauncherScreen to JsApp9_Screen
2026-06-04T12:09:25.122Z [L0]: 6/4 [0]12:09:23.659 D/sb_screen_adapter SBEngine: onSBScreenPreCreate JsApp9_Screen
2026-06-04T12:09:25.123Z [L0]: 6/4 [0]12:09:23.660 D/CLayout SBEngine: [_load_file_to_memory] stat '/storage/system/resources/styles/JsApp9_Screen.bstyle' failed!
2026-06-04T12:09:25.124Z [L0]: 6/4 [0]12:09:23.660 I/js_view SBEngine: onScreenPreCreate start, screenContext 0x81d38db0
2026-06-04T12:09:25.125Z [L0]: 6/4 [0]12:09:23.660 I/js_view SBEngine: js_get_app_screen_ctx: found screen(JsApp9_Screen)
2026-06-04T12:09:25.127Z [L0]: 6/4 [0]12:09:23.660 I/js_rt_screen_app SBEngine: _get_layer_name allocate JsAppEmpty4, type 5
2026-06-04T12:09:25.129Z [L0]: 6/4 [0]12:09:23.661 I/js_view SBEngine: onScreenPreCreate screen[JsApp9_Screen] requeset new cntr context id[2]
2026-06-04T12:09:25.131Z [L0]: 6/4 [0]12:09:23.661 I/js_view SBEngine: onScreenPreCreate layer JsAppEmpty4 attach to screen JsApp9_Screen 
2026-06-04T12:09:25.134Z [L0]: 6/4 [0]12:09:23.661 I/js_rt_screen_app SBEngine: [js_screen_app_on_create] cell_p 0x80043125 current_cell->pcid ffffffffffffffff cell_p->arg->pcid 500000002
2026-06-04T12:09:25.136Z [L0]: 6/4 [0]12:09:23.662 I/js_rt_screen_app SBEngine: js_screen_app_on_create: pcid(FFFFFFFFFFFFFFFF), launch type(1) current_cell set to 0x8004311c
2026-06-04T12:09:25.137Z [L0]: 6/4 [0]12:09:23.662 D/js_rt_screen SBEngine: js_set_working_rtcell cell 0x8004311c
2026-06-04T12:09:25.139Z [L0]: 6/4 [0]12:09:23.662 W/js_rt_screen_common SBEngine: js_screen_run_continer: container type:0 pcid(500000002) from arg
2026-06-04T12:09:25.141Z [L0]: 6/4 [0]12:09:23.662 D/jsRtApkMng SBEngine: js_rt_get_appid: app_p is NULL, pcid(500000002)
2026-06-04T12:09:25.142Z [L0]: 6/4 [0]12:09:23.662 W/js_rt_screen_common SBEngine: js_screen_run_continer: restart appid(1099993)
2026-06-04T12:09:25.144Z [L0]: 6/4 [0]12:09:23.662 D/js_rt_screen SBEngine: js_set_working_rtcell cell 0x8004311c
2026-06-04T12:09:25.145Z [L0]: 6/4 [0]12:09:23.663 I/js_runtime SBEngine: malloc_size:1163292 before load app
2026-06-04T12:09:25.147Z [L0]: 6/4 [0]12:09:23.663 D/jsMmStat SBEngine: get_mid found mid 1
2026-06-04T12:09:25.149Z [L0]: 6/4 [0]12:09:23.663 D/jsMmStat SBEngine: [js_mm_stat_ctx_set] pcid: 200000001 -> 0
2026-06-04T12:09:25.151Z [L0]: 6/4 [0]12:09:23.663 D/jsMmStat SBEngine: get_mid found mid 1
2026-06-04T12:09:25.153Z [L0]: 6/4 [0]12:09:23.663 D/js_timer SBEngine: _timer_on_init pcid(700000000)
2026-06-04T12:09:25.155Z [L0]: 6/4 [0]12:09:23.663 D/jsMmStat SBEngine: [js_mm_stat_ctx_set] pcid: 0 -> 700000000
2026-06-04T12:09:25.156Z [L0]: 6/4 [0]12:09:23.664 D/jsRtApkMng SBEngine: switch_currentApp: pid: 2 -> 7 (appid 10C8D9)
2026-06-04T12:09:25.157Z [L0]: 6/4 [0]12:09:23.664 I/jsRtApkMng SBEngine: [js_rt_loadApp2] path: /storage/data/js_apps/0010C8D9/app.js
2026-06-04T12:09:25.159Z [L0]: 6/4 [0]12:09:23.664 D/jsRtApkMng SBEngine: [js_rt_pcid_set] 500000000 -> 700000000
2026-06-04T12:09:25.160Z [L0]: 6/4 [0]12:09:23.664 I/js_native.h SBEngine: eval_buf path:/storage/data/js_apps/0010C8D9/app.js, eval_buff(1013)
2026-06-04T12:09:25.162Z [L0]: 6/4 [0]12:09:23.665 I/jsMmStat SBEngine: [mm_stat_node_new] add node, pid: 7
2026-06-04T12:09:25.164Z [L0]: 6/4 [0]12:09:23.665 D/jsMmStat SBEngine: get_mid alloc mid 0
2026-06-04T12:09:25.166Z [L0]: 6/4 [0]12:09:23.669 I/quickjs-libc SBEngine: current filepath: /app.js 
2026-06-04T12:09:25.168Z [L0]: 6/4 [0]12:09:23.674 D/JS_SETTING SBEngine: sim_get_config_path: config file: /storage/system/simulator_cfg.json
2026-06-04T12:09:25.170Z [L0]: 6/4 [0]12:09:23.674 D/js_fs_common SBEngine: js_read_file: file: /storage/system/simulator_cfg.json
2026-06-04T12:09:25.173Z [L0]: 6/4 [0]12:09:23.679 I/JS_FS SBEngine: js_fs_open2: /storage/data/js_apps/0010C8D9/assets/raw/locale/TID.btxt, fd:7, flags: 0
2026-06-04T12:09:25.175Z [L0]: 6/4 [0]12:09:23.679 I/JS_FS SBEngine: js_fs_close2 vfs_close fd:7 ret:0
2026-06-04T12:09:25.176Z [L0]: 6/4 [0]12:09:23.688 I/jsRtApkMng SBEngine: perf_resize 16
2026-06-04T12:09:25.178Z [L0]: 6/4 [0]12:09:23.688 D/jsRtApkMng SBEngine: perf_alloc 1/16
2026-06-04T12:09:25.180Z [L0]: 6/4 [0]12:09:23.688 D/jsRtApkMng SBEngine: perf_update evalTime 24 ms
2026-06-04T12:09:25.181Z [L0]: 6/4 [0]12:09:23.688 I/jsRtApkMng SBEngine: [js_rt_loadApp2] api-level: 300, pcid: 700000000
2026-06-04T12:09:25.182Z [L0]: 6/4 [0]12:09:23.689 D/js_rt_app SBEngine: runAppFunc: run App: onCreate
2026-06-04T12:09:25.184Z [L0]: 6/4 [0]12:09:23.689 I/quickjs-libc SBEngine: app on create invoke 
2026-06-04T12:09:25.185Z [L0]: 6/4 [0]12:09:23.689 D/jsRtApkMng SBEngine: perf_update createTime 0 ms
2026-06-04T12:09:25.187Z [L0]: 6/4 [0]12:09:23.690 I/js_runtime SBEngine: malloc_size:1185764 after load app
2026-06-04T12:09:25.189Z [L0]: 6/4 [0]12:09:23.690 I/js_runtime SBEngine: malloc_size:1185764 before load page
2026-06-04T12:09:25.191Z [L0]: 6/4 [0]12:09:23.690 D/jsRtApkMng SBEngine: js_rt_loadContiner: pcid(700000000) type:0 file:page/home/home
2026-06-04T12:09:25.193Z [L0]: 6/4 [0]12:09:23.690 W/PluginLst SBEngine: js_plugin_get_info: Warning: index 0 >= plugin count 0
2026-06-04T12:09:25.195Z [L0]: 6/4 [0]12:09:23.690 I/jsRtApkMng SBEngine: jsapp_check_keyboard(0x10c8d9) is 0  file:page/home/home
2026-06-04T12:09:25.197Z [L0]: 6/4 [0]12:09:23.690 D/js_timer SBEngine: _timer_on_init pcid(700000001)
2026-06-04T12:09:25.199Z [L0]: 6/4 [0]12:09:23.691 D/jsMmStat SBEngine: [js_mm_stat_ctx_set] pcid: 700000000 -> 700000001
2026-06-04T12:09:25.201Z [L0]: 6/4 [0]12:09:23.691 D/jsRtApkMng SBEngine: switch_currentApp: same pid: 7 (appid 0010C8D9)
2026-06-04T12:09:25.202Z [L0]: 6/4 [0]12:09:23.691 D/jsMmStat SBEngine: get_mid found mid 1
2026-06-04T12:09:25.204Z [L0]: 6/4 [0]12:09:23.691 I/jsMmStat SBEngine: [mm_stat_node_del] pid: 5
2026-06-04T12:09:25.206Z [L0]: 6/4 [0]12:09:23.692 D/jsRtApkMng SBEngine: switch_currentContainer: cid: 0 -> 1
2026-06-04T12:09:25.207Z [L0]: 6/4 [0]12:09:23.692 I/jsRtApkMng SBEngine: [js_rt_loadContiner2] path: /storage/data/js_apps/0010C8D9/page/home/home.js
2026-06-04T12:09:25.209Z [L0]: 6/4 [0]12:09:23.692 D/jsRtApkMng SBEngine: [js_rt_pcid_set] 700000000 -> 700000001
2026-06-04T12:09:25.211Z [L0]: 6/4 [0]12:09:23.692 I/js_native.h SBEngine: eval_buf path:/storage/data/js_apps/0010C8D9/page/home/home.js, eval_buff(7778)
2026-06-04T12:09:25.213Z [L0]: 6/4 [0]12:09:23.712 I/quickjs-libc SBEngine: current filepath: /page/home/home.js 
2026-06-04T12:09:25.215Z [L0]: 6/4 [0]12:09:23.721 I/amPERMSN SBEngine: amQueryPermissions get 3 permission authed.
2026-06-04T12:09:25.217Z [L0]: 6/4 [0]12:09:23.723 I/JS_FS SBEngine: js_fs_open2: /storage/data/js_apps/data/0010C8D9/__$$localstorage$$__, fd:7, flags: 0X40
2026-06-04T12:09:25.220Z [L0]: 6/4 [0]12:09:23.723 I/JS_FS SBEngine: js_fs_close2 vfs_close fd:7 ret:0
2026-06-04T12:09:25.222Z [L0]: 6/4 [0]12:09:23.727 D/jsRtApkMng SBEngine: perf_alloc 2/16
2026-06-04T12:09:25.224Z [L0]: 6/4 [0]12:09:23.728 D/jsRtApkMng SBEngine: perf_update evalTime 35 ms
2026-06-04T12:09:25.225Z [L0]: 6/4 [0]12:09:23.728 D/jsRtApkMng SBEngine: js_rt_loadContiner: succeed, appid(0010C8D9) pcid(700000001)
2026-06-04T12:09:25.227Z [L0]: 6/4 [0]12:09:23.728 D/js_rt_continer SBEngine: runContinerFunc: run Continer func: onInit
2026-06-04T12:09:25.229Z [L0]: 6/4 [0]12:09:23.729 D/jsRtApkMng SBEngine: perf_update initTime 1 ms
2026-06-04T12:09:25.231Z [L0]: 6/4 [0]12:09:23.729 D/js_rt_continer SBEngine: runContinerFunc: run Continer func: onDataRestore
2026-06-04T12:09:25.231Z [L0]: 6/4 [0]12:09:23.729 D/js_rt_continer SBEngine: runContinerFunc: run Continer func: build
2026-06-04T12:09:25.233Z [L0]: 6/4 [0]12:09:23.731 D/js_ui SBEngine: js_widget_setup_class_proto JsTemplate.group
2026-06-04T12:09:25.236Z [L0]: 6/4 [0]12:09:23.731 D/js_ui SBEngine: js_create_widget2 name:JsTemplate.group, id:162, widget JsAppEmpty4.jsw_162
2026-06-04T12:09:25.237Z [L0]: 6/4 [0]12:09:23.733 D/js_ui SBEngine: js_create_widget2 name:JsTemplate.image, id:163, widget JsAppEmpty4.jsw_162.jsw_163
2026-06-04T12:09:25.238Z [L0]: 6/4 [0]12:09:23.734 D/js_ui SBEngine: js_widget_setup_class_proto JsTemplate.text
2026-06-04T12:09:25.240Z [L0]: 6/4 [0]12:09:23.736 D/js_ui SBEngine: js_create_widget2 name:JsTemplate.text, id:164, widget JsAppEmpty4.jsw_162.jsw_164
2026-06-04T12:09:25.241Z [L0]: 6/4 [0]12:09:23.738 D/js_ui SBEngine: js_create_widget2 name:JsTemplate.text, id:165, widget JsAppEmpty4.jsw_162.jsw_165
2026-06-04T12:09:25.242Z [L0]: 6/4 [0]12:09:23.739 D/js_ui SBEngine: js_create_widget2 name:JsTemplate.image, id:166, widget JsAppEmpty4.jsw_162.jsw_166
2026-06-04T12:09:25.244Z [L0]: 6/4 [0]12:09:23.741 D/js_ui SBEngine: js_create_widget2 name:JsTemplate.image, id:167, widget JsAppEmpty4.jsw_162.jsw_167
2026-06-04T12:09:25.245Z [L0]: 6/4 [0]12:09:23.742 D/js_ui SBEngine: js_create_widget2 name:JsTemplate.image, id:168, widget JsAppEmpty4.jsw_162.jsw_168
2026-06-04T12:09:25.247Z [L0]: 6/4 [0]12:09:23.744 D/js_ui SBEngine: js_create_widget2 name:JsTemplate.text, id:169, widget JsAppEmpty4.jsw_162.jsw_169
2026-06-04T12:09:25.248Z [L0]: 6/4 [0]12:09:23.745 D/jsRtApkMng SBEngine: perf_update buildTime 16 ms
2026-06-04T12:09:25.249Z [L0]: 6/4 [0]12:09:23.745 I/js_runtime SBEngine: malloc_size:1209636 after load page
2026-06-04T12:09:25.251Z [L0]: 6/4 [0]12:09:23.745 I/js_view SBEngine: onScreenPreCreate end
2026-06-04T12:09:25.252Z [L0]: 6/4 [0]12:09:23.745 D/CLayout SBEngine: >>gr_notify_callback_context event=gre.screenhide.pre from JsApp9_Screen to LauncherScreen
2026-06-04T12:09:25.254Z [L0]: 6/4 [0]12:09:23.746 D/sb_screen_adapter SBEngine: onSBScreenPreDestory LauncherScreen
2026-06-04T12:09:25.255Z [L0]: 6/4 [0]12:09:23.746 D/wf_js_layer SBEngine: updateDataOnInactive start
2026-06-04T12:09:25.256Z [L0]: 6/4 [0]12:09:23.746 D/js_rt_screen_common SBEngine: js_screen_suspend_app: screen suspend. pcid(200000001)
2026-06-04T12:09:25.257Z [L0]: 6/4 [0]12:09:23.746 I/jsRtApkMng SBEngine: js_rt_SuspendApp: pcid(200000001)
2026-06-04T12:09:25.258Z [L0]: 6/4 [0]12:09:23.746 D/jsMmStat SBEngine: [js_mm_stat_ctx_set] pcid: 700000001 -> 200000001
2026-06-04T12:09:25.260Z [L0]: 6/4 [0]12:09:23.747 D/jsRtApkMng SBEngine: switch_currentApp: pid: 7 -> 2 (appid 2DFF)
2026-06-04T12:09:25.262Z [L0]: 6/4 [0]12:09:23.747 D/js_rt_continer SBEngine: runContinerFunc: run Continer func: onPause
2026-06-04T12:09:25.264Z [L0]: 6/4 [0]12:09:23.747 D/jsMmStat SBEngine: get_mid found mid 1
2026-06-04T12:09:25.266Z [L0]: 6/4 [0]12:09:23.747 D/jsRtApkMng SBEngine: [js_rt_pcid_set] 700000001 -> 200000001
2026-06-04T12:09:25.267Z [L0]: 6/4 [0]12:09:23.748 D/js_timer SBEngine: _timer_on_pause pcid(200000001)
2026-06-04T12:09:25.269Z [L0]: 6/4 [0]12:09:23.748 D/JS_SETTING SBEngine: js_setting_pause (200000001)
2026-06-04T12:09:25.271Z [L0]: 6/4 [0]12:09:23.748 I/wf_simluator_data SBEngine: StData_unregisterListner: use current thread
2026-06-04T12:09:25.273Z [L0]: 6/4 [0]12:09:23.748 I/wf_simluator_data SBEngine: listener[0x10166f85] un register successfully
2026-06-04T12:09:25.274Z [L0]: 6/4 [0]12:09:23.749 D/step_data_manager SBEngine: _un_regist unregist sensor server 
2026-06-04T12:09:25.275Z [L0]: 6/4 [0]12:09:23.749 I/wf_simluator_data SBEngine: StData_unregisterListner: use current thread
2026-06-04T12:09:25.277Z [L0]: 6/4 [0]12:09:23.749 I/wf_simluator_data SBEngine: listener[0x101689dd] un register successfully
2026-06-04T12:09:25.278Z [L0]: 6/4 [0]12:09:23.749 D/jswea SBEngine: _un_regist unregist sensor server 
2026-06-04T12:09:25.280Z [L0]: 6/4 [0]12:09:23.749 I/wf_simluator_data SBEngine: StData_unregisterListner: use current thread
2026-06-04T12:09:25.282Z [L0]: 6/4 [0]12:09:23.749 I/wf_simluator_data SBEngine: listener[0x1016a9b9] un register successfully
2026-06-04T12:09:25.284Z [L0]: 6/4 [0]12:09:23.749 D/battey_data_manager SBEngine: _un_regist unregist sensor server 
2026-06-04T12:09:25.285Z [L0]: 6/4 [0]12:09:23.749 I/wf_simluator_data SBEngine: StData_unregisterListner: use current thread
2026-06-04T12:09:25.287Z [L0]: 6/4 [0]12:09:23.750 I/wf_simluator_data SBEngine: listener[0x10163699] un register successfully
2026-06-04T12:09:25.287Z [L0]: 6/4 [0]12:09:23.750 D/calorie_data_manager SBEngine: _un_regist unregist sensor server 
2026-06-04T12:09:25.289Z [L0]: 6/4 [0]12:09:23.750 I/wf_simluator_data SBEngine: StData_unregisterListner: use current thread
2026-06-04T12:09:25.291Z [L0]: 6/4 [0]12:09:23.750 I/wf_simluator_data SBEngine: listener[0x10163d1d] un register successfully
2026-06-04T12:09:25.292Z [L0]: 6/4 [0]12:09:23.750 E/MessageManger SBEngine: error listener 0x10169dd1
2026-06-04T12:09:25.294Z [L0]: 6/4 [0]12:09:23.751 I/quickjs-libc SBEngine: ui pause 
2026-06-04T12:09:25.295Z [L0]: 6/4 [0]12:09:23.751 D/js_sensor SBEngine: _pause_resume_process: sensor id: 0
2026-06-04T12:09:25.297Z [L0]: 6/4 [0]12:09:23.751 I/SYS_STAT_PT SBEngine: System_unregisterSPListner: use current thread
2026-06-04T12:09:25.298Z [L0]: 6/4 [0]12:09:23.751 I/widget_time_image SBEngine: touch JSW_EO_TIME_UPDATE 1
2026-06-04T12:09:25.300Z [L0]: 6/4 [0]12:09:23.752 D/timer_data_manager SBEngine: _regist timeConfig.repeatTime 800
2026-06-04T12:09:25.301Z [L0]: 6/4 [0]12:09:23.752 E/MessageManger SBEngine: error listener 0x10169dd1
2026-06-04T12:09:25.302Z [L0]: 6/4 [0]12:09:23.752 D/wf_js_layer SBEngine: updateDataOnInactive end
2026-06-04T12:09:25.304Z [L0]: 6/4 [0]12:09:23.752 D/LANCH SBEngine: launcher onScreenPause
2026-06-04T12:09:25.306Z [L0]: 6/4 [0]12:09:23.752 D/LANCH SBEngine: launcher onScreenPreDestory
2026-06-04T12:09:25.306Z [L0]: 6/4 [0]12:09:23.753 I/SASSTWG SBEngine: [onContainerPreDestroy] enter
2026-06-04T12:09:25.309Z [L0]: 6/4 [0]12:09:23.753 I/SASSTWG SBEngine: g_smartIndexBuff is null or saved!!! func:saveSmartContainer LINE:1247
2026-06-04T12:09:25.310Z [L0]: 6/4 [0]12:09:23.753 I/SASSTWG SBEngine: [onContainerPreDestroy] end
2026-06-04T12:09:25.311Z [L0]: 6/4 [0]12:09:23.753 D/sb_screen_adapter SBEngine: OnDataSave LauncherScreen
2026-06-04T12:09:25.313Z [L0]: Recv buf length = 1460, ofs = 0
2026-06-04T12:09:25.315Z [L0]: Recv buf length = 2920, ofs = 0
2026-06-04T12:09:25.317Z [L0]: Recv buf length = 4380, ofs = 0
2026-06-04T12:09:25.318Z [L0]: Recv buf length = 5840, ofs = 0
2026-06-04T12:09:25.320Z [L0]: Recv buf length = 7300, ofs = 0
2026-06-04T12:09:25.320Z [L0]: Recv buf length = 8760, ofs = 0
2026-06-04T12:09:25.322Z [L0]: Recv buf length = 10220, ofs = 0
2026-06-04T12:09:25.323Z [L0]: Recv buf length = 11680, ofs = 0
2026-06-04T12:09:25.324Z [L0]: Recv buf length = 13140, ofs = 0
2026-06-04T12:09:25.326Z [L0]: Recv buf length = 14600, ofs = 0
2026-06-04T12:09:25.327Z [L0]: Recv buf length = 16060, ofs = 0
2026-06-04T12:09:25.328Z [L0]: Recv buf length = 17520, ofs = 0
2026-06-04T12:09:25.330Z [L0]: Recv buf length = 18980, ofs = 0
2026-06-04T12:09:25.331Z [L0]: Recv buf length = 20440, ofs = 0
2026-06-04T12:09:25.332Z [L0]: Recv buf length = 21900, ofs = 0
2026-06-04T12:09:25.334Z [L0]: Recv buf length = 23360, ofs = 0
2026-06-04T12:09:25.335Z [L0]: Recv buf length = 24820, ofs = 0
2026-06-04T12:09:25.337Z [L0]: Recv buf length = 26280, ofs = 0
2026-06-04T12:09:25.338Z [L0]: Recv buf length = 27740, ofs = 0
2026-06-04T12:09:25.340Z [L0]: Recv buf length = 29200, ofs = 0
2026-06-04T12:09:25.341Z [L0]: Recv buf length = 30660, ofs = 0
2026-06-04T12:09:25.343Z [L0]: Recv buf length = 32120, ofs = 0
2026-06-04T12:09:25.343Z [L0]: Recv buf length = 33580, ofs = 0
2026-06-04T12:09:25.345Z [L0]: Recv buf length = 35040, ofs = 0
2026-06-04T12:09:25.346Z [L0]: Recv buf length = 36500, ofs = 0
2026-06-04T12:09:25.346Z [L0]: Recv buf length = 37960, ofs = 0
2026-06-04T12:09:25.348Z [L0]: Recv buf length = 39420, ofs = 0
2026-06-04T12:09:25.349Z [L0]: Recv buf length = 40880, ofs = 0
2026-06-04T12:09:25.350Z [L0]: Recv buf length = 42340, ofs = 0
2026-06-04T12:09:25.351Z [L0]: Recv buf length = 43800, ofs = 0
2026-06-04T12:09:25.352Z [L0]: Recv buf length = 45260, ofs = 0
2026-06-04T12:09:25.353Z [L0]: Recv buf length = 46720, ofs = 0
2026-06-04T12:09:25.354Z [L0]: Recv buf length = 48180, ofs = 0
2026-06-04T12:09:25.356Z [L0]: Recv buf length = 49640, ofs = 0
2026-06-04T12:09:25.356Z [L0]: Recv buf length = 51100, ofs = 0
2026-06-04T12:09:25.357Z [L0]: Recv buf length = 52560, ofs = 0
2026-06-04T12:09:25.357Z [L0]: Recv buf length = 54020, ofs = 0
2026-06-04T12:09:25.358Z [L0]: Recv buf length = 55480, ofs = 0
2026-06-04T12:09:25.359Z [L0]: Recv buf length = 56940, ofs = 0
2026-06-04T12:09:25.361Z [L0]: Recv buf length = 58400, ofs = 0
2026-06-04T12:09:25.363Z [L0]: Recv buf length = 59860, ofs = 0
2026-06-04T12:09:25.364Z [L0]: Recv buf length = 61320, ofs = 0
2026-06-04T12:09:25.365Z [L0]: Recv buf length = 62780, ofs = 0
2026-06-04T12:09:25.365Z [L0]: Recv buf length = 64240, ofs = 0
2026-06-04T12:09:25.366Z [L0]: Recv buf length = 65700, ofs = 0
2026-06-04T12:09:25.368Z [L0]: Recv buf length = 67160, ofs = 0
2026-06-04T12:09:25.370Z [L0]: Recv buf length = 68620, ofs = 0
2026-06-04T12:09:25.371Z [L0]: Recv buf length = 70080, ofs = 0
2026-06-04T12:09:25.372Z [L0]: Recv buf length = 71540, ofs = 0
2026-06-04T12:09:25.373Z [L0]: Recv buf length = 73000, ofs = 0
2026-06-04T12:09:25.374Z [L0]: Recv buf length = 74460, ofs = 0
2026-06-04T12:09:25.376Z [L0]: Recv buf length = 75920, ofs = 0
2026-06-04T12:09:25.376Z [L0]: Recv buf length = 77380, ofs = 0
2026-06-04T12:09:25.378Z [L0]: Recv buf length = 78840, ofs = 0
2026-06-04T12:09:25.380Z [L0]: Recv buf length = 80300, ofs = 0
2026-06-04T12:09:25.381Z [L0]: Recv buf length = 81760, ofs = 0
2026-06-04T12:09:25.383Z [L0]: Recv buf length = 83220, ofs = 0
2026-06-04T12:09:25.383Z [L0]: Recv buf length = 84680, ofs = 0
2026-06-04T12:09:25.384Z [L0]: Recv buf length = 86140, ofs = 0
2026-06-04T12:09:25.385Z [L0]: Recv buf length = 87600, ofs = 0
2026-06-04T12:09:25.387Z [L0]: Recv buf length = 89060, ofs = 0
2026-06-04T12:09:25.388Z [L0]: Recv buf length = 90520, ofs = 0
2026-06-04T12:09:25.389Z [L0]: Recv buf length = 91980, ofs = 0
2026-06-04T12:09:25.389Z [L0]: Recv buf length = 93440, ofs = 0
2026-06-04T12:09:25.390Z [L0]: Recv buf length = 94900, ofs = 0
2026-06-04T12:09:25.391Z [L0]: Recv buf length = 96360, ofs = 0
2026-06-04T12:09:25.392Z [L0]: Recv buf length = 97820, ofs = 0
2026-06-04T12:09:25.394Z [L0]: Recv buf length = 99280, ofs = 0
2026-06-04T12:09:25.395Z [L0]: Recv buf length = 100740, ofs = 0
2026-06-04T12:09:25.397Z [L0]: Recv buf length = 102200, ofs = 0
2026-06-04T12:09:25.398Z [L0]: Recv buf length = 103660, ofs = 0
2026-06-04T12:09:25.399Z [L0]: Recv buf length = 105120, ofs = 0
2026-06-04T12:09:25.401Z [L0]: Recv buf length = 106580, ofs = 0
2026-06-04T12:09:25.403Z [L0]: Recv buf length = 108040, ofs = 0
2026-06-04T12:09:25.404Z [L0]: Recv buf length = 109500, ofs = 0
2026-06-04T12:09:25.406Z [L0]: Recv buf length = 110960, ofs = 0
2026-06-04T12:09:25.407Z [L0]: Recv buf length = 112420, ofs = 0
2026-06-04T12:09:25.408Z [L0]: Recv buf length = 113880, ofs = 0
2026-06-04T12:09:25.409Z [L0]: Recv buf length = 115340, ofs = 0
2026-06-04T12:09:25.410Z [L0]: Recv buf length = 116800, ofs = 0
2026-06-04T12:09:25.412Z [L0]: Recv buf length = 118260, ofs = 0
2026-06-04T12:09:25.413Z [L0]: Recv buf length = 119720, ofs = 0
2026-06-04T12:09:25.414Z [L0]: Recv buf length = 121180, ofs = 0
2026-06-04T12:09:25.415Z [L0]: Recv buf length = 122640, ofs = 0
2026-06-04T12:09:25.417Z [L0]: Recv buf length = 124100, ofs = 0
2026-06-04T12:09:25.418Z [L0]: Recv buf length = 125560, ofs = 0
2026-06-04T12:09:25.419Z [L0]: Recv buf length = 127020, ofs = 0
2026-06-04T12:09:25.420Z [L0]: Recv buf length = 128480, ofs = 0
2026-06-04T12:09:25.422Z [L0]: Recv buf length = 129940, ofs = 0
2026-06-04T12:09:25.423Z [L0]: Recv buf length = 131400, ofs = 0
2026-06-04T12:09:25.425Z [L0]: Recv buf length = 132860, ofs = 0
2026-06-04T12:09:25.426Z [L0]: Recv buf length = 134320, ofs = 0
2026-06-04T12:09:25.428Z [L0]: Recv buf length = 135780, ofs = 0
2026-06-04T12:09:25.429Z [L0]: Recv buf length = 137240, ofs = 0
2026-06-04T12:09:25.430Z [L0]: Recv buf length = 138700, ofs = 0
2026-06-04T12:09:25.431Z [L0]: Recv buf length = 140160, ofs = 0
2026-06-04T12:09:25.432Z [L0]: Recv buf length = 141620, ofs = 0
2026-06-04T12:09:25.433Z [L0]: Recv buf length = 143080, ofs = 0
2026-06-04T12:09:25.435Z [L0]: Recv buf length = 144540, ofs = 0
2026-06-04T12:09:25.436Z [L0]: Recv buf length = 146000, ofs = 0
2026-06-04T12:09:25.437Z [L0]: Recv buf length = 147460, ofs = 0
2026-06-04T12:09:25.438Z [L0]: Recv buf length = 148920, ofs = 0
2026-06-04T12:09:25.439Z [L0]: Recv buf length = 150380, ofs = 0
2026-06-04T12:09:25.441Z [L0]: Recv buf length = 151840, ofs = 0
2026-06-04T12:09:25.441Z [L0]: Recv buf length = 153300, ofs = 0
2026-06-04T12:09:25.442Z [L0]: Recv buf length = 154760, ofs = 0
2026-06-04T12:09:25.444Z [L0]: Recv buf length = 156220, ofs = 0
2026-06-04T12:09:25.444Z [L0]: Recv buf length = 157680, ofs = 0
2026-06-04T12:09:25.446Z [L0]: Recv buf length = 159140, ofs = 0
2026-06-04T12:09:25.447Z [L0]: Recv buf length = 160600, ofs = 0
2026-06-04T12:09:25.448Z [L0]: Recv buf length = 162060, ofs = 0
2026-06-04T12:09:25.450Z [L0]: Recv buf length = 163520, ofs = 0
2026-06-04T12:09:25.451Z [L0]: Recv buf length = 164980, ofs = 0
2026-06-04T12:09:25.452Z [L0]: Recv buf length = 166440, ofs = 0
2026-06-04T12:09:25.453Z [L0]: Recv buf length = 167900, ofs = 0
2026-06-04T12:09:25.453Z [L0]: Recv buf length = 169360, ofs = 0
2026-06-04T12:09:25.455Z [L0]: Recv buf length = 170820, ofs = 0
2026-06-04T12:09:25.456Z [L0]: Recv buf length = 172280, ofs = 0
2026-06-04T12:09:25.458Z [L0]: Recv buf length = 173740, ofs = 0
2026-06-04T12:09:25.464Z [L0]: Recv buf length = 175200, ofs = 0
2026-06-04T12:09:25.465Z [L0]: Recv buf length = 176660, ofs = 0
2026-06-04T12:09:25.466Z [L0]: Recv buf length = 178120, ofs = 0
2026-06-04T12:09:25.467Z [L0]: Recv buf length = 179580, ofs = 0
2026-06-04T12:09:25.468Z [L0]: Recv buf length = 181040, ofs = 0
2026-06-04T12:09:25.469Z [L0]: Recv buf length = 182500, ofs = 0
2026-06-04T12:09:25.469Z [L0]: Recv buf length = 183960, ofs = 0
2026-06-04T12:09:25.470Z [L0]: Recv buf length = 185420, ofs = 0
2026-06-04T12:09:25.472Z [L0]: Recv buf length = 186880, ofs = 0
2026-06-04T12:09:25.473Z [L0]: Recv buf length = 188340, ofs = 0
2026-06-04T12:09:25.474Z [L0]: Recv buf length = 189800, ofs = 0
2026-06-04T12:09:25.475Z [L0]: Recv buf length = 191260, ofs = 0
2026-06-04T12:09:25.475Z [L0]: Recv buf length = 192720, ofs = 0
2026-06-04T12:09:25.477Z [L0]: Recv buf length = 194180, ofs = 0
2026-06-04T12:09:25.478Z [L0]: Recv buf length = 195640, ofs = 0
2026-06-04T12:09:25.480Z [L0]: Recv buf length = 197100, ofs = 0
2026-06-04T12:09:25.481Z [L0]: Recv buf length = 198560, ofs = 0
2026-06-04T12:09:25.483Z [L0]: Recv buf length = 200020, ofs = 0
2026-06-04T12:09:25.483Z [L0]: Recv buf length = 201480, ofs = 0
2026-06-04T12:09:25.484Z [L0]: Recv buf length = 202940, ofs = 0
2026-06-04T12:09:25.486Z [L0]: Recv buf length = 204400, ofs = 0
2026-06-04T12:09:25.487Z [L0]: Recv buf length = 205860, ofs = 0
2026-06-04T12:09:25.488Z [L0]: Recv buf length = 207320, ofs = 0
2026-06-04T12:09:25.489Z [L0]: Recv buf length = 208780, ofs = 0
2026-06-04T12:09:25.490Z [L0]: Recv buf length = 210240, ofs = 0
2026-06-04T12:09:25.492Z [L0]: Recv buf length = 211700, ofs = 0
2026-06-04T12:09:25.494Z [L0]: Recv buf length = 213160, ofs = 0
2026-06-04T12:09:25.495Z [L0]: Recv buf length = 214620, ofs = 0
2026-06-04T12:09:25.496Z [L0]: Recv buf length = 216080, ofs = 0
2026-06-04T12:09:25.497Z [L0]: Recv buf length = 217540, ofs = 0
2026-06-04T12:09:25.499Z [L0]: Recv buf length = 219000, ofs = 0
2026-06-04T12:09:25.501Z [L0]: Recv buf length = 220460, ofs = 0
2026-06-04T12:09:25.503Z [L0]: Recv buf length = 221920, ofs = 0
2026-06-04T12:09:25.504Z [L0]: Recv buf length = 223380, ofs = 0
2026-06-04T12:09:25.506Z [L0]: Recv buf length = 224840, ofs = 0
2026-06-04T12:09:25.508Z [L0]: Recv buf length = 226300, ofs = 0
2026-06-04T12:09:25.509Z [L0]: Recv buf length = 227760, ofs = 0
2026-06-04T12:09:25.510Z [L0]: Recv buf length = 229220, ofs = 0
2026-06-04T12:09:25.511Z [L0]: Recv buf length = 230680, ofs = 0
2026-06-04T12:09:25.512Z [L0]: Recv buf length = 232140, ofs = 0
2026-06-04T12:09:25.513Z [L0]: Recv buf length = 233600, ofs = 0
2026-06-04T12:09:25.514Z [L0]: Recv buf length = 235060, ofs = 0
2026-06-04T12:09:25.516Z [L0]: Recv buf length = 236520, ofs = 0
2026-06-04T12:09:25.517Z [L0]: Recv buf length = 237980, ofs = 0
2026-06-04T12:09:25.519Z [L0]: Recv buf length = 239440, ofs = 0
2026-06-04T12:09:25.520Z [L0]: Recv buf length = 240900, ofs = 0
2026-06-04T12:09:25.520Z [L0]: Recv buf length = 242360, ofs = 0
2026-06-04T12:09:25.521Z [L0]: Recv buf length = 243820, ofs = 0
2026-06-04T12:09:25.522Z [L0]: Recv buf length = 245280, ofs = 0
2026-06-04T12:09:25.524Z [L0]: Recv buf length = 246740, ofs = 0
2026-06-04T12:09:25.526Z [L0]: Recv buf length = 248200, ofs = 0
2026-06-04T12:09:25.527Z [L0]: Recv buf length = 249660, ofs = 0
2026-06-04T12:09:25.529Z [L0]: Recv buf length = 251120, ofs = 0
2026-06-04T12:09:25.531Z [L0]: Recv buf length = 252580, ofs = 0
2026-06-04T12:09:25.532Z [L0]: Recv buf length = 254040, ofs = 0
2026-06-04T12:09:25.533Z [L0]: Recv buf length = 255500, ofs = 0
2026-06-04T12:09:25.535Z [L0]: Recv buf length = 256960, ofs = 0
2026-06-04T12:09:25.536Z [L0]: Recv buf length = 258420, ofs = 0
2026-06-04T12:09:25.538Z [L0]: Recv buf length = 259880, ofs = 0
2026-06-04T12:09:25.539Z [L0]: Recv buf length = 261340, ofs = 0
2026-06-04T12:09:25.541Z [L0]: Recv buf length = 262800, ofs = 0
2026-06-04T12:09:25.542Z [L0]: Recv buf length = 264260, ofs = 0
2026-06-04T12:09:25.544Z [L0]: Recv buf length = 265720, ofs = 0
2026-06-04T12:09:25.546Z [L0]: Recv buf length = 267180, ofs = 0
2026-06-04T12:09:25.549Z [L0]: Recv buf length = 268640, ofs = 0
2026-06-04T12:09:25.551Z [L0]: Recv buf length = 270100, ofs = 0
2026-06-04T12:09:25.552Z [L0]: Recv buf length = 271560, ofs = 0
2026-06-04T12:09:25.554Z [L0]: Recv buf length = 273020, ofs = 0
2026-06-04T12:09:25.555Z [L0]: Recv buf length = 274480, ofs = 0
2026-06-04T12:09:25.556Z [L0]: Recv buf length = 275940, ofs = 0
2026-06-04T12:09:25.558Z [L0]: Recv buf length = 277400, ofs = 0
2026-06-04T12:09:25.560Z [L0]: Recv buf length = 278860, ofs = 0
2026-06-04T12:09:25.562Z [L0]: Recv buf length = 280320, ofs = 0
2026-06-04T12:09:25.563Z [L0]: Recv buf length = 281780, ofs = 0
2026-06-04T12:09:25.565Z [L0]: Recv buf length = 283240, ofs = 0
2026-06-04T12:09:25.567Z [L0]: Recv buf length = 284700, ofs = 0
2026-06-04T12:09:25.568Z [L0]: Recv buf length = 286160, ofs = 0
2026-06-04T12:09:25.570Z [L0]: Recv buf length = 287620, ofs = 0
2026-06-04T12:09:25.570Z [L0]: Recv buf length = 289080, ofs = 0
2026-06-04T12:09:25.572Z [L0]: Recv buf length = 290540, ofs = 0
2026-06-04T12:09:25.572Z [L0]: Recv buf length = 292000, ofs = 0
2026-06-04T12:09:25.573Z [L0]: Recv buf length = 293460, ofs = 0
2026-06-04T12:09:25.576Z [L0]: Recv buf length = 294920, ofs = 0
2026-06-04T12:09:25.578Z [L0]: Recv buf length = 296380, ofs = 0
2026-06-04T12:09:25.580Z [L0]: Recv buf length = 297840, ofs = 0
2026-06-04T12:09:25.582Z [L0]: Recv buf length = 299300, ofs = 0
2026-06-04T12:09:25.583Z [L0]: Recv buf length = 300760, ofs = 0
2026-06-04T12:09:25.585Z [L0]: Recv buf length = 302220, ofs = 0
2026-06-04T12:09:25.586Z [L0]: Recv buf length = 303680, ofs = 0
2026-06-04T12:09:25.588Z [L0]: Recv buf length = 305140, ofs = 0
2026-06-04T12:09:25.590Z [L0]: Recv buf length = 306600, ofs = 0
2026-06-04T12:09:25.591Z [L0]: Recv buf length = 308060, ofs = 0
2026-06-04T12:09:25.593Z [L0]: Recv buf length = 309520, ofs = 0
2026-06-04T12:09:25.595Z [L0]: Recv buf length = 310980, ofs = 0
2026-06-04T12:09:25.596Z [L0]: Recv buf length = 312440, ofs = 0
2026-06-04T12:09:25.597Z [L0]: Recv buf length = 313900, ofs = 0
2026-06-04T12:09:25.599Z [L0]: Recv buf length = 315360, ofs = 0
2026-06-04T12:09:25.600Z [L0]: Recv buf length = 316820, ofs = 0
2026-06-04T12:09:25.601Z [L0]: Recv buf length = 318280, ofs = 0
2026-06-04T12:09:25.603Z [L0]: Recv buf length = 319740, ofs = 0
2026-06-04T12:09:25.605Z [L0]: Recv buf length = 321200, ofs = 0
2026-06-04T12:09:25.607Z [L0]: Recv buf length = 322660, ofs = 0
2026-06-04T12:09:25.608Z [L0]: Recv buf length = 324120, ofs = 0
2026-06-04T12:09:25.610Z [L0]: Recv buf length = 325580, ofs = 0
2026-06-04T12:09:25.611Z [L0]: Recv buf length = 327040, ofs = 0
2026-06-04T12:09:25.613Z [L0]: Recv buf length = 328500, ofs = 0
2026-06-04T12:09:25.615Z [L0]: Recv buf length = 329960, ofs = 0
2026-06-04T12:09:25.616Z [L0]: Recv buf length = 331420, ofs = 0
2026-06-04T12:09:25.618Z [L0]: Recv buf length = 332880, ofs = 0
2026-06-04T12:09:25.620Z [L0]: Recv buf length = 334340, ofs = 0
2026-06-04T12:09:25.622Z [L0]: Recv buf length = 335800, ofs = 0
2026-06-04T12:09:25.623Z [L0]: Recv buf length = 337260, ofs = 0
2026-06-04T12:09:25.624Z [L0]: Recv buf length = 338720, ofs = 0
2026-06-04T12:09:25.626Z [L0]: Recv buf length = 340180, ofs = 0
2026-06-04T12:09:25.629Z [L0]: Recv buf length = 341640, ofs = 0
2026-06-04T12:09:25.631Z [L0]: Recv buf length = 343100, ofs = 0
2026-06-04T12:09:25.633Z [L0]: Recv buf length = 344560, ofs = 0
2026-06-04T12:09:25.634Z [L0]: Recv buf length = 346020, ofs = 0
2026-06-04T12:09:25.635Z [L0]: Recv buf length = 347480, ofs = 0
2026-06-04T12:09:25.636Z [L0]: Recv buf length = 348940, ofs = 0
2026-06-04T12:09:25.638Z [L0]: Recv buf length = 350400, ofs = 0
2026-06-04T12:09:25.640Z [L0]: Recv buf length = 351860, ofs = 0
2026-06-04T12:09:25.641Z [L0]: Recv buf length = 353320, ofs = 0
2026-06-04T12:09:25.643Z [L0]: Recv buf length = 354780, ofs = 0
2026-06-04T12:09:25.646Z [L0]: Recv buf length = 356240, ofs = 0
2026-06-04T12:09:25.648Z [L0]: Recv buf length = 357700, ofs = 0
2026-06-04T12:09:25.650Z [L0]: Recv buf length = 359160, ofs = 0
2026-06-04T12:09:25.651Z [L0]: Recv buf length = 360620, ofs = 0
2026-06-04T12:09:25.654Z [L0]: Recv buf length = 362080, ofs = 0
2026-06-04T12:09:25.655Z [L0]: Recv buf length = 363540, ofs = 0
2026-06-04T12:09:25.656Z [L0]: Recv buf length = 365000, ofs = 0
2026-06-04T12:09:25.658Z [L0]: Recv buf length = 366460, ofs = 0
2026-06-04T12:09:25.659Z [L0]: Recv buf length = 367920, ofs = 0
2026-06-04T12:09:25.660Z [L0]: Recv buf length = 369380, ofs = 0
2026-06-04T12:09:25.662Z [L0]: Recv buf length = 370840, ofs = 0
2026-06-04T12:09:25.663Z [L0]: Recv buf length = 372300, ofs = 0
2026-06-04T12:09:25.664Z [L0]: Recv buf length = 373760, ofs = 0
2026-06-04T12:09:25.666Z [L0]: Recv buf length = 375220, ofs = 0
2026-06-04T12:09:25.668Z [L0]: Recv buf length = 376680, ofs = 0
2026-06-04T12:09:25.670Z [L0]: Recv buf length = 378140, ofs = 0
2026-06-04T12:09:25.672Z [L0]: Recv buf length = 379600, ofs = 0
2026-06-04T12:09:25.674Z [L0]: Recv buf length = 381060, ofs = 0
2026-06-04T12:09:25.676Z [L0]: Recv buf length = 382520, ofs = 0
2026-06-04T12:09:25.678Z [L0]: Recv buf length = 383980, ofs = 0
2026-06-04T12:09:25.680Z [L0]: Recv buf length = 385440, ofs = 0
2026-06-04T12:09:25.682Z [L0]: Recv buf length = 386900, ofs = 0
2026-06-04T12:09:25.683Z [L0]: Recv buf length = 388360, ofs = 0
2026-06-04T12:09:25.685Z [L0]: Recv buf length = 389820, ofs = 0
2026-06-04T12:09:25.687Z [L0]: Recv buf length = 391280, ofs = 0
2026-06-04T12:09:25.689Z [L0]: Recv buf length = 392740, ofs = 0
2026-06-04T12:09:25.690Z [L0]: Recv buf length = 394200, ofs = 0
2026-06-04T12:09:25.691Z [L0]: Recv buf length = 395660, ofs = 0
2026-06-04T12:09:25.693Z [L0]: Recv buf length = 397120, ofs = 0
2026-06-04T12:09:25.695Z [L0]: Recv buf length = 398580, ofs = 0
2026-06-04T12:09:25.697Z [L0]: Recv buf length = 400040, ofs = 0
2026-06-04T12:09:25.699Z [L0]: Recv buf length = 401500, ofs = 0
2026-06-04T12:09:25.700Z [L0]: Recv buf length = 402960, ofs = 0
2026-06-04T12:09:25.702Z [L0]: Recv buf length = 404420, ofs = 0
2026-06-04T12:09:25.703Z [L0]: Recv buf length = 405880, ofs = 0
2026-06-04T12:09:25.705Z [L0]: Recv buf length = 407340, ofs = 0
2026-06-04T12:09:25.707Z [L0]: Recv buf length = 408800, ofs = 0
2026-06-04T12:09:25.709Z [L0]: Recv buf length = 410260, ofs = 0
2026-06-04T12:09:25.710Z [L0]: Recv buf length = 411720, ofs = 0
2026-06-04T12:09:25.711Z [L0]: Recv buf length = 413180, ofs = 0
2026-06-04T12:09:25.713Z [L0]: Recv buf length = 414640, ofs = 0
2026-06-04T12:09:25.714Z [L0]: Recv buf length = 416100, ofs = 0
2026-06-04T12:09:25.715Z [L0]: Recv buf length = 417560, ofs = 0
2026-06-04T12:09:25.717Z [L0]: Recv buf length = 419020, ofs = 0
2026-06-04T12:09:25.719Z [L0]: Recv buf length = 420480, ofs = 0
2026-06-04T12:09:25.720Z [L0]: Recv buf length = 421940, ofs = 0
2026-06-04T12:09:25.722Z [L0]: Recv buf length = 423400, ofs = 0
2026-06-04T12:09:25.723Z [L0]: Recv buf length = 424860, ofs = 0
2026-06-04T12:09:25.725Z [L0]: Recv buf length = 426320, ofs = 0
2026-06-04T12:09:25.726Z [L0]: Recv buf length = 427780, ofs = 0
2026-06-04T12:09:25.727Z [L0]: Recv buf length = 429240, ofs = 0
2026-06-04T12:09:25.729Z [L0]: Recv buf length = 430700, ofs = 0
2026-06-04T12:09:25.730Z [L0]: Recv buf length = 432160, ofs = 0
2026-06-04T12:09:25.732Z [L0]: Recv buf length = 433620, ofs = 0
2026-06-04T12:09:25.733Z [L0]: Recv buf length = 435080, ofs = 0
2026-06-04T12:09:25.734Z [L0]: Recv buf length = 436540, ofs = 0
2026-06-04T12:09:25.736Z [L0]: Recv buf length = 438000, ofs = 0
2026-06-04T12:09:25.737Z [L0]: Recv buf length = 439460, ofs = 0
2026-06-04T12:09:25.738Z [L0]: Recv buf length = 440920, ofs = 0
2026-06-04T12:09:25.739Z [L0]: Recv buf length = 442380, ofs = 0
2026-06-04T12:09:25.741Z [L0]: Recv buf length = 443840, ofs = 0
2026-06-04T12:09:25.742Z [L0]: Recv buf length = 445300, ofs = 0
2026-06-04T12:09:25.743Z [L0]: Recv buf length = 446760, ofs = 0
2026-06-04T12:09:25.745Z [L0]: Recv buf length = 448220, ofs = 0
2026-06-04T12:09:25.746Z [L0]: Recv buf length = 449680, ofs = 0
2026-06-04T12:09:25.747Z [L0]: Recv buf length = 451140, ofs = 0
2026-06-04T12:09:25.748Z [L0]: Recv buf length = 452600, ofs = 0
2026-06-04T12:09:25.749Z [L0]: Recv buf length = 454060, ofs = 0
2026-06-04T12:09:25.751Z [L0]: Recv buf length = 455520, ofs = 0
2026-06-04T12:09:25.751Z [L0]: Recv buf length = 456980, ofs = 0
2026-06-04T12:09:25.753Z [L0]: Recv buf length = 458440, ofs = 0
2026-06-04T12:09:25.754Z [L0]: Recv buf length = 459900, ofs = 0
2026-06-04T12:09:25.756Z [L0]: Recv buf length = 461360, ofs = 0
2026-06-04T12:09:25.757Z [L0]: Recv buf length = 462820, ofs = 0
2026-06-04T12:09:25.758Z [L0]: Recv buf length = 464280, ofs = 0
2026-06-04T12:09:25.760Z [L0]: Recv buf length = 465740, ofs = 0
2026-06-04T12:09:25.761Z [L0]: Recv buf length = 467200, ofs = 0
2026-06-04T12:09:25.763Z [L0]: Recv buf length = 468660, ofs = 0
2026-06-04T12:09:25.764Z [L0]: Recv buf length = 470120, ofs = 0
2026-06-04T12:09:25.765Z [L0]: Recv buf length = 471580, ofs = 0
2026-06-04T12:09:25.766Z [L0]: Recv buf length = 473040, ofs = 0
2026-06-04T12:09:25.768Z [L0]: Recv buf length = 474500, ofs = 0
2026-06-04T12:09:25.769Z [L0]: Recv buf length = 475960, ofs = 0
2026-06-04T12:09:25.771Z [L0]: Recv buf length = 477420, ofs = 0
2026-06-04T12:09:25.772Z [L0]: Recv buf length = 478880, ofs = 0
2026-06-04T12:09:25.773Z [L0]: Recv buf length = 480340, ofs = 0
2026-06-04T12:09:25.775Z [L0]: Recv buf length = 481800, ofs = 0
2026-06-04T12:09:25.776Z [L0]: Recv buf length = 483260, ofs = 0
2026-06-04T12:09:25.777Z [L0]: Recv buf length = 484720, ofs = 0
2026-06-04T12:09:25.778Z [L0]: Recv buf length = 486180, ofs = 0
2026-06-04T12:09:25.779Z [L0]: Recv buf length = 487640, ofs = 0
2026-06-04T12:09:25.781Z [L0]: Recv buf length = 489100, ofs = 0
2026-06-04T12:09:25.782Z [L0]: Recv buf length = 490560, ofs = 0
2026-06-04T12:09:25.783Z [L0]: Recv buf length = 492020, ofs = 0
2026-06-04T12:09:25.784Z [L0]: Recv buf length = 493480, ofs = 0
2026-06-04T12:09:25.785Z [L0]: Recv buf length = 494940, ofs = 0
2026-06-04T12:09:25.787Z [L0]: Recv buf length = 496400, ofs = 0
2026-06-04T12:09:25.788Z [L0]: Recv buf length = 497860, ofs = 0
2026-06-04T12:09:25.789Z [L0]: Recv buf length = 499320, ofs = 0
2026-06-04T12:09:25.790Z [L0]: Recv buf length = 500780, ofs = 0
2026-06-04T12:09:25.792Z [L0]: Recv buf length = 502240, ofs = 0
2026-06-04T12:09:25.793Z [L0]: Recv buf length = 503700, ofs = 0
2026-06-04T12:09:25.794Z [L0]: Recv buf length = 505160, ofs = 0
2026-06-04T12:09:25.796Z [L0]: Recv buf length = 506620, ofs = 0
2026-06-04T12:09:25.796Z [L0]: Recv buf length = 508080, ofs = 0
2026-06-04T12:09:25.798Z [L0]: Recv buf length = 509540, ofs = 0
2026-06-04T12:09:25.799Z [L0]: Recv buf length = 511000, ofs = 0
2026-06-04T12:09:25.801Z [L0]: Recv buf length = 512460, ofs = 0
2026-06-04T12:09:25.802Z [L0]: Recv buf length = 513920, ofs = 0
2026-06-04T12:09:25.803Z [L0]: Recv buf length = 515380, ofs = 0
2026-06-04T12:09:25.805Z [L0]: Recv buf length = 516840, ofs = 0
2026-06-04T12:09:25.806Z [L0]: Recv buf length = 518300, ofs = 0
2026-06-04T12:09:25.807Z [L0]: Recv buf length = 519760, ofs = 0
2026-06-04T12:09:25.809Z [L0]: Recv buf length = 521220, ofs = 0
2026-06-04T12:09:25.810Z [L0]: Recv buf length = 522680, ofs = 0
2026-06-04T12:09:25.811Z [L0]: Recv buf length = 524140, ofs = 0
2026-06-04T12:09:25.812Z [L0]: Recv buf length = 525600, ofs = 0
2026-06-04T12:09:25.813Z [L0]: Recv buf length = 527060, ofs = 0
2026-06-04T12:09:25.814Z [L0]: Recv buf length = 528520, ofs = 0
2026-06-04T12:09:25.816Z [L0]: Recv buf length = 529980, ofs = 0
2026-06-04T12:09:25.817Z [L0]: Recv buf length = 531440, ofs = 0
2026-06-04T12:09:25.818Z [L0]: Recv buf length = 532900, ofs = 0
2026-06-04T12:09:25.819Z [L0]: Recv buf length = 534360, ofs = 0
2026-06-04T12:09:25.821Z [L0]: Recv buf length = 535820, ofs = 0
2026-06-04T12:09:25.821Z [L0]: Recv buf length = 537280, ofs = 0
2026-06-04T12:09:25.823Z [L0]: Recv buf length = 538740, ofs = 0
2026-06-04T12:09:25.824Z [L0]: Recv buf length = 540200, ofs = 0
2026-06-04T12:09:25.825Z [L0]: Recv buf length = 541660, ofs = 0
2026-06-04T12:09:25.826Z [L0]: Recv buf length = 543120, ofs = 0
2026-06-04T12:09:25.827Z [L0]: Recv buf length = 544580, ofs = 0
2026-06-04T12:09:25.829Z [L0]: Recv buf length = 546040, ofs = 0
2026-06-04T12:09:25.830Z [L0]: Recv buf length = 547500, ofs = 0
2026-06-04T12:09:25.831Z [L0]: Recv buf length = 548960, ofs = 0
2026-06-04T12:09:25.833Z [L0]: Recv buf length = 550420, ofs = 0
2026-06-04T12:09:25.834Z [L0]: Recv buf length = 551880, ofs = 0
2026-06-04T12:09:25.836Z [L0]: Recv buf length = 553340, ofs = 0
2026-06-04T12:09:25.837Z [L0]: Recv buf length = 554800, ofs = 0
2026-06-04T12:09:25.838Z [L0]: Recv buf length = 556260, ofs = 0
2026-06-04T12:09:25.839Z [L0]: Recv buf length = 557720, ofs = 0
2026-06-04T12:09:25.840Z [L0]: Recv buf length = 559180, ofs = 0
2026-06-04T12:09:25.841Z [L0]: Recv buf length = 560640, ofs = 0
2026-06-04T12:09:25.842Z [L0]: Recv buf length = 562100, ofs = 0
2026-06-04T12:09:25.843Z [L0]: Recv buf length = 563560, ofs = 0
2026-06-04T12:09:25.844Z [L0]: Recv buf length = 565020, ofs = 0
2026-06-04T12:09:25.845Z [L0]: Recv buf length = 566480, ofs = 0
2026-06-04T12:09:25.846Z [L0]: Recv buf length = 567940, ofs = 0
2026-06-04T12:09:25.847Z [L0]: Recv buf length = 569400, ofs = 0
2026-06-04T12:09:25.848Z [L0]: Recv buf length = 570860, ofs = 0
2026-06-04T12:09:25.849Z [L0]: Recv buf length = 572320, ofs = 0
2026-06-04T12:09:25.850Z [L0]: Recv buf length = 573780, ofs = 0
2026-06-04T12:09:25.851Z [L0]: Recv buf length = 575240, ofs = 0
2026-06-04T12:09:25.853Z [L0]: Recv buf length = 576700, ofs = 0
2026-06-04T12:09:25.854Z [L0]: Recv buf length = 578160, ofs = 0
2026-06-04T12:09:25.855Z [L0]: Recv buf length = 579620, ofs = 0
2026-06-04T12:09:25.856Z [L0]: Recv buf length = 581080, ofs = 0
2026-06-04T12:09:25.857Z [L0]: Recv buf length = 582540, ofs = 0
2026-06-04T12:09:25.858Z [L0]: Recv buf length = 584000, ofs = 0
2026-06-04T12:09:25.859Z [L0]: Recv buf length = 585460, ofs = 0
2026-06-04T12:09:25.861Z [L0]: Recv buf length = 586920, ofs = 0
2026-06-04T12:09:25.862Z [L0]: Recv buf length = 588380, ofs = 0
2026-06-04T12:09:25.863Z [L0]: Recv buf length = 589840, ofs = 0
2026-06-04T12:09:25.864Z [L0]: Recv buf length = 591300, ofs = 0
2026-06-04T12:09:25.866Z [L0]: Recv buf length = 592760, ofs = 0
2026-06-04T12:09:25.867Z [L0]: Recv buf length = 594220, ofs = 0
2026-06-04T12:09:25.868Z [L0]: Recv buf length = 595680, ofs = 0
2026-06-04T12:09:25.869Z [L0]: Recv buf length = 597140, ofs = 0
2026-06-04T12:09:25.870Z [L0]: Recv buf length = 598600, ofs = 0
2026-06-04T12:09:25.871Z [L0]: Recv buf length = 600060, ofs = 0
2026-06-04T12:09:25.873Z [L0]: Recv buf length = 601520, ofs = 0
2026-06-04T12:09:25.874Z [L0]: Recv buf length = 602980, ofs = 0
2026-06-04T12:09:25.875Z [L0]: Recv buf length = 604440, ofs = 0
2026-06-04T12:09:25.876Z [L0]: Recv buf length = 605900, ofs = 0
2026-06-04T12:09:25.877Z [L0]: Recv buf length = 607360, ofs = 0
2026-06-04T12:09:25.878Z [L0]: Recv buf length = 608820, ofs = 0
2026-06-04T12:09:25.879Z [L0]: Recv buf length = 610280, ofs = 0
2026-06-04T12:09:25.880Z [L0]: Recv buf length = 611740, ofs = 0
2026-06-04T12:09:25.881Z [L0]: Recv buf length = 613200, ofs = 0
2026-06-04T12:09:25.882Z [L0]: Recv buf length = 614660, ofs = 0
2026-06-04T12:09:25.884Z [L0]: Recv buf length = 616120, ofs = 0
2026-06-04T12:09:25.885Z [L0]: Recv buf length = 617580, ofs = 0
2026-06-04T12:09:25.885Z [L0]: Recv buf length = 619040, ofs = 0
2026-06-04T12:09:25.886Z [L0]: Recv buf length = 620500, ofs = 0
2026-06-04T12:09:25.887Z [L0]: Recv buf length = 621960, ofs = 0
2026-06-04T12:09:25.888Z [L0]: Recv buf length = 623420, ofs = 0
2026-06-04T12:09:25.890Z [L0]: Recv buf length = 624880, ofs = 0
2026-06-04T12:09:25.891Z [L0]: Recv buf length = 626340, ofs = 0
2026-06-04T12:09:25.891Z [L0]: Recv buf length = 627800, ofs = 0
2026-06-04T12:09:25.893Z [L0]: Recv buf length = 629260, ofs = 0
2026-06-04T12:09:25.893Z [L0]: Recv buf length = 630720, ofs = 0
2026-06-04T12:09:25.894Z [L0]: Recv buf length = 632180, ofs = 0
2026-06-04T12:09:25.895Z [L0]: Recv buf length = 633640, ofs = 0
2026-06-04T12:09:25.896Z [L0]: Recv buf length = 635100, ofs = 0
2026-06-04T12:09:25.897Z [L0]: Recv buf length = 636560, ofs = 0
2026-06-04T12:09:25.898Z [L0]: Recv buf length = 638020, ofs = 0
2026-06-04T12:09:25.899Z [L0]: Recv buf length = 639480, ofs = 0
2026-06-04T12:09:25.900Z [L0]: Recv buf length = 640940, ofs = 0
2026-06-04T12:09:25.901Z [L0]: Recv buf length = 642400, ofs = 0
2026-06-04T12:09:25.902Z [L0]: Recv buf length = 643860, ofs = 0
2026-06-04T12:09:25.904Z [L0]: Recv buf length = 645320, ofs = 0
2026-06-04T12:09:25.905Z [L0]: Recv buf length = 646780, ofs = 0
2026-06-04T12:09:25.905Z [L0]: Recv buf length = 648240, ofs = 0
2026-06-04T12:09:25.907Z [L0]: Recv buf length = 649700, ofs = 0
2026-06-04T12:09:25.908Z [L0]: Recv buf length = 651160, ofs = 0
2026-06-04T12:09:25.909Z [L0]: Recv buf length = 652620, ofs = 0
2026-06-04T12:09:25.910Z [L0]: Recv buf length = 654080, ofs = 0
2026-06-04T12:09:25.912Z [L0]: Recv buf length = 655540, ofs = 0
2026-06-04T12:09:25.913Z [L0]: Recv buf length = 657000, ofs = 0
2026-06-04T12:09:25.914Z [L0]: Recv buf length = 658460, ofs = 0
2026-06-04T12:09:25.914Z [L0]: Recv buf length = 659920, ofs = 0
2026-06-04T12:09:25.916Z [L0]: Recv buf length = 661380, ofs = 0
2026-06-04T12:09:25.917Z [L0]: Recv buf length = 662840, ofs = 0
2026-06-04T12:09:25.918Z [L0]: Recv buf length = 664300, ofs = 0
2026-06-04T12:09:25.919Z [L0]: Recv buf length = 665760, ofs = 0
2026-06-04T12:09:25.920Z [L0]: Recv buf length = 667220, ofs = 0
2026-06-04T12:09:25.922Z [L0]: Recv buf length = 668680, ofs = 0
2026-06-04T12:09:25.923Z [L0]: Recv buf length = 670140, ofs = 0
2026-06-04T12:09:25.924Z [L0]: Recv buf length = 671600, ofs = 0
2026-06-04T12:09:25.925Z [L0]: Recv buf length = 673060, ofs = 0
2026-06-04T12:09:25.926Z [L0]: Recv buf length = 674520, ofs = 0
2026-06-04T12:09:25.927Z [L0]: Recv buf length = 675980, ofs = 0
2026-06-04T12:09:25.928Z [L0]: Recv buf length = 677440, ofs = 0
2026-06-04T12:09:25.929Z [L0]: Recv buf length = 678900, ofs = 0
2026-06-04T12:09:25.930Z [L0]: Recv buf length = 680360, ofs = 0
2026-06-04T12:09:25.931Z [L0]: Recv buf length = 681820, ofs = 0
2026-06-04T12:09:25.932Z [L0]: Recv buf length = 683280, ofs = 0
2026-06-04T12:09:25.933Z [L0]: Recv buf length = 684740, ofs = 0
2026-06-04T12:09:25.934Z [L0]: Recv buf length = 686200, ofs = 0
2026-06-04T12:09:25.935Z [L0]: Recv buf length = 687660, ofs = 0
2026-06-04T12:09:25.936Z [L0]: Recv buf length = 689120, ofs = 0
2026-06-04T12:09:25.937Z [L0]: Recv buf length = 690580, ofs = 0
2026-06-04T12:09:25.938Z [L0]: Recv buf length = 692040, ofs = 0
2026-06-04T12:09:25.939Z [L0]: Recv buf length = 693500, ofs = 0
2026-06-04T12:09:25.940Z [L0]: Recv buf length = 694960, ofs = 0
2026-06-04T12:09:25.942Z [L0]: Recv buf length = 696420, ofs = 0
2026-06-04T12:09:25.943Z [L0]: Recv buf length = 697880, ofs = 0
2026-06-04T12:09:25.943Z [L0]: Recv buf length = 699340, ofs = 0
2026-06-04T12:09:25.944Z [L0]: Recv buf length = 700800, ofs = 0
2026-06-04T12:09:25.945Z [L0]: Recv buf length = 702260, ofs = 0
2026-06-04T12:09:25.946Z [L0]: Recv buf length = 703720, ofs = 0
2026-06-04T12:09:25.947Z [L0]: Recv buf length = 705180, ofs = 0
2026-06-04T12:09:25.948Z [L0]: Recv buf length = 706640, ofs = 0
2026-06-04T12:09:25.949Z [L0]: Recv buf length = 708100, ofs = 0
2026-06-04T12:09:25.951Z [L0]: Recv buf length = 709560, ofs = 0
2026-06-04T12:09:25.952Z [L0]: Recv buf length = 711020, ofs = 0
2026-06-04T12:09:25.953Z [L0]: Recv buf length = 712480, ofs = 0
2026-06-04T12:09:25.954Z [L0]: Recv buf length = 713940, ofs = 0
2026-06-04T12:09:25.955Z [L0]: Recv buf length = 715400, ofs = 0
2026-06-04T12:09:25.956Z [L0]: Recv buf length = 716860, ofs = 0
2026-06-04T12:09:25.957Z [L0]: Recv buf length = 718320, ofs = 0
2026-06-04T12:09:25.959Z [L0]: Recv buf length = 719780, ofs = 0
2026-06-04T12:09:25.960Z [L0]: Recv buf length = 721240, ofs = 0
2026-06-04T12:09:25.961Z [L0]: Recv buf length = 722700, ofs = 0
2026-06-04T12:09:25.963Z [L0]: Recv buf length = 724160, ofs = 0
2026-06-04T12:09:25.964Z [L0]: Recv buf length = 725620, ofs = 0
2026-06-04T12:09:25.965Z [L0]: Recv buf length = 727080, ofs = 0
2026-06-04T12:09:25.966Z [L0]: Recv buf length = 728540, ofs = 0
2026-06-04T12:09:25.966Z [L0]: Recv buf length = 730000, ofs = 0
2026-06-04T12:09:25.968Z [L0]: Recv buf length = 731460, ofs = 0
2026-06-04T12:09:25.969Z [L0]: Recv buf length = 732920, ofs = 0
2026-06-04T12:09:25.970Z [L0]: Recv buf length = 734380, ofs = 0
2026-06-04T12:09:25.971Z [L0]: Recv buf length = 735840, ofs = 0
2026-06-04T12:09:25.972Z [L0]: Recv buf length = 737300, ofs = 0
2026-06-04T12:09:25.974Z [L0]: Recv buf length = 738760, ofs = 0
2026-06-04T12:09:25.975Z [L0]: Recv buf length = 740220, ofs = 0
2026-06-04T12:09:25.976Z [L0]: Recv buf length = 741680, ofs = 0
2026-06-04T12:09:25.977Z [L0]: Recv buf length = 743140, ofs = 0
2026-06-04T12:09:25.978Z [L0]: Recv buf length = 744600, ofs = 0
2026-06-04T12:09:25.979Z [L0]: Recv buf length = 746060, ofs = 0
2026-06-04T12:09:25.980Z [L0]: Recv buf length = 747520, ofs = 0
2026-06-04T12:09:25.982Z [L0]: Recv buf length = 748980, ofs = 0
2026-06-04T12:09:25.983Z [L0]: Recv buf length = 750440, ofs = 0
2026-06-04T12:09:25.984Z [L0]: Recv buf length = 751900, ofs = 0
2026-06-04T12:09:25.986Z [L0]: Recv buf length = 753360, ofs = 0
2026-06-04T12:09:25.987Z [L0]: Recv buf length = 754820, ofs = 0
2026-06-04T12:09:25.988Z [L0]: Recv buf length = 756280, ofs = 0
2026-06-04T12:09:25.989Z [L0]: Recv buf length = 757740, ofs = 0
2026-06-04T12:09:25.990Z [L0]: Recv buf length = 759200, ofs = 0
2026-06-04T12:09:25.992Z [L0]: Recv buf length = 760660, ofs = 0
2026-06-04T12:09:25.993Z [L0]: Recv buf length = 762120, ofs = 0
2026-06-04T12:09:25.994Z [L0]: Recv buf length = 763580, ofs = 0
2026-06-04T12:09:25.995Z [L0]: Recv buf length = 765040, ofs = 0
2026-06-04T12:09:25.995Z [L0]: Recv buf length = 766500, ofs = 0
2026-06-04T12:09:25.996Z [L0]: Recv buf length = 767960, ofs = 0
2026-06-04T12:09:25.996Z [L0]: Recv buf length = 769420, ofs = 0
2026-06-04T12:09:25.997Z [L0]: Recv buf length = 770880, ofs = 0
2026-06-04T12:09:25.998Z [L0]: Recv buf length = 772340, ofs = 0
2026-06-04T12:09:25.999Z [L0]: Recv buf length = 773800, ofs = 0
2026-06-04T12:09:26.000Z [L0]: Recv buf length = 775260, ofs = 0
2026-06-04T12:09:26.001Z [L0]: Recv buf length = 776720, ofs = 0
2026-06-04T12:09:26.002Z [L0]: Recv buf length = 778180, ofs = 0
2026-06-04T12:09:26.003Z [L0]: Recv buf length = 779640, ofs = 0
2026-06-04T12:09:26.005Z [L0]: Recv buf length = 781100, ofs = 0
2026-06-04T12:09:26.005Z [L0]: Recv buf length = 782560, ofs = 0
2026-06-04T12:09:26.007Z [L0]: Recv buf length = 784020, ofs = 0
2026-06-04T12:09:26.008Z [L0]: Recv buf length = 785480, ofs = 0
2026-06-04T12:09:26.009Z [L0]: Recv buf length = 786940, ofs = 0
2026-06-04T12:09:26.010Z [L0]: Recv buf length = 788400, ofs = 0
2026-06-04T12:09:26.011Z [L0]: Recv buf length = 789860, ofs = 0
2026-06-04T12:09:26.012Z [L0]: Recv buf length = 791320, ofs = 0
2026-06-04T12:09:26.014Z [L0]: Recv buf length = 792780, ofs = 0
2026-06-04T12:09:26.015Z [L0]: Recv buf length = 794240, ofs = 0
2026-06-04T12:09:26.016Z [L0]: Recv buf length = 795700, ofs = 0
2026-06-04T12:09:26.017Z [L0]: Recv buf length = 797160, ofs = 0
2026-06-04T12:09:26.018Z [L0]: Recv buf length = 798620, ofs = 0
2026-06-04T12:09:26.019Z [L0]: Recv buf length = 800080, ofs = 0
2026-06-04T12:09:26.020Z [L0]: Recv buf length = 801540, ofs = 0
2026-06-04T12:09:26.022Z [L0]: Recv buf length = 803000, ofs = 0
2026-06-04T12:09:26.023Z [L0]: Recv buf length = 804460, ofs = 0
2026-06-04T12:09:26.024Z [L0]: Recv buf length = 805920, ofs = 0
2026-06-04T12:09:26.025Z [L0]: Recv buf length = 807380, ofs = 0
2026-06-04T12:09:26.026Z [L0]: Recv buf length = 808840, ofs = 0
2026-06-04T12:09:26.027Z [L0]: Recv buf length = 810300, ofs = 0
2026-06-04T12:09:26.028Z [L0]: Recv buf length = 811760, ofs = 0
2026-06-04T12:09:26.029Z [L0]: Recv buf length = 813220, ofs = 0
2026-06-04T12:09:26.030Z [L0]: Recv buf length = 814680, ofs = 0
2026-06-04T12:09:26.031Z [L0]: Recv buf length = 816140, ofs = 0
2026-06-04T12:09:26.033Z [L0]: Recv buf length = 817600, ofs = 0
2026-06-04T12:09:26.034Z [L0]: Recv buf length = 819060, ofs = 0
2026-06-04T12:09:26.035Z [L0]: Recv buf length = 820520, ofs = 0
2026-06-04T12:09:26.036Z [L0]: Recv buf length = 821980, ofs = 0
2026-06-04T12:09:26.037Z [L0]: Recv buf length = 823440, ofs = 0
2026-06-04T12:09:26.038Z [L0]: Recv buf length = 824900, ofs = 0
2026-06-04T12:09:26.039Z [L0]: Recv buf length = 826360, ofs = 0
2026-06-04T12:09:26.040Z [L0]: Recv buf length = 827820, ofs = 0
2026-06-04T12:09:26.041Z [L0]: Recv buf length = 829280, ofs = 0
2026-06-04T12:09:26.043Z [L0]: Recv buf length = 830740, ofs = 0
2026-06-04T12:09:26.043Z [L0]: Recv buf length = 832200, ofs = 0
2026-06-04T12:09:26.044Z [L0]: Recv buf length = 833660, ofs = 0
2026-06-04T12:09:26.045Z [L0]: Recv buf length = 835120, ofs = 0
2026-06-04T12:09:26.046Z [L0]: Recv buf length = 836580, ofs = 0
2026-06-04T12:09:26.047Z [L0]: Recv buf length = 838040, ofs = 0
2026-06-04T12:09:26.049Z [L0]: Recv buf length = 839500, ofs = 0
2026-06-04T12:09:26.049Z [L0]: Recv buf length = 840960, ofs = 0
2026-06-04T12:09:26.050Z [L0]: Recv buf length = 842420, ofs = 0
2026-06-04T12:09:26.051Z [L0]: Recv buf length = 843880, ofs = 0
2026-06-04T12:09:26.052Z [L0]: Recv buf length = 845340, ofs = 0
2026-06-04T12:09:26.053Z [L0]: Recv buf length = 846800, ofs = 0
2026-06-04T12:09:26.054Z [L0]: Recv buf length = 848260, ofs = 0
2026-06-04T12:09:26.055Z [L0]: Recv buf length = 849720, ofs = 0
2026-06-04T12:09:26.056Z [L0]: Recv buf length = 851180, ofs = 0
2026-06-04T12:09:26.057Z [L0]: Recv buf length = 852640, ofs = 0
2026-06-04T12:09:26.058Z [L0]: Recv buf length = 854100, ofs = 0
2026-06-04T12:09:26.059Z [L0]: Recv buf length = 855560, ofs = 0
2026-06-04T12:09:26.060Z [L0]: Recv buf length = 857020, ofs = 0
2026-06-04T12:09:26.060Z [L0]: Recv buf length = 858480, ofs = 0
2026-06-04T12:09:26.061Z [L0]: Recv buf length = 859940, ofs = 0
2026-06-04T12:09:26.062Z [L0]: Recv buf length = 861400, ofs = 0
2026-06-04T12:09:26.063Z [L0]: Recv buf length = 862860, ofs = 0
2026-06-04T12:09:26.064Z [L0]: Recv buf length = 864320, ofs = 0
2026-06-04T12:09:26.065Z [L0]: Recv buf length = 865780, ofs = 0
2026-06-04T12:09:26.067Z [L0]: Recv buf length = 867240, ofs = 0
2026-06-04T12:09:26.068Z [L0]: Recv buf length = 868700, ofs = 0
2026-06-04T12:09:26.069Z [L0]: Recv buf length = 870160, ofs = 0
2026-06-04T12:09:26.070Z [L0]: Recv buf length = 871620, ofs = 0
2026-06-04T12:09:26.071Z [L0]: Recv buf length = 873080, ofs = 0
2026-06-04T12:09:26.072Z [L0]: Recv buf length = 874540, ofs = 0
2026-06-04T12:09:26.073Z [L0]: Recv buf length = 876000, ofs = 0
2026-06-04T12:09:26.074Z [L0]: Recv buf length = 877460, ofs = 0
2026-06-04T12:09:26.075Z [L0]: Recv buf length = 878920, ofs = 0
2026-06-04T12:09:26.076Z [L0]: Recv buf length = 880380, ofs = 0
2026-06-04T12:09:26.078Z [L0]: Recv buf length = 881840, ofs = 0
2026-06-04T12:09:26.079Z [L0]: Recv buf length = 883300, ofs = 0
2026-06-04T12:09:26.080Z [L0]: Recv buf length = 884760, ofs = 0
2026-06-04T12:09:26.081Z [L0]: Recv buf length = 886220, ofs = 0
2026-06-04T12:09:26.082Z [L0]: Recv buf length = 887680, ofs = 0
2026-06-04T12:09:26.084Z [L0]: Recv buf length = 889140, ofs = 0
2026-06-04T12:09:26.085Z [L0]: Recv buf length = 890600, ofs = 0
2026-06-04T12:09:26.086Z [L0]: Recv buf length = 892060, ofs = 0
2026-06-04T12:09:26.087Z [L0]: Recv buf length = 893520, ofs = 0
2026-06-04T12:09:26.087Z [L0]: Recv buf length = 894980, ofs = 0
2026-06-04T12:09:26.088Z [L0]: Recv buf length = 896440, ofs = 0
2026-06-04T12:09:26.089Z [L0]: Recv buf length = 897900, ofs = 0
2026-06-04T12:09:26.090Z [L0]: Recv buf length = 899360, ofs = 0
2026-06-04T12:09:26.091Z [L0]: Recv buf length = 900820, ofs = 0
2026-06-04T12:09:26.092Z [L0]: Recv buf length = 902280, ofs = 0
2026-06-04T12:09:26.093Z [L0]: Recv buf length = 903740, ofs = 0
2026-06-04T12:09:26.094Z [L0]: Recv buf length = 905200, ofs = 0
2026-06-04T12:09:26.095Z [L0]: Recv buf length = 906660, ofs = 0
2026-06-04T12:09:26.096Z [L0]: Recv buf length = 908120, ofs = 0
2026-06-04T12:09:26.097Z [L0]: Recv buf length = 909580, ofs = 0
2026-06-04T12:09:26.098Z [L0]: Recv buf length = 911040, ofs = 0
2026-06-04T12:09:26.099Z [L0]: Recv buf length = 912500, ofs = 0
2026-06-04T12:09:26.100Z [L0]: Recv buf length = 913960, ofs = 0
2026-06-04T12:09:26.101Z [L0]: Recv buf length = 915420, ofs = 0
2026-06-04T12:09:26.103Z [L0]: Recv buf length = 916880, ofs = 0
2026-06-04T12:09:26.104Z [L0]: Recv buf length = 918340, ofs = 0
2026-06-04T12:09:26.105Z [L0]: Recv buf length = 919800, ofs = 0
2026-06-04T12:09:26.106Z [L0]: Recv buf length = 921260, ofs = 0
2026-06-04T12:09:26.107Z [L0]: Recv buf length = 922720, ofs = 0
2026-06-04T12:09:26.108Z [L0]: Recv buf length = 924180, ofs = 0
2026-06-04T12:09:26.109Z [L0]: Recv buf length = 925640, ofs = 0
2026-06-04T12:09:26.110Z [L0]: Recv buf length = 927100, ofs = 0
2026-06-04T12:09:26.111Z [L0]: Recv buf length = 928560, ofs = 0
2026-06-04T12:09:26.112Z [L0]: Recv buf length = 930020, ofs = 0
2026-06-04T12:09:26.113Z [L0]: Recv buf length = 931480, ofs = 0
2026-06-04T12:09:26.114Z [L0]: Recv buf length = 932940, ofs = 0
2026-06-04T12:09:26.115Z [L0]: Recv buf length = 934400, ofs = 0
2026-06-04T12:09:26.116Z [L0]: Recv buf length = 935860, ofs = 0
2026-06-04T12:09:26.117Z [L0]: Recv buf length = 937320, ofs = 0
2026-06-04T12:09:26.118Z [L0]: Recv buf length = 938780, ofs = 0
2026-06-04T12:09:26.119Z [L0]: Recv buf length = 940240, ofs = 0
2026-06-04T12:09:26.120Z [L0]: Recv buf length = 941700, ofs = 0
2026-06-04T12:09:26.122Z [L0]: Recv buf length = 943160, ofs = 0
2026-06-04T12:09:26.123Z [L0]: Recv buf length = 944620, ofs = 0
2026-06-04T12:09:26.123Z [L0]: Recv buf length = 946080, ofs = 0
2026-06-04T12:09:26.124Z [L0]: Recv buf length = 947540, ofs = 0
2026-06-04T12:09:26.125Z [L0]: Recv buf length = 949000, ofs = 0
2026-06-04T12:09:26.127Z [L0]: Recv buf length = 950460, ofs = 0
2026-06-04T12:09:26.128Z [L0]: Recv buf length = 951920, ofs = 0
2026-06-04T12:09:26.128Z [L0]: Recv buf length = 953380, ofs = 0
2026-06-04T12:09:26.130Z [L0]: Recv buf length = 954840, ofs = 0
2026-06-04T12:09:26.131Z [L0]: Recv buf length = 956300, ofs = 0
2026-06-04T12:09:26.132Z [L0]: Recv buf length = 957760, ofs = 0
2026-06-04T12:09:26.133Z [L0]: Recv buf length = 959220, ofs = 0
2026-06-04T12:09:26.133Z [L0]: Recv buf length = 960680, ofs = 0
2026-06-04T12:09:26.134Z [L0]: Recv buf length = 962140, ofs = 0
2026-06-04T12:09:26.135Z [L0]: Recv buf length = 963600, ofs = 0
2026-06-04T12:09:26.136Z [L0]: Recv buf length = 965060, ofs = 0
2026-06-04T12:09:26.138Z [L0]: Recv buf length = 966520, ofs = 0
2026-06-04T12:09:26.139Z [L0]: Recv buf length = 967980, ofs = 0
2026-06-04T12:09:26.140Z [L0]: Recv buf length = 969440, ofs = 0
2026-06-04T12:09:26.141Z [L0]: Recv buf length = 970900, ofs = 0
2026-06-04T12:09:26.142Z [L0]: Recv buf length = 972360, ofs = 0
2026-06-04T12:09:26.144Z [L0]: Recv buf length = 973820, ofs = 0
2026-06-04T12:09:26.145Z [L0]: Recv buf length = 975280, ofs = 0
2026-06-04T12:09:26.146Z [L0]: Recv buf length = 976740, ofs = 0
2026-06-04T12:09:26.147Z [L0]: Recv buf length = 978200, ofs = 0
2026-06-04T12:09:26.148Z [L0]: Recv buf length = 979660, ofs = 0
2026-06-04T12:09:26.149Z [L0]: Recv buf length = 981120, ofs = 0
2026-06-04T12:09:26.150Z [L0]: Recv buf length = 982580, ofs = 0
2026-06-04T12:09:26.151Z [L0]: Recv buf length = 984040, ofs = 0
2026-06-04T12:09:26.152Z [L0]: Recv buf length = 985500, ofs = 0
2026-06-04T12:09:26.153Z [L0]: Recv buf length = 986960, ofs = 0
2026-06-04T12:09:26.155Z [L0]: Recv buf length = 988420, ofs = 0
2026-06-04T12:09:26.156Z [L0]: Recv buf length = 989880, ofs = 0
2026-06-04T12:09:26.157Z [L0]: Recv buf length = 991340, ofs = 0
2026-06-04T12:09:26.158Z [L0]: Recv buf length = 992800, ofs = 0
2026-06-04T12:09:26.159Z [L0]: Recv buf length = 994260, ofs = 0
2026-06-04T12:09:26.160Z [L0]: Recv buf length = 995720, ofs = 0
2026-06-04T12:09:26.160Z [L0]: Recv buf length = 997180, ofs = 0
2026-06-04T12:09:26.162Z [L0]: Recv buf length = 998640, ofs = 0
2026-06-04T12:09:26.163Z [L0]: Recv buf length = 1000100, ofs = 0
2026-06-04T12:09:26.163Z [L0]: Recv buf length = 1001560, ofs = 0
2026-06-04T12:09:26.164Z [L0]: Recv buf length = 1003020, ofs = 0
2026-06-04T12:09:26.165Z [L0]: Recv buf length = 1004480, ofs = 0
2026-06-04T12:09:26.166Z [L0]: Recv buf length = 1005940, ofs = 0
2026-06-04T12:09:26.167Z [L0]: Recv buf length = 1007400, ofs = 0
2026-06-04T12:09:26.168Z [L0]: Recv buf length = 1008860, ofs = 0
2026-06-04T12:09:26.169Z [L0]: Recv buf length = 1010320, ofs = 0
2026-06-04T12:09:26.170Z [L0]: Recv buf length = 1011780, ofs = 0
2026-06-04T12:09:26.171Z [L0]: Recv buf length = 1013240, ofs = 0
2026-06-04T12:09:26.172Z [L0]: Recv buf length = 1014700, ofs = 0
2026-06-04T12:09:26.173Z [L0]: Recv buf length = 1016160, ofs = 0
2026-06-04T12:09:26.173Z [L0]: Recv buf length = 1017620, ofs = 0
2026-06-04T12:09:26.174Z [L0]: Recv buf length = 1019080, ofs = 0
2026-06-04T12:09:26.175Z [L0]: Recv buf length = 1020540, ofs = 0
2026-06-04T12:09:26.177Z [L0]: Recv buf length = 1022000, ofs = 0
2026-06-04T12:09:26.178Z [L0]: Recv buf length = 1023460, ofs = 0
2026-06-04T12:09:26.179Z [L0]: Recv buf length = 1024920, ofs = 0
2026-06-04T12:09:26.180Z [L0]: Recv buf length = 1026380, ofs = 0
2026-06-04T12:09:26.181Z [L0]: Recv buf length = 1027840, ofs = 0
2026-06-04T12:09:26.182Z [L0]: Recv buf length = 1029300, ofs = 0
2026-06-04T12:09:26.183Z [L0]: Recv buf length = 1030760, ofs = 0
2026-06-04T12:09:26.185Z [L0]: Recv buf length = 1032220, ofs = 0
2026-06-04T12:09:26.186Z [L0]: Recv buf length = 1033680, ofs = 0
2026-06-04T12:09:26.187Z [L0]: Recv buf length = 1035140, ofs = 0
2026-06-04T12:09:26.188Z [L0]: Recv buf length = 1036600, ofs = 0
2026-06-04T12:09:26.189Z [L0]: Recv buf length = 1038060, ofs = 0
2026-06-04T12:09:26.190Z [L0]: Recv buf length = 1039520, ofs = 0
2026-06-04T12:09:26.191Z [L0]: Recv buf length = 1040980, ofs = 0
2026-06-04T12:09:26.192Z [L0]: Recv buf length = 1042440, ofs = 0
2026-06-04T12:09:26.193Z [L0]: Recv buf length = 1043900, ofs = 0
2026-06-04T12:09:26.194Z [L0]: Recv buf length = 1045360, ofs = 0
2026-06-04T12:09:26.195Z [L0]: Recv buf length = 1046820, ofs = 0
2026-06-04T12:09:26.197Z [L0]: Recv buf length = 1048280, ofs = 0
2026-06-04T12:09:26.198Z [L0]: Recv buf length = 1049740, ofs = 0
2026-06-04T12:09:26.199Z [L0]: Recv buf length = 1051200, ofs = 0
2026-06-04T12:09:26.199Z [L0]: Recv buf length = 1052660, ofs = 0
2026-06-04T12:09:26.200Z [L0]: Recv buf length = 1054120, ofs = 0
2026-06-04T12:09:26.201Z [L0]: Recv buf length = 1055580, ofs = 0
2026-06-04T12:09:26.202Z [L0]: Recv buf length = 1057040, ofs = 0
2026-06-04T12:09:26.204Z [L0]: Recv buf length = 1058500, ofs = 0
2026-06-04T12:09:26.205Z [L0]: Recv buf length = 1059960, ofs = 0
2026-06-04T12:09:26.206Z [L0]: Recv buf length = 1061420, ofs = 0
2026-06-04T12:09:26.207Z [L0]: Recv buf length = 1062880, ofs = 0
2026-06-04T12:09:26.209Z [L0]: Recv buf length = 1064340, ofs = 0
2026-06-04T12:09:26.210Z [L0]: Recv buf length = 1065800, ofs = 0
2026-06-04T12:09:26.211Z [L0]: Recv buf length = 1067260, ofs = 0
2026-06-04T12:09:26.212Z [L0]: Recv buf length = 1068720, ofs = 0
2026-06-04T12:09:26.213Z [L0]: Recv buf length = 1070180, ofs = 0
2026-06-04T12:09:26.214Z [L0]: Recv buf length = 1071640, ofs = 0
2026-06-04T12:09:26.216Z [L0]: Recv buf length = 1073100, ofs = 0
2026-06-04T12:09:26.217Z [L0]: Recv buf length = 1074560, ofs = 0
2026-06-04T12:09:26.217Z [L0]: Recv buf length = 1076020, ofs = 0
2026-06-04T12:09:26.219Z [L0]: Recv buf length = 1077480, ofs = 0
2026-06-04T12:09:26.220Z [L0]: Recv buf length = 1078940, ofs = 0
2026-06-04T12:09:26.221Z [L0]: Recv buf length = 1080400, ofs = 0
2026-06-04T12:09:26.222Z [L0]: Recv buf length = 1081860, ofs = 0
2026-06-04T12:09:26.223Z [L0]: Recv buf length = 1083320, ofs = 0
2026-06-04T12:09:26.224Z [L0]: Recv buf length = 1084780, ofs = 0
2026-06-04T12:09:26.225Z [L0]: Recv buf length = 1086240, ofs = 0
2026-06-04T12:09:26.226Z [L0]: Recv buf length = 1087700, ofs = 0
2026-06-04T12:09:26.228Z [L0]: Recv buf length = 1089160, ofs = 0
2026-06-04T12:09:26.229Z [L0]: Recv buf length = 1090620, ofs = 0
2026-06-04T12:09:26.230Z [L0]: Recv buf length = 1092080, ofs = 0
2026-06-04T12:09:26.231Z [L0]: Recv buf length = 1093540, ofs = 0
2026-06-04T12:09:26.232Z [L0]: Recv buf length = 1095000, ofs = 0
2026-06-04T12:09:26.234Z [L0]: Recv buf length = 1096460, ofs = 0
2026-06-04T12:09:26.235Z [L0]: Recv buf length = 1097920, ofs = 0
2026-06-04T12:09:26.236Z [L0]: Recv buf length = 1099380, ofs = 0
2026-06-04T12:09:26.237Z [L0]: Recv buf length = 1100840, ofs = 0
2026-06-04T12:09:26.239Z [L0]: Recv buf length = 1102300, ofs = 0
2026-06-04T12:09:26.240Z [L0]: Recv buf length = 1103760, ofs = 0
2026-06-04T12:09:26.241Z [L0]: Recv buf length = 1105220, ofs = 0
2026-06-04T12:09:26.242Z [L0]: Recv buf length = 1106680, ofs = 0
2026-06-04T12:09:26.243Z [L0]: Recv buf length = 1108140, ofs = 0
2026-06-04T12:09:26.244Z [L0]: Recv buf length = 1109600, ofs = 0
2026-06-04T12:09:26.245Z [L0]: Recv buf length = 1111060, ofs = 0
2026-06-04T12:09:26.246Z [L0]: Recv buf length = 1112520, ofs = 0
2026-06-04T12:09:26.247Z [L0]: Recv buf length = 1113980, ofs = 0
2026-06-04T12:09:26.249Z [L0]: Recv buf length = 1115440, ofs = 0
2026-06-04T12:09:26.250Z [L0]: Recv buf length = 1116900, ofs = 0
2026-06-04T12:09:26.251Z [L0]: Recv buf length = 1118360, ofs = 0
2026-06-04T12:09:26.252Z [L0]: Recv buf length = 1119820, ofs = 0
2026-06-04T12:09:26.254Z [L0]: Recv buf length = 1121280, ofs = 0
2026-06-04T12:09:26.255Z [L0]: Recv buf length = 1122740, ofs = 0
2026-06-04T12:09:26.256Z [L0]: Recv buf length = 1124200, ofs = 0
2026-06-04T12:09:26.257Z [L0]: Recv buf length = 1125660, ofs = 0
2026-06-04T12:09:26.258Z [L0]: Recv buf length = 1127120, ofs = 0
2026-06-04T12:09:26.260Z [L0]: Recv buf length = 1128580, ofs = 0
2026-06-04T12:09:26.261Z [L0]: Recv buf length = 1130040, ofs = 0
2026-06-04T12:09:26.262Z [L0]: Recv buf length = 1131500, ofs = 0
2026-06-04T12:09:26.263Z [L0]: Recv buf length = 1132960, ofs = 0
2026-06-04T12:09:26.265Z [L0]: Recv buf length = 1134420, ofs = 0
2026-06-04T12:09:26.266Z [L0]: Recv buf length = 1135880, ofs = 0
2026-06-04T12:09:26.267Z [L0]: Recv buf length = 1137340, ofs = 0
2026-06-04T12:09:26.269Z [L0]: Recv buf length = 1138800, ofs = 0
2026-06-04T12:09:26.270Z [L0]: Recv buf length = 1140260, ofs = 0
2026-06-04T12:09:26.271Z [L0]: Recv buf length = 1141720, ofs = 0
2026-06-04T12:09:26.273Z [L0]: Recv buf length = 1143180, ofs = 0
2026-06-04T12:09:26.274Z [L0]: Recv buf length = 1144640, ofs = 0
2026-06-04T12:09:26.275Z [L0]: Recv buf length = 1146100, ofs = 0
2026-06-04T12:09:26.277Z [L0]: Recv buf length = 1147560, ofs = 0
2026-06-04T12:09:26.278Z [L0]: Recv buf length = 1149020, ofs = 0
2026-06-04T12:09:26.279Z [L0]: Recv buf length = 1150480, ofs = 0
2026-06-04T12:09:26.281Z [L0]: Recv buf length = 1151940, ofs = 0
2026-06-04T12:09:26.282Z [L0]: Recv buf length = 1153400, ofs = 0
2026-06-04T12:09:26.284Z [L0]: Recv buf length = 1154860, ofs = 0
2026-06-04T12:09:26.286Z [L0]: Recv buf length = 1156320, ofs = 0
2026-06-04T12:09:26.287Z [L0]: Recv buf length = 1157780, ofs = 0
2026-06-04T12:09:26.288Z [L0]: Recv buf length = 1159240, ofs = 0
2026-06-04T12:09:26.290Z [L0]: Recv buf length = 1160700, ofs = 0
2026-06-04T12:09:26.291Z [L0]: Recv buf length = 1162160, ofs = 0
2026-06-04T12:09:26.292Z [L0]: Recv buf length = 1163620, ofs = 0
2026-06-04T12:09:26.293Z [L0]: Recv buf length = 1165080, ofs = 0
2026-06-04T12:09:26.295Z [L0]: Recv buf length = 1166540, ofs = 0
2026-06-04T12:09:26.296Z [L0]: Recv buf length = 1168000, ofs = 0
2026-06-04T12:09:26.298Z [L0]: Recv buf length = 1169460, ofs = 0
2026-06-04T12:09:26.299Z [L0]: Recv buf length = 1170920, ofs = 0
2026-06-04T12:09:26.300Z [L0]: Recv buf length = 1172380, ofs = 0
2026-06-04T12:09:26.301Z [L0]: Recv buf length = 1173840, ofs = 0
2026-06-04T12:09:26.303Z [L0]: Recv buf length = 1175300, ofs = 0
2026-06-04T12:09:26.304Z [L0]: Recv buf length = 1176760, ofs = 0
2026-06-04T12:09:26.305Z [L0]: Recv buf length = 1178220, ofs = 0
2026-06-04T12:09:26.306Z [L0]: Recv buf length = 1179680, ofs = 0
2026-06-04T12:09:26.308Z [L0]: Recv buf length = 1181140, ofs = 0
2026-06-04T12:09:26.309Z [L0]: Recv buf length = 1182600, ofs = 0
2026-06-04T12:09:26.310Z [L0]: Recv buf length = 1184060, ofs = 0
2026-06-04T12:09:26.311Z [L0]: Recv buf length = 1185520, ofs = 0
2026-06-04T12:09:26.312Z [L0]: Recv buf length = 1186980, ofs = 0
2026-06-04T12:09:26.313Z [L0]: Recv buf length = 1188440, ofs = 0
2026-06-04T12:09:26.315Z [L0]: Recv buf length = 1189900, ofs = 0
2026-06-04T12:09:26.316Z [L0]: Recv buf length = 1191360, ofs = 0
2026-06-04T12:09:26.317Z [L0]: Recv buf length = 1192820, ofs = 0
2026-06-04T12:09:26.319Z [L0]: Recv buf length = 1194280, ofs = 0
2026-06-04T12:09:26.320Z [L0]: Recv buf length = 1195740, ofs = 0
2026-06-04T12:09:26.322Z [L0]: Recv buf length = 1197200, ofs = 0
2026-06-04T12:09:26.323Z [L0]: Recv buf length = 1198660, ofs = 0
2026-06-04T12:09:26.324Z [L0]: Recv buf length = 1200120, ofs = 0
2026-06-04T12:09:26.326Z [L0]: Recv buf length = 1201580, ofs = 0
2026-06-04T12:09:26.327Z [L0]: Recv buf length = 1203040, ofs = 0
2026-06-04T12:09:26.328Z [L0]: Recv buf length = 1204500, ofs = 0
2026-06-04T12:09:26.329Z [L0]: Recv buf length = 1205960, ofs = 0
2026-06-04T12:09:26.330Z [L0]: Recv buf length = 1207420, ofs = 0
2026-06-04T12:09:26.332Z [L0]: Recv buf length = 1208880, ofs = 0
2026-06-04T12:09:26.333Z [L0]: Recv buf length = 1210340, ofs = 0
2026-06-04T12:09:26.334Z [L0]: Recv buf length = 1211800, ofs = 0
2026-06-04T12:09:26.334Z [L0]: Recv buf length = 1213260, ofs = 0
2026-06-04T12:09:26.335Z [L0]: Recv buf length = 1214720, ofs = 0
2026-06-04T12:09:26.337Z [L0]: Recv buf length = 1216180, ofs = 0
2026-06-04T12:09:26.338Z [L0]: Recv buf length = 1217640, ofs = 0
2026-06-04T12:09:26.339Z [L0]: Recv buf length = 1219100, ofs = 0
2026-06-04T12:09:26.340Z [L0]: Recv buf length = 1220560, ofs = 0
2026-06-04T12:09:26.341Z [L0]: Recv buf length = 1222020, ofs = 0
2026-06-04T12:09:26.342Z [L0]: Recv buf length = 1223480, ofs = 0
2026-06-04T12:09:26.343Z [L0]: Recv buf length = 1224940, ofs = 0
2026-06-04T12:09:26.344Z [L0]: Recv buf length = 1226400, ofs = 0
2026-06-04T12:09:26.345Z [L0]: Recv buf length = 1227860, ofs = 0
2026-06-04T12:09:26.347Z [L0]: Recv buf length = 1229320, ofs = 0
2026-06-04T12:09:26.348Z [L0]: Recv buf length = 1230780, ofs = 0
2026-06-04T12:09:26.349Z [L0]: Recv buf length = 1232240, ofs = 0
2026-06-04T12:09:26.350Z [L0]: Recv buf length = 1233700, ofs = 0
2026-06-04T12:09:26.351Z [L0]: Recv buf length = 1235160, ofs = 0
2026-06-04T12:09:26.352Z [L0]: Recv buf length = 1236620, ofs = 0
2026-06-04T12:09:26.353Z [L0]: Recv buf length = 1238080, ofs = 0
2026-06-04T12:09:26.354Z [L0]: Recv buf length = 1239540, ofs = 0
2026-06-04T12:09:26.356Z [L0]: Recv buf length = 1241000, ofs = 0
2026-06-04T12:09:26.357Z [L0]: Recv buf length = 1242460, ofs = 0
2026-06-04T12:09:26.358Z [L0]: Recv buf length = 1243920, ofs = 0
2026-06-04T12:09:26.360Z [L0]: Recv buf length = 1245380, ofs = 0
2026-06-04T12:09:26.361Z [L0]: Recv buf length = 1246840, ofs = 0
2026-06-04T12:09:26.362Z [L0]: Recv buf length = 1248300, ofs = 0
2026-06-04T12:09:26.363Z [L0]: Recv buf length = 1249760, ofs = 0
2026-06-04T12:09:26.364Z [L0]: Recv buf length = 1251220, ofs = 0
2026-06-04T12:09:26.366Z [L0]: Recv buf length = 1252680, ofs = 0
2026-06-04T12:09:26.366Z [L0]: Recv buf length = 1254140, ofs = 0
2026-06-04T12:09:26.368Z [L0]: Recv buf length = 1255600, ofs = 0
2026-06-04T12:09:26.369Z [L0]: Recv buf length = 1257060, ofs = 0
2026-06-04T12:09:26.370Z [L0]: Recv buf length = 1258520, ofs = 0
2026-06-04T12:09:26.371Z [L0]: Recv buf length = 1259980, ofs = 0
2026-06-04T12:09:26.372Z [L0]: Recv buf length = 1261440, ofs = 0
2026-06-04T12:09:26.373Z [L0]: Recv buf length = 1262900, ofs = 0
2026-06-04T12:09:26.375Z [L0]: Recv buf length = 1264360, ofs = 0
2026-06-04T12:09:26.376Z [L0]: Recv buf length = 1265820, ofs = 0
2026-06-04T12:09:26.377Z [L0]: Recv buf length = 1267280, ofs = 0
2026-06-04T12:09:26.379Z [L0]: Recv buf length = 1268740, ofs = 0
2026-06-04T12:09:26.380Z [L0]: Recv buf length = 1270200, ofs = 0
2026-06-04T12:09:26.381Z [L0]: Recv buf length = 1271660, ofs = 0
2026-06-04T12:09:26.382Z [L0]: Recv buf length = 1273120, ofs = 0
2026-06-04T12:09:26.384Z [L0]: Recv buf length = 1274580, ofs = 0
2026-06-04T12:09:26.385Z [L0]: Recv buf length = 1276040, ofs = 0
2026-06-04T12:09:26.387Z [L0]: Recv buf length = 1277500, ofs = 0
2026-06-04T12:09:26.388Z [L0]: Recv buf length = 1278960, ofs = 0
2026-06-04T12:09:26.389Z [L0]: Recv buf length = 1280420, ofs = 0
2026-06-04T12:09:26.391Z [L0]: Recv buf length = 1281880, ofs = 0
2026-06-04T12:09:26.392Z [L0]: Recv buf length = 1283340, ofs = 0
2026-06-04T12:09:26.393Z [L0]: Recv buf length = 1284800, ofs = 0
2026-06-04T12:09:26.394Z [L0]: Recv buf length = 1286260, ofs = 0
2026-06-04T12:09:26.396Z [L0]: Recv buf length = 1287720, ofs = 0
2026-06-04T12:09:26.397Z [L0]: Recv buf length = 1289180, ofs = 0
2026-06-04T12:09:26.399Z [L0]: Recv buf length = 1290640, ofs = 0
2026-06-04T12:09:26.400Z [L0]: Recv buf length = 1292100, ofs = 0
2026-06-04T12:09:26.402Z [L0]: Recv buf length = 1293560, ofs = 0
2026-06-04T12:09:26.403Z [L0]: Recv buf length = 1295020, ofs = 0
2026-06-04T12:09:26.405Z [L0]: Recv buf length = 1296480, ofs = 0
2026-06-04T12:09:26.406Z [L0]: Recv buf length = 1297940, ofs = 0
2026-06-04T12:09:26.407Z [L0]: Recv buf length = 1299400, ofs = 0
2026-06-04T12:09:26.408Z [L0]: Recv buf length = 1300860, ofs = 0
2026-06-04T12:09:26.410Z [L0]: Recv buf length = 1302320, ofs = 0
2026-06-04T12:09:26.411Z [L0]: Recv buf length = 1303780, ofs = 0
2026-06-04T12:09:26.411Z [L0]: Recv buf length = 1305240, ofs = 0
2026-06-04T12:09:26.412Z [L0]: Recv buf length = 1306700, ofs = 0
2026-06-04T12:09:26.413Z [L0]: Recv buf length = 1308160, ofs = 0
2026-06-04T12:09:26.414Z [L0]: Recv buf length = 1309620, ofs = 0
2026-06-04T12:09:26.415Z [L0]: Recv buf length = 1311080, ofs = 0
2026-06-04T12:09:26.416Z [L0]: Recv buf length = 1312540, ofs = 0
2026-06-04T12:09:26.417Z [L0]: Recv buf length = 1314000, ofs = 0
2026-06-04T12:09:26.418Z [L0]: Recv buf length = 1315460, ofs = 0
2026-06-04T12:09:26.419Z [L0]: Recv buf length = 1316920, ofs = 0
2026-06-04T12:09:26.420Z [L0]: Recv buf length = 1318380, ofs = 0
2026-06-04T12:09:26.422Z [L0]: Recv buf length = 1319840, ofs = 0
2026-06-04T12:09:26.423Z [L0]: Recv buf length = 1321300, ofs = 0
2026-06-04T12:09:26.425Z [L0]: Recv buf length = 1322760, ofs = 0
2026-06-04T12:09:26.426Z [L0]: Recv buf length = 1324220, ofs = 0
2026-06-04T12:09:26.427Z [L0]: Recv buf length = 1325680, ofs = 0
2026-06-04T12:09:26.429Z [L0]: Recv buf length = 1327140, ofs = 0
2026-06-04T12:09:26.431Z [L0]: Recv buf length = 1328600, ofs = 0
2026-06-04T12:09:26.432Z [L0]: Recv buf length = 1330060, ofs = 0
2026-06-04T12:09:26.433Z [L0]: Recv buf length = 1331520, ofs = 0
2026-06-04T12:09:26.434Z [L0]: Recv buf length = 1332980, ofs = 0
2026-06-04T12:09:26.436Z [L0]: Recv buf length = 1334440, ofs = 0
2026-06-04T12:09:26.437Z [L0]: Recv buf length = 1335900, ofs = 0
2026-06-04T12:09:26.438Z [L0]: Recv buf length = 1337360, ofs = 0
2026-06-04T12:09:26.439Z [L0]: Recv buf length = 1338820, ofs = 0
2026-06-04T12:09:26.440Z [L0]: Recv buf length = 1340280, ofs = 0
2026-06-04T12:09:26.442Z [L0]: Recv buf length = 1341740, ofs = 0
2026-06-04T12:09:26.443Z [L0]: Recv buf length = 1343200, ofs = 0
2026-06-04T12:09:26.445Z [L0]: Recv buf length = 1344660, ofs = 0
2026-06-04T12:09:26.446Z [L0]: Recv buf length = 1346120, ofs = 0
2026-06-04T12:09:26.447Z [L0]: Recv buf length = 1347580, ofs = 0
2026-06-04T12:09:26.448Z [L0]: Recv buf length = 1349040, ofs = 0
2026-06-04T12:09:26.450Z [L0]: Recv buf length = 1350500, ofs = 0
2026-06-04T12:09:26.451Z [L0]: Recv buf length = 1351960, ofs = 0
2026-06-04T12:09:26.452Z [L0]: Recv buf length = 1353420, ofs = 0
2026-06-04T12:09:26.453Z [L0]: Recv buf length = 1354880, ofs = 0
2026-06-04T12:09:26.455Z [L0]: Recv buf length = 1356340, ofs = 0
2026-06-04T12:09:26.456Z [L0]: Recv buf length = 1357800, ofs = 0
2026-06-04T12:09:26.457Z [L0]: Recv buf length = 1359260, ofs = 0
2026-06-04T12:09:26.459Z [L0]: Recv buf length = 1360720, ofs = 0
2026-06-04T12:09:26.460Z [L0]: Recv buf length = 1362180, ofs = 0
2026-06-04T12:09:26.461Z [L0]: Recv buf length = 1363640, ofs = 0
2026-06-04T12:09:26.462Z [L0]: Recv buf length = 1365100, ofs = 0
2026-06-04T12:09:26.463Z [L0]: Recv buf length = 1366560, ofs = 0
2026-06-04T12:09:26.464Z [L0]: Recv buf length = 1368020, ofs = 0
2026-06-04T12:09:26.465Z [L0]: Recv buf length = 1369480, ofs = 0
2026-06-04T12:09:26.467Z [L0]: Recv buf length = 1370940, ofs = 0
2026-06-04T12:09:26.468Z [L0]: Recv buf length = 1372400, ofs = 0
2026-06-04T12:09:26.469Z [L0]: Recv buf length = 1373860, ofs = 0
2026-06-04T12:09:26.470Z [L0]: Recv buf length = 1375320, ofs = 0
2026-06-04T12:09:26.471Z [L0]: Recv buf length = 1376780, ofs = 0
2026-06-04T12:09:26.472Z [L0]: Recv buf length = 1378240, ofs = 0
2026-06-04T12:09:26.473Z [L0]: Recv buf length = 1379700, ofs = 0
2026-06-04T12:09:26.475Z [L0]: Recv buf length = 1381160, ofs = 0
2026-06-04T12:09:26.476Z [L0]: Recv buf length = 1382620, ofs = 0
2026-06-04T12:09:26.477Z [L0]: Recv buf length = 1384080, ofs = 0
2026-06-04T12:09:26.479Z [L0]: Recv buf length = 1385540, ofs = 0
2026-06-04T12:09:26.480Z [L0]: Recv buf length = 1387000, ofs = 0
2026-06-04T12:09:26.481Z [L0]: Recv buf length = 1388460, ofs = 0
2026-06-04T12:09:26.483Z [L0]: Recv buf length = 1389920, ofs = 0
2026-06-04T12:09:26.483Z [L0]: Recv buf length = 1391380, ofs = 0
2026-06-04T12:09:26.485Z [L0]: Recv buf length = 1392840, ofs = 0
2026-06-04T12:09:26.486Z [L0]: Recv buf length = 1394300, ofs = 0
2026-06-04T12:09:26.487Z [L0]: Recv buf length = 1395760, ofs = 0
2026-06-04T12:09:26.488Z [L0]: Recv buf length = 1397220, ofs = 0
2026-06-04T12:09:26.490Z [L0]: Recv buf length = 1398680, ofs = 0
2026-06-04T12:09:26.491Z [L0]: Recv buf length = 1400140, ofs = 0
2026-06-04T12:09:26.492Z [L0]: Recv buf length = 1401600, ofs = 0
2026-06-04T12:09:26.493Z [L0]: Recv buf length = 1403060, ofs = 0
2026-06-04T12:09:26.495Z [L0]: Recv buf length = 1404520, ofs = 0
2026-06-04T12:09:26.496Z [L0]: Recv buf length = 1405980, ofs = 0
2026-06-04T12:09:26.497Z [L0]: Recv buf length = 1407440, ofs = 0
2026-06-04T12:09:26.498Z [L0]: Recv buf length = 1408900, ofs = 0
2026-06-04T12:09:26.500Z [L0]: Recv buf length = 1410360, ofs = 0
2026-06-04T12:09:26.501Z [L0]: Recv buf length = 1411820, ofs = 0
2026-06-04T12:09:26.502Z [L0]: Recv buf length = 1413280, ofs = 0
2026-06-04T12:09:26.503Z [L0]: Recv buf length = 1414740, ofs = 0
2026-06-04T12:09:26.504Z [L0]: Recv buf length = 1416200, ofs = 0
2026-06-04T12:09:26.505Z [L0]: Recv buf length = 1417660, ofs = 0
2026-06-04T12:09:26.506Z [L0]: Recv buf length = 1419120, ofs = 0
2026-06-04T12:09:26.507Z [L0]: Recv buf length = 1420580, ofs = 0
2026-06-04T12:09:26.509Z [L0]: Recv buf length = 1422040, ofs = 0
2026-06-04T12:09:26.510Z [L0]: Recv buf length = 1423500, ofs = 0
2026-06-04T12:09:26.511Z [L0]: Recv buf length = 1424960, ofs = 0
2026-06-04T12:09:26.512Z [L0]: Recv buf length = 1426420, ofs = 0
2026-06-04T12:09:26.514Z [L0]: Recv buf length = 1427880, ofs = 0
2026-06-04T12:09:26.515Z [L0]: Recv buf length = 1429340, ofs = 0
2026-06-04T12:09:26.516Z [L0]: Recv buf length = 1430800, ofs = 0
2026-06-04T12:09:26.518Z [L0]: Recv buf length = 1432260, ofs = 0
2026-06-04T12:09:26.519Z [L0]: Recv buf length = 1433720, ofs = 0
2026-06-04T12:09:26.520Z [L0]: Recv buf length = 1435180, ofs = 0
2026-06-04T12:09:26.521Z [L0]: Recv buf length = 1436640, ofs = 0
2026-06-04T12:09:26.522Z [L0]: Recv buf length = 1438100, ofs = 0
2026-06-04T12:09:26.523Z [L0]: Recv buf length = 1439560, ofs = 0
2026-06-04T12:09:26.525Z [L0]: Recv buf length = 1441020, ofs = 0
2026-06-04T12:09:26.526Z [L0]: Recv buf length = 1442480, ofs = 0
2026-06-04T12:09:26.527Z [L0]: Recv buf length = 1443940, ofs = 0
2026-06-04T12:09:26.529Z [L0]: Recv buf length = 1445400, ofs = 0
2026-06-04T12:09:26.530Z [L0]: Recv buf length = 1446860, ofs = 0
2026-06-04T12:09:26.531Z [L0]: Recv buf length = 1448320, ofs = 0
2026-06-04T12:09:26.532Z [L0]: Recv buf length = 1449780, ofs = 0
2026-06-04T12:09:26.534Z [L0]: Recv buf length = 1451240, ofs = 0
2026-06-04T12:09:26.535Z [L0]: Recv buf length = 1452700, ofs = 0
2026-06-04T12:09:26.536Z [L0]: Recv buf length = 1454160, ofs = 0
2026-06-04T12:09:26.537Z [L0]: Recv buf length = 1455620, ofs = 0
2026-06-04T12:09:26.538Z [L0]: Recv buf length = 1457080, ofs = 0
2026-06-04T12:09:26.540Z [L0]: Recv buf length = 1458540, ofs = 0
2026-06-04T12:09:26.541Z [L0]: Recv buf length = 1460000, ofs = 0
2026-06-04T12:09:26.543Z [L0]: Recv buf length = 1461460, ofs = 0
2026-06-04T12:09:26.544Z [L0]: Recv buf length = 1462920, ofs = 0
2026-06-04T12:09:26.546Z [L0]: Recv buf length = 1464380, ofs = 0
2026-06-04T12:09:26.547Z [L0]: Recv buf length = 1465840, ofs = 0
2026-06-04T12:09:26.548Z [L0]: Recv buf length = 1467300, ofs = 0
2026-06-04T12:09:26.549Z [L0]: Recv buf length = 1468760, ofs = 0
2026-06-04T12:09:26.551Z [L0]: Recv buf length = 1470220, ofs = 0
2026-06-04T12:09:26.553Z [L0]: Recv buf length = 1471680, ofs = 0
2026-06-04T12:09:26.554Z [L0]: Recv buf length = 1473140, ofs = 0
2026-06-04T12:09:26.555Z [L0]: Recv buf length = 1474600, ofs = 0
2026-06-04T12:09:26.557Z [L0]: Recv buf length = 1476060, ofs = 0
2026-06-04T12:09:26.559Z [L0]: Recv buf length = 1477520, ofs = 0
2026-06-04T12:09:26.561Z [L0]: Recv buf length = 1478980, ofs = 0
2026-06-04T12:09:26.562Z [L0]: Recv buf length = 1480440, ofs = 0
2026-06-04T12:09:26.564Z [L0]: Recv buf length = 1481900, ofs = 0
2026-06-04T12:09:26.565Z [L0]: Recv buf length = 1483360, ofs = 0
2026-06-04T12:09:26.566Z [L0]: Recv buf length = 1484820, ofs = 0
2026-06-04T12:09:26.569Z [L0]: Recv buf length = 1486280, ofs = 0
2026-06-04T12:09:26.570Z [L0]: Recv buf length = 1487740, ofs = 0
2026-06-04T12:09:26.571Z [L0]: Recv buf length = 1489200, ofs = 0
2026-06-04T12:09:26.571Z [L0]: Recv buf length = 1490660, ofs = 0
2026-06-04T12:09:26.573Z [L0]: Recv buf length = 1492120, ofs = 0
2026-06-04T12:09:26.574Z [L0]: Recv buf length = 1493580, ofs = 0
2026-06-04T12:09:26.575Z [L0]: Recv buf length = 1495040, ofs = 0
2026-06-04T12:09:26.578Z [L0]: Recv buf length = 1496500, ofs = 0
2026-06-04T12:09:26.579Z [L0]: Recv buf length = 1497960, ofs = 0
2026-06-04T12:09:26.580Z [L0]: Recv buf length = 1499420, ofs = 0
2026-06-04T12:09:26.582Z [L0]: Recv buf length = 1500880, ofs = 0
2026-06-04T12:09:26.583Z [L0]: Recv buf length = 1502340, ofs = 0
2026-06-04T12:09:26.585Z [L0]: Recv buf length = 1503800, ofs = 0
2026-06-04T12:09:26.586Z [L0]: Recv buf length = 1505260, ofs = 0
2026-06-04T12:09:26.588Z [L0]: Recv buf length = 1506720, ofs = 0
2026-06-04T12:09:26.589Z [L0]: Recv buf length = 1508180, ofs = 0
2026-06-04T12:09:26.591Z [L0]: Recv buf length = 1509640, ofs = 0
2026-06-04T12:09:26.593Z [L0]: Recv buf length = 1511100, ofs = 0
2026-06-04T12:09:26.594Z [L0]: Recv buf length = 1512560, ofs = 0
2026-06-04T12:09:26.596Z [L0]: Recv buf length = 1514020, ofs = 0
2026-06-04T12:09:26.598Z [L0]: Recv buf length = 1515480, ofs = 0
2026-06-04T12:09:26.600Z [L0]: Recv buf length = 1516940, ofs = 0
2026-06-04T12:09:26.601Z [L0]: Recv buf length = 1518400, ofs = 0
2026-06-04T12:09:26.603Z [L0]: Recv buf length = 1519860, ofs = 0
2026-06-04T12:09:26.605Z [L0]: Recv buf length = 1521320, ofs = 0
2026-06-04T12:09:26.607Z [L0]: Recv buf length = 1522780, ofs = 0
2026-06-04T12:09:26.608Z [L0]: Recv buf length = 1524240, ofs = 0
2026-06-04T12:09:26.609Z [L0]: Recv buf length = 1525700, ofs = 0
2026-06-04T12:09:26.611Z [L0]: Recv buf length = 1527160, ofs = 0
2026-06-04T12:09:26.612Z [L0]: Recv buf length = 1528620, ofs = 0
2026-06-04T12:09:26.614Z [L0]: Recv buf length = 1530080, ofs = 0
2026-06-04T12:09:26.615Z [L0]: Recv buf length = 1531540, ofs = 0
2026-06-04T12:09:26.617Z [L0]: Recv buf length = 1533000, ofs = 0
2026-06-04T12:09:26.618Z [L0]: Recv buf length = 1534460, ofs = 0
2026-06-04T12:09:26.620Z [L0]: Recv buf length = 1535920, ofs = 0
2026-06-04T12:09:26.621Z [L0]: Recv buf length = 1537380, ofs = 0
2026-06-04T12:09:26.622Z [L0]: Recv buf length = 1538840, ofs = 0
2026-06-04T12:09:26.623Z [L0]: Recv buf length = 1540300, ofs = 0
2026-06-04T12:09:26.625Z [L0]: Recv buf length = 1541760, ofs = 0
2026-06-04T12:09:26.627Z [L0]: Recv buf length = 1543220, ofs = 0
2026-06-04T12:09:26.628Z [L0]: Recv buf length = 1544680, ofs = 0
2026-06-04T12:09:26.630Z [L0]: Recv buf length = 1546140, ofs = 0
2026-06-04T12:09:26.632Z [L0]: Recv buf length = 1547600, ofs = 0
2026-06-04T12:09:26.634Z [L0]: Recv buf length = 1549060, ofs = 0
2026-06-04T12:09:26.636Z [L0]: Recv buf length = 1550520, ofs = 0
2026-06-04T12:09:26.636Z [L0]: Recv buf length = 1551980, ofs = 0
2026-06-04T12:09:26.638Z [L0]: Recv buf length = 1553440, ofs = 0
2026-06-04T12:09:26.640Z [L0]: Recv buf length = 1554900, ofs = 0
2026-06-04T12:09:26.641Z [L0]: Recv buf length = 1556360, ofs = 0
2026-06-04T12:09:26.643Z [L0]: Recv buf length = 1557820, ofs = 0
2026-06-04T12:09:26.645Z [L0]: Recv buf length = 1559280, ofs = 0
2026-06-04T12:09:26.646Z [L0]: Recv buf length = 1560740, ofs = 0
2026-06-04T12:09:26.647Z [L0]: Recv buf length = 1562200, ofs = 0
2026-06-04T12:09:26.650Z [L0]: Recv buf length = 1563660, ofs = 0
2026-06-04T12:09:26.651Z [L0]: Recv buf length = 1565120, ofs = 0
2026-06-04T12:09:26.652Z [L0]: Recv buf length = 1566580, ofs = 0
2026-06-04T12:09:26.653Z [L0]: Recv buf length = 1568040, ofs = 0
2026-06-04T12:09:26.655Z [L0]: Recv buf length = 1569500, ofs = 0
2026-06-04T12:09:26.656Z [L0]: Recv buf length = 1570960, ofs = 0
2026-06-04T12:09:26.657Z [L0]: Recv buf length = 1572420, ofs = 0
2026-06-04T12:09:26.658Z [L0]: Recv buf length = 1573880, ofs = 0
2026-06-04T12:09:26.660Z [L0]: Recv buf length = 1575340, ofs = 0
2026-06-04T12:09:26.661Z [L0]: Recv buf length = 1576800, ofs = 0
2026-06-04T12:09:26.664Z [L0]: Recv buf length = 1578260, ofs = 0
2026-06-04T12:09:26.665Z [L0]: Recv buf length = 1579720, ofs = 0
2026-06-04T12:09:26.667Z [L0]: Recv buf length = 1581180, ofs = 0
2026-06-04T12:09:26.669Z [L0]: Recv buf length = 1582640, ofs = 0
2026-06-04T12:09:26.671Z [L0]: Recv buf length = 1584100, ofs = 0
2026-06-04T12:09:26.673Z [L0]: Recv buf length = 1585560, ofs = 0
2026-06-04T12:09:26.674Z [L0]: Recv buf length = 1587020, ofs = 0
2026-06-04T12:09:26.676Z [L0]: Recv buf length = 1588480, ofs = 0
2026-06-04T12:09:26.678Z [L0]: Recv buf length = 1589940, ofs = 0
2026-06-04T12:09:26.680Z [L0]: Recv buf length = 1591400, ofs = 0
2026-06-04T12:09:26.681Z [L0]: Recv buf length = 1592860, ofs = 0
2026-06-04T12:09:26.682Z [L0]: Recv buf length = 1594320, ofs = 0
2026-06-04T12:09:26.684Z [L0]: Recv buf length = 1595780, ofs = 0
2026-06-04T12:09:26.686Z [L0]: Recv buf length = 1597240, ofs = 0
2026-06-04T12:09:26.688Z [L0]: Recv buf length = 1598700, ofs = 0
2026-06-04T12:09:26.690Z [L0]: Recv buf length = 1600160, ofs = 0
2026-06-04T12:09:26.691Z [L0]: Recv buf length = 1601620, ofs = 0
2026-06-04T12:09:26.693Z [L0]: Recv buf length = 1603080, ofs = 0
2026-06-04T12:09:26.694Z [L0]: Recv buf length = 1604540, ofs = 0
2026-06-04T12:09:26.696Z [L0]: Recv buf length = 1606000, ofs = 0
2026-06-04T12:09:26.698Z [L0]: Recv buf length = 1607460, ofs = 0
2026-06-04T12:09:26.700Z [L0]: Recv buf length = 1608920, ofs = 0
2026-06-04T12:09:26.702Z [L0]: Recv buf length = 1610380, ofs = 0
2026-06-04T12:09:26.704Z [L0]: Recv buf length = 1611840, ofs = 0
2026-06-04T12:09:26.705Z [L0]: Recv buf length = 1613300, ofs = 0
2026-06-04T12:09:26.707Z [L0]: Recv buf length = 1614760, ofs = 0
2026-06-04T12:09:26.708Z [L0]: Recv buf length = 1616220, ofs = 0
2026-06-04T12:09:26.710Z [L0]: Recv buf length = 1617680, ofs = 0
2026-06-04T12:09:26.712Z [L0]: Recv buf length = 1619140, ofs = 0
2026-06-04T12:09:26.713Z [L0]: Recv buf length = 1620600, ofs = 0
2026-06-04T12:09:26.714Z [L0]: Recv buf length = 1622060, ofs = 0
2026-06-04T12:09:26.716Z [L0]: Recv buf length = 1623520, ofs = 0
2026-06-04T12:09:26.719Z [L0]: Recv buf length = 1624980, ofs = 0
2026-06-04T12:09:26.721Z [L0]: Recv buf length = 1626440, ofs = 0
2026-06-04T12:09:26.723Z [L0]: Recv buf length = 1627900, ofs = 0
2026-06-04T12:09:26.724Z [L0]: Recv buf length = 1629360, ofs = 0
2026-06-04T12:09:26.725Z [L0]: Recv buf length = 1630820, ofs = 0
2026-06-04T12:09:26.727Z [L0]: Recv buf length = 1632280, ofs = 0
2026-06-04T12:09:26.728Z [L0]: Recv buf length = 1633740, ofs = 0
2026-06-04T12:09:26.729Z [L0]: Recv buf length = 1635200, ofs = 0
2026-06-04T12:09:26.731Z [L0]: Recv buf length = 1636660, ofs = 0
2026-06-04T12:09:26.733Z [L0]: Recv buf length = 1638120, ofs = 0
2026-06-04T12:09:26.735Z [L0]: Recv buf length = 1639580, ofs = 0
2026-06-04T12:09:26.737Z [L0]: Recv buf length = 1641040, ofs = 0
2026-06-04T12:09:26.738Z [L0]: Recv buf length = 1642500, ofs = 0
2026-06-04T12:09:26.739Z [L0]: Recv buf length = 1643960, ofs = 0
2026-06-04T12:09:26.741Z [L0]: Recv buf length = 1645420, ofs = 0
2026-06-04T12:09:26.742Z [L0]: Recv buf length = 1646880, ofs = 0
2026-06-04T12:09:26.744Z [L0]: Recv buf length = 1648340, ofs = 0
2026-06-04T12:09:26.745Z [L0]: Recv buf length = 1649800, ofs = 0
2026-06-04T12:09:26.747Z [L0]: Recv buf length = 1651260, ofs = 0
2026-06-04T12:09:26.749Z [L0]: Recv buf length = 1652720, ofs = 0
2026-06-04T12:09:26.750Z [L0]: Recv buf length = 1654180, ofs = 0
2026-06-04T12:09:26.752Z [L0]: Recv buf length = 1655640, ofs = 0
2026-06-04T12:09:26.754Z [L0]: Recv buf length = 1657100, ofs = 0
2026-06-04T12:09:26.755Z [L0]: Recv buf length = 1658560, ofs = 0
2026-06-04T12:09:26.756Z [L0]: Recv buf length = 1660020, ofs = 0
2026-06-04T12:09:26.759Z [L0]: Recv buf length = 1661480, ofs = 0
2026-06-04T12:09:26.760Z [L0]: Recv buf length = 1662940, ofs = 0
2026-06-04T12:09:26.761Z [L0]: Recv buf length = 1664400, ofs = 0
2026-06-04T12:09:26.762Z [L0]: Recv buf length = 1665860, ofs = 0
2026-06-04T12:09:26.764Z [L0]: Recv buf length = 1667320, ofs = 0
2026-06-04T12:09:26.766Z [L0]: Recv buf length = 1668780, ofs = 0
2026-06-04T12:09:26.768Z [L0]: Recv buf length = 1670240, ofs = 0
2026-06-04T12:09:26.768Z [L0]: Recv buf length = 1671700, ofs = 0
2026-06-04T12:09:26.770Z [L0]: Recv buf length = 1673160, ofs = 0
2026-06-04T12:09:26.771Z [L0]: Recv buf length = 1674620, ofs = 0
2026-06-04T12:09:26.772Z [L0]: Recv buf length = 1676080, ofs = 0
2026-06-04T12:09:26.775Z [L0]: Recv buf length = 1677540, ofs = 0
2026-06-04T12:09:26.777Z [L0]: Recv buf length = 1679000, ofs = 0
2026-06-04T12:09:26.778Z [L0]: Recv buf length = 1680460, ofs = 0
2026-06-04T12:09:26.780Z [L0]: Recv buf length = 1681920, ofs = 0
2026-06-04T12:09:26.782Z [L0]: Recv buf length = 1683380, ofs = 0
2026-06-04T12:09:26.783Z [L0]: Recv buf length = 1684840, ofs = 0
2026-06-04T12:09:26.785Z [L0]: Recv buf length = 1686300, ofs = 0
2026-06-04T12:09:26.786Z [L0]: Recv buf length = 1687760, ofs = 0
2026-06-04T12:09:26.788Z [L0]: Recv buf length = 1689220, ofs = 0
2026-06-04T12:09:26.790Z [L0]: Recv buf length = 1690680, ofs = 0
2026-06-04T12:09:26.791Z [L0]: Recv buf length = 1692140, ofs = 0
2026-06-04T12:09:26.792Z [L0]: Recv buf length = 1693600, ofs = 0
2026-06-04T12:09:26.794Z [L0]: Recv buf length = 1695060, ofs = 0
2026-06-04T12:09:26.796Z [L0]: Recv buf length = 1696520, ofs = 0
2026-06-04T12:09:26.798Z [L0]: Recv buf length = 1697980, ofs = 0
2026-06-04T12:09:26.800Z [L0]: Recv buf length = 1699440, ofs = 0
2026-06-04T12:09:26.801Z [L0]: Recv buf length = 1700900, ofs = 0
2026-06-04T12:09:26.803Z [L0]: Recv buf length = 1702360, ofs = 0
2026-06-04T12:09:26.805Z [L0]: Recv buf length = 1703820, ofs = 0
2026-06-04T12:09:26.806Z [L0]: Recv buf length = 1705280, ofs = 0
2026-06-04T12:09:26.808Z [L0]: Recv buf length = 1706740, ofs = 0
2026-06-04T12:09:26.809Z [L0]: Recv buf length = 1708200, ofs = 0
2026-06-04T12:09:26.810Z [L0]: Recv buf length = 1709660, ofs = 0
2026-06-04T12:09:26.812Z [L0]: Recv buf length = 1711120, ofs = 0
2026-06-04T12:09:26.814Z [L0]: Recv buf length = 1712580, ofs = 0
2026-06-04T12:09:26.816Z [L0]: Recv buf length = 1714040, ofs = 0
2026-06-04T12:09:26.817Z [L0]: Recv buf length = 1715500, ofs = 0
2026-06-04T12:09:26.819Z [L0]: Recv buf length = 1716960, ofs = 0
2026-06-04T12:09:26.820Z [L0]: Recv buf length = 1718420, ofs = 0
2026-06-04T12:09:26.821Z [L0]: Recv buf length = 1719880, ofs = 0
2026-06-04T12:09:26.823Z [L0]: Recv buf length = 1721340, ofs = 0
2026-06-04T12:09:26.827Z [L0]: Recv buf length = 1722800, ofs = 0
2026-06-04T12:09:26.829Z [L0]: Recv buf length = 1724260, ofs = 0
2026-06-04T12:09:26.831Z [L0]: Recv buf length = 1725720, ofs = 0
2026-06-04T12:09:26.832Z [L0]: Recv buf length = 1727180, ofs = 0
2026-06-04T12:09:26.834Z [L0]: Recv buf length = 1728640, ofs = 0
2026-06-04T12:09:26.835Z [L0]: Recv buf length = 1730100, ofs = 0
2026-06-04T12:09:26.837Z [L0]: Recv buf length = 1731560, ofs = 0
2026-06-04T12:09:26.838Z [L0]: Recv buf length = 1733020, ofs = 0
2026-06-04T12:09:26.840Z [L0]: Recv buf length = 1734480, ofs = 0
2026-06-04T12:09:26.842Z [L0]: Recv buf length = 1735940, ofs = 0
2026-06-04T12:09:26.843Z [L0]: Recv buf length = 1737400, ofs = 0
2026-06-04T12:09:26.844Z [L0]: Recv buf length = 1738860, ofs = 0
2026-06-04T12:09:26.846Z [L0]: Recv buf length = 1740320, ofs = 0
2026-06-04T12:09:26.848Z [L0]: Recv buf length = 1741780, ofs = 0
2026-06-04T12:09:26.850Z [L0]: Recv buf length = 1743240, ofs = 0
2026-06-04T12:09:26.852Z [L0]: Recv buf length = 1744700, ofs = 0
2026-06-04T12:09:26.853Z [L0]: Recv buf length = 1746160, ofs = 0
2026-06-04T12:09:26.854Z [L0]: Recv buf length = 1747620, ofs = 0
2026-06-04T12:09:26.856Z [L0]: Recv buf length = 1749080, ofs = 0
2026-06-04T12:09:26.857Z [L0]: Recv buf length = 1750540, ofs = 0
2026-06-04T12:09:26.859Z [L0]: Recv buf length = 1752000, ofs = 0
2026-06-04T12:09:26.860Z [L0]: Recv buf length = 1753460, ofs = 0
2026-06-04T12:09:26.862Z [L0]: Recv buf length = 1754920, ofs = 0
2026-06-04T12:09:26.865Z [L0]: Recv buf length = 1756380, ofs = 0
2026-06-04T12:09:26.867Z [L0]: Recv buf length = 1757840, ofs = 0
2026-06-04T12:09:26.869Z [L0]: Recv buf length = 1759300, ofs = 0
2026-06-04T12:09:26.871Z [L0]: Recv buf length = 1760760, ofs = 0
2026-06-04T12:09:26.872Z [L0]: Recv buf length = 1762220, ofs = 0
2026-06-04T12:09:26.873Z [L0]: Recv buf length = 1763680, ofs = 0
2026-06-04T12:09:26.874Z [L0]: Recv buf length = 1765140, ofs = 0
2026-06-04T12:09:26.876Z [L0]: Recv buf length = 1766600, ofs = 0
2026-06-04T12:09:26.877Z [L0]: Recv buf length = 1768060, ofs = 0
2026-06-04T12:09:26.879Z [L0]: Recv buf length = 1769520, ofs = 0
2026-06-04T12:09:26.881Z [L0]: Recv buf length = 1770980, ofs = 0
2026-06-04T12:09:26.883Z [L0]: Recv buf length = 1772440, ofs = 0
2026-06-04T12:09:26.884Z [L0]: Recv buf length = 1773900, ofs = 0
2026-06-04T12:09:26.885Z [L0]: Recv buf length = 1775360, ofs = 0
2026-06-04T12:09:26.887Z [L0]: Recv buf length = 1776820, ofs = 0
2026-06-04T12:09:26.889Z [L0]: Recv buf length = 1778280, ofs = 0
2026-06-04T12:09:26.891Z [L0]: Recv buf length = 1779740, ofs = 0
2026-06-04T12:09:26.892Z [L0]: Recv buf length = 1781200, ofs = 0
2026-06-04T12:09:26.893Z [L0]: Recv buf length = 1782660, ofs = 0
2026-06-04T12:09:26.894Z [L0]: Recv buf length = 1784120, ofs = 0
2026-06-04T12:09:26.896Z [L0]: Recv buf length = 1785580, ofs = 0
2026-06-04T12:09:26.897Z [L0]: Recv buf length = 1787040, ofs = 0
2026-06-04T12:09:26.898Z [L0]: Recv buf length = 1788500, ofs = 0
2026-06-04T12:09:26.900Z [L0]: Recv buf length = 1789960, ofs = 0
2026-06-04T12:09:26.901Z [L0]: Recv buf length = 1791420, ofs = 0
2026-06-04T12:09:26.902Z [L0]: Recv buf length = 1792880, ofs = 0
2026-06-04T12:09:26.904Z [L0]: Recv buf length = 1794340, ofs = 0
2026-06-04T12:09:26.904Z [L0]: Recv buf length = 1795800, ofs = 0
2026-06-04T12:09:26.905Z [L0]: Recv buf length = 1797260, ofs = 0
2026-06-04T12:09:26.907Z [L0]: Recv buf length = 1798720, ofs = 0
2026-06-04T12:09:26.908Z [L0]: Recv buf length = 1800180, ofs = 0
2026-06-04T12:09:26.909Z [L0]: Recv buf length = 1801640, ofs = 0
2026-06-04T12:09:26.911Z [L0]: Recv buf length = 1803100, ofs = 0
2026-06-04T12:09:26.912Z [L0]: Recv buf length = 1804560, ofs = 0
2026-06-04T12:09:26.914Z [L0]: Recv buf length = 1806020, ofs = 0
2026-06-04T12:09:26.915Z [L0]: Recv buf length = 1807480, ofs = 0
2026-06-04T12:09:26.917Z [L0]: Recv buf length = 1808940, ofs = 0
2026-06-04T12:09:26.918Z [L0]: Recv buf length = 1810400, ofs = 0
2026-06-04T12:09:26.919Z [L0]: Recv buf length = 1811860, ofs = 0
2026-06-04T12:09:26.921Z [L0]: Recv buf length = 1813320, ofs = 0
2026-06-04T12:09:26.922Z [L0]: Recv buf length = 1814780, ofs = 0
2026-06-04T12:09:26.924Z [L0]: Recv buf length = 1816240, ofs = 0
2026-06-04T12:09:26.925Z [L0]: Recv buf length = 1817700, ofs = 0
2026-06-04T12:09:26.926Z [L0]: Recv buf length = 1819160, ofs = 0
2026-06-04T12:09:26.927Z [L0]: Recv buf length = 1820620, ofs = 0
2026-06-04T12:09:26.928Z [L0]: Recv buf length = 1822080, ofs = 0
2026-06-04T12:09:26.930Z [L0]: Recv buf length = 1823540, ofs = 0
2026-06-04T12:09:26.931Z [L0]: Recv buf length = 1825000, ofs = 0
2026-06-04T12:09:26.932Z [L0]: Recv buf length = 1826460, ofs = 0
2026-06-04T12:09:26.933Z [L0]: Recv buf length = 1827920, ofs = 0
2026-06-04T12:09:26.934Z [L0]: Recv buf length = 1829380, ofs = 0
2026-06-04T12:09:26.935Z [L0]: Recv buf length = 1830840, ofs = 0
2026-06-04T12:09:26.936Z [L0]: Recv buf length = 1832300, ofs = 0
2026-06-04T12:09:26.938Z [L0]: Recv buf length = 1833760, ofs = 0
2026-06-04T12:09:26.939Z [L0]: Recv buf length = 1835220, ofs = 0
2026-06-04T12:09:26.940Z [L0]: Recv buf length = 1836680, ofs = 0
2026-06-04T12:09:26.940Z [L0]: Recv buf length = 1838140, ofs = 0
2026-06-04T12:09:26.941Z [L0]: Recv buf length = 1839600, ofs = 0
2026-06-04T12:09:26.942Z [L0]: Recv buf length = 1841060, ofs = 0
2026-06-04T12:09:26.944Z [L0]: Recv buf length = 1842520, ofs = 0
2026-06-04T12:09:26.945Z [L0]: Recv buf length = 1843980, ofs = 0
2026-06-04T12:09:26.946Z [L0]: Recv buf length = 1845440, ofs = 0
2026-06-04T12:09:26.948Z [L0]: Recv buf length = 1846900, ofs = 0
2026-06-04T12:09:26.949Z [L0]: Recv buf length = 1848360, ofs = 0
2026-06-04T12:09:26.950Z [L0]: Recv buf length = 1849820, ofs = 0
2026-06-04T12:09:26.951Z [L0]: Recv buf length = 1851280, ofs = 0
2026-06-04T12:09:26.952Z [L0]: Recv buf length = 1852740, ofs = 0
2026-06-04T12:09:26.953Z [L0]: Recv buf length = 1854200, ofs = 0
2026-06-04T12:09:26.954Z [L0]: Recv buf length = 1855660, ofs = 0
2026-06-04T12:09:26.955Z [L0]: Recv buf length = 1857120, ofs = 0
2026-06-04T12:09:26.957Z [L0]: Recv buf length = 1858580, ofs = 0
2026-06-04T12:09:26.958Z [L0]: Recv buf length = 1860040, ofs = 0
2026-06-04T12:09:26.960Z [L0]: Recv buf length = 1861500, ofs = 0
2026-06-04T12:09:26.961Z [L0]: Recv buf length = 1862960, ofs = 0
2026-06-04T12:09:26.962Z [L0]: Recv buf length = 1864420, ofs = 0
2026-06-04T12:09:26.964Z [L0]: Recv buf length = 1865880, ofs = 0
2026-06-04T12:09:26.966Z [L0]: Recv buf length = 1867340, ofs = 0
2026-06-04T12:09:26.967Z [L0]: Recv buf length = 1868800, ofs = 0
2026-06-04T12:09:26.969Z [L0]: Recv buf length = 1870260, ofs = 0
2026-06-04T12:09:26.970Z [L0]: Recv buf length = 1871720, ofs = 0
2026-06-04T12:09:26.972Z [L0]: Recv buf length = 1873180, ofs = 0
2026-06-04T12:09:26.973Z [L0]: Recv buf length = 1874640, ofs = 0
2026-06-04T12:09:26.974Z [L0]: Recv buf length = 1876100, ofs = 0
2026-06-04T12:09:26.976Z [L0]: Recv buf length = 1877560, ofs = 0
2026-06-04T12:09:26.978Z [L0]: Recv buf length = 1879020, ofs = 0
2026-06-04T12:09:26.980Z [L0]: Recv buf length = 1880480, ofs = 0
2026-06-04T12:09:26.981Z [L0]: Recv buf length = 1881940, ofs = 0
2026-06-04T12:09:26.982Z [L0]: Recv buf length = 1883400, ofs = 0
2026-06-04T12:09:26.984Z [L0]: Recv buf length = 1884860, ofs = 0
2026-06-04T12:09:26.985Z [L0]: Recv buf length = 1886320, ofs = 0
2026-06-04T12:09:26.987Z [L0]: Recv buf length = 1887780, ofs = 0
2026-06-04T12:09:26.988Z [L0]: Recv buf length = 1889240, ofs = 0
2026-06-04T12:09:26.990Z [L0]: Recv buf length = 1890700, ofs = 0
2026-06-04T12:09:26.991Z [L0]: Recv buf length = 1892160, ofs = 0
2026-06-04T12:09:26.993Z [L0]: Recv buf length = 1893620, ofs = 0
2026-06-04T12:09:26.994Z [L0]: Recv buf length = 1895080, ofs = 0
2026-06-04T12:09:26.995Z [L0]: Recv buf length = 1896540, ofs = 0
2026-06-04T12:09:26.996Z [L0]: Recv buf length = 1898000, ofs = 0
2026-06-04T12:09:26.997Z [L0]: Recv buf length = 1899460, ofs = 0
2026-06-04T12:09:26.998Z [L0]: Recv buf length = 1900920, ofs = 0
2026-06-04T12:09:27.000Z [L0]: Recv buf length = 1902380, ofs = 0
2026-06-04T12:09:27.001Z [L0]: Recv buf length = 1903840, ofs = 0
2026-06-04T12:09:27.003Z [L0]: Recv buf length = 1905300, ofs = 0
2026-06-04T12:09:27.004Z [L0]: Recv buf length = 1906760, ofs = 0
2026-06-04T12:09:27.006Z [L0]: Recv buf length = 1908220, ofs = 0
2026-06-04T12:09:27.007Z [L0]: Recv buf length = 1909680, ofs = 0
2026-06-04T12:09:27.008Z [L0]: Recv buf length = 1911140, ofs = 0
2026-06-04T12:09:27.009Z [L0]: Recv buf length = 1912600, ofs = 0
2026-06-04T12:09:27.010Z [L0]: Recv buf length = 1914060, ofs = 0
2026-06-04T12:09:27.011Z [L0]: Recv buf length = 1915520, ofs = 0
2026-06-04T12:09:27.013Z [L0]: Recv buf length = 1916980, ofs = 0
2026-06-04T12:09:27.162Z [L0]: Recv buf length = 1918440, ofs = 06/4 [0]12:09:26.375 I/quickjs-libc SBEngine: app on destroy invoke 
2026-06-04T12:09:27.205Z [L0]: 6/4 [0]12:09:26.418 I/quickjs-libc SBEngine: current filepath: /app.js 
2026-06-04T12:09:27.221Z [L0]: 6/4 [0]12:09:26.434 I/quickjs-libc SBEngine: app on create invoke 
2026-06-04T12:09:27.240Z [L0]: 0m6/4 [0]12:09:26.453 I/quickjs-libc SBEngine: current filepath: /page/home/home.js 
2026-06-04T12:09:27.274Z [L0]: E/MessageManger SBEngine: error listener 0x10169dd1
2026-06-04T12:09:27.276Z [L0]: 6/4 [0]12:09:26.487 I/quickjs-libc SBEngine: ui pause 
2026-06-04T12:09:31.626Z [L0]: 6/4 [0]12:09:30.839 I/quickjs-libc SBEngine: app on destroy invoke 
2026-06-04T12:09:31.730Z [L0]: [06/4 [0]12:09:30.915 I/quickjs-libc SBEngine: current filepath: /app.js6/4 [0]12:09:30.943 I/quickjs-libc SBEngine: app on create invoke 
2026-06-04T12:09:31.809Z [L0]: 6/4 [0]12:09:30.973 I/quickjs-libc SBEngine: current filepath: /page/home/home.js6/4 [0]12:09:31.021 E/MessageManger SBEngine: error listener 0x10169dd1
2026-06-04T12:09:31.810Z [L0]: 6/4 [0]12:09:31.022 I/quickjs-libc SBEngine: ui pause 
2026-06-04T12:09:31.811Z [L0]: 6/4 [0]12:09:31.022 D/js_sensor SBEngine: _pause_resume_process: sensor id: 0
2026-06-04T12:09:31.812Z [L0]: 6/4 [0]12:09:31.022 I/SYS_STAT_PT SBEngine: System_unregisterSPListner: use current thread
2026-06-04T12:09:31.812Z [L0]: 6/4 [0]12:09:31.022 I/widget_time_image SBEngine: touch JSW_EO_TIME_UPDATE 1
2026-06-04T12:09:32.476Z [L0]: 6/4 [0]12:09:31.687 I/quickjs-libc SBEngine: current filepath: /page/home/home.js 
2026-06-04T12:09:36.960Z [L0]: 6/4 [0]12:09:36.173 I/quickjs-libc SBEngine: app on destroy invoke 
2026-06-04T12:09:37.026Z [L0]: 6/4 [0]12:09:36.239 I/quickjs-libc SBEngine: current filepath: /app.js 
2026-06-04T12:09:37.063Z [L0]: 6/4 [0]12:09:36.276 I/quickjs-libc SBEngine: app on create invoke 
2026-06-04T12:09:37.082Z [L0]: 6/4 [0]12:09:36.295 I/quickjs-libc SBEngine: current filepath: /page/home/home.js 
2026-06-04T12:09:37.169Z [L0]: 6/4 [0]12:09:36.381 E/MessageManger SBEngine: error listener 0x10169dd1
2026-06-04T12:09:37.170Z [L0]: 6/4 [0]12:09:36.381 I/quickjs-libc SBEngine: ui pause 
2026-06-04T12:09:39.081Z [L0]: 6/4 [0]12:09:36.382 D/js_sensor SBEngine6/4 [0]12:09:38.294 I/quickjs-libc SBEngine: current filepath: /page/home/home.js 
2026-06-04T12:09:42.631Z [L0]: 6/4 [0]12:09:41.845 I/quickjs-libc SBEngine: app on destroy invoke 
2026-06-04T12:09:42.687Z [L0]: 6/4 [0]12:09:41.901 I/quickjs-libc SBEngine: current filepath: /app.js 
2026-06-04T12:09:42.709Z [L0]: 6/4 [0]12:09:41.923 I/quickjs-libc SBEngine: app on create invoke 
2026-06-04T12:09:42.735Z [L0]: 6/4 [0]12:09:41.923 D/6/4 [0]12:09:41.949 I/quickjs-libc SBEngine: current filepath: /page/home/home.js 
2026-06-04T12:09:42.781Z [L0]: :09:41.995 I/quickjs-libc SBEngine: ui pause 
2026-06-04T12:09:43.433Z [L0]: 6/4 [0]12:09:41.995 D/js_sensor SBEngine: _pause_resume_process: sensor id: 06/4 [0]12:09:42.646 I/quickjs-libc SBEngine: current filepath: /page/home/home.js 
2026-06-04T12:09:47.273Z [L0]: 6/4 [0]12:09:46.487 I/quickjs-libc SBEngine: app on destroy invoke 
2026-06-04T12:09:47.358Z [L0]: 6/4 [0]12:09:46.572 I/quickjs-libc SBEngine: current filepath: /app.js 
2026-06-04T12:09:47.374Z [L0]: 6/4 [0]12:09:46.588 I/quickjs-libc SBEngine: app on create invoke 
2026-06-04T12:09:47.396Z [L0]: 6/4 [0]12:09:46.610 I/quickjs-libc SBEngine: current filepath: /page/home/home.js 
2026-06-04T12:09:47.432Z [L0]: 6/4 [0]12:09:46.646 I/quickjs-libc SBEngine: ui pause 
2026-06-04T12:09:48.079Z [L0]: 6/4 [0]12:09:47.292 I/quickjs-libc SBEngine: current filepath: /app.js 
2026-06-04T12:09:48.116Z [L0]: 6/4 [0]12:09:47.330 I/quickjs-libc SBEngine: app on create invoke 
2026-06-04T12:09:48.148Z [L0]: 6/4 [0]12:09:47.362 I/quickjs-libc SBEngine: current filepath: /page/home/home.js 
2026-06-04T12:09:53.539Z [L0]: 6/4 [0]12:09:52.752 I/quickjs-libc SBEngine: app on destroy invoke 
2026-06-04T12:09:53.685Z [L0]: 6/4 [0]12:09:52.899 I/quickjs-libc SBEngine: current filepath: /page/home/home.js 
2026-06-04T12:09:53.778Z [L0]: 6/4 [0]12:09:52.992 I/quickjs-libc SBEngine: ui pause 
2026-06-04T12:09:54.622Z [L0]: 6/4 [0]12:09:53.835 I/quickjs-libc SBEngine: current filepath: /page/home/home.js 
2026-06-04T12:10:00.807Z [L0]: 6/4 [0]12:10:00.021 I/quickjs-libc SBEngine: app on destroy invoke 
2026-06-04T12:10:00.859Z [L0]: 6/4 [0]12:10:00.073 I/quickjs-libc SBEngine: current filepath: /app.js 
2026-06-04T12:10:00.880Z [L0]: 6/4 [0]12:10:00.094 I/quickjs-libc SBEngine: app on create invoke 
2026-06-04T12:10:00.902Z [L0]: 6/4 [0]12:10:00.116 I/quickjs-libc SBEngine: current filepath: /page/home/home.js 
2026-06-04T12:10:00.939Z [L0]: 6/4 [0]12:10:00.153 E/MessageManger SBEngine: error listener 0x10169dd1
2026-06-04T12:10:00.941Z [L0]: 6/4 [0]12:10:00.153 I/quickjs-libc SBEngine: ui pause 
2026-06-04T12:10:01.544Z [L0]: 6/4 [0]12:10:00.758 I/quickjs-libc SBEngine: current filepath: /page/home/home.js 
2026-06-04T12:30:40.661Z [L0]: [firmware_simulator]: simulator opening...
2026-06-04T12:30:42.634Z [L0]: 6/4 [0]12:30:42.163 I/quickjs SBEngine: js_trigger_gc *****rt->malloc_gc_threshold is now 1329186, malloc_size 886124
2026-06-04T12:30:42.795Z [L0]: 6/4 [0]12:30:42.323 I/quickjs-libc SBEngine: [jsrt-4.2.0-release.1-402] [2026-06-04T12:30:42.309Z] [jsfwk.debug] [ctx] [-] newCtx{"app":0,"module":0,"appId":1} 
2026-06-04T12:30:42.806Z [L0]: 6/4 [0]12:30:42.334 I/quickjs-libc SBEngine: [jsrt-4.2.0-release.1-402] [2026-06-04T12:30:42.331Z] [jsfwk.debug] [ctx] [-] ctx{"app":0,"module":0,"appId":1}.apply=addFWListener["[Function bound handle]"] 
2026-06-04T12:30:42.814Z [L0]: 6/4 [0]12:30:42.344 I/quickjs-libc SBEngine: [jsrt-4.2.0-release.1-402] [2026-06-04T12:30:42.342Z] [jsfwk.info ] [framework] [-] framework init 
2026-06-04T12:30:42.816Z [L0]: 6/4 [0]12:30:42.346 I/quickjs-libc SBEngine: [jsrt-4.2.0-release.1-402] [2026-06-04T12:30:42.344Z] [jsfwk.info ] [framework] [-] framework version => 4.2 
2026-06-04T12:30:42.820Z [L0]: 6/4 [0]12:30:42.349 I/quickjs-libc SBEngine: [jsrt-4.2.0-release.1-402] [2026-06-04T12:30:42.347Z] [jsfwk.info ] [framework] [-] framework buildDate => 2025-09-19T08:58:30.290Z 
2026-06-04T12:30:42.822Z [L0]: 6/4 [0]12:30:42.351 I/quickjs-libc SBEngine: [jsrt-4.2.0-release.1-402] [2026-06-04T12:30:42.350Z] [jsfwk.info ] [framework] [-] framework commit => b3cc2d2 
2026-06-04T12:30:47.937Z [L0]: 6/4 [0]12:30:47.466 I/quickjs-libc SBEngine: index page.js on build invoke 
2026-06-04T12:30:47.945Z [L0]: 6/4 [0]12:30:47.467 D/jsRtApkMng SBEng6/4 [0]12:30:47.475 I/quickjs-libc SBEngine: ui pause 
2026-06-04T12:30:48.064Z [L0]: [firmware_simulator]: simulator closing...
2026-06-04T12:31:05.927Z [L0]: [firmware_simulator]: simulator opening...
2026-06-04T12:31:07.728Z [L0]: 6/4 [0]12:31:07.054 I/quickjs SBEngine: js_trigger_gc *****rt->malloc_gc_threshold is now 1329180, malloc_size 886120
2026-06-04T12:31:07.886Z [L0]: 6/4 [0]12:31:07.210 I/quickjs-libc SBEngine: [jsrt-4.2.0-release.1-402] [2026-06-04T12:31:07.196Z] [jsfwk.debug] [ctx] [-] newCtx{"app":0,"module":0,"appId":1} 
2026-06-04T12:31:07.898Z [L0]: 6/4 [0]12:31:07.224 I/quickjs-libc SBEngine: [jsrt-4.2.0-release.1-402] [2026-06-04T12:31:07.220Z] [jsfwk.debug] [ctx] [-] ctx{"app":0,"module":0,"appId":1}.apply=addFWListener["[Function bound handle]"] 
2026-06-04T12:31:07.909Z [L0]: 6/4 [0]12:31:07.234 I/quickjs-libc SBEngine: [jsrt-4.2.0-release.1-402] [2026-06-04T12:31:07.232Z] [jsfwk.info ] [framework] [-] framework init 
2026-06-04T12:31:07.912Z [L0]: 6/4 [0]12:31:07.237 I/quickjs-libc SBEngine: [jsrt-4.2.0-release.1-402] [2026-06-04T12:31:07.235Z] [jsfwk.info ] [framework] [-] framework version => 4.2 
2026-06-04T12:31:07.914Z [L0]: 6/4 [0]12:31:07.239 I/quickjs-libc SBEngine: [jsrt-4.2.0-release.1-402] [2026-06-04T12:31:07.237Z] [jsfwk.info ] [framework] [-] framework buildDate => 2025-09-19T08:58:30.290Z 
2026-06-04T12:31:07.916Z [L0]: 6/4 [0]12:31:07.241 I/quickjs-libc SBEngine: [jsrt-4.2.0-release.1-402] [2026-06-04T12:31:07.240Z] [jsfwk.info ] [framework] [-] framework commit => b3cc2d2 
2026-06-04T12:31:08.814Z [L0]: [firmware_simulator]: simulator opening...
2026-06-04T12:31:09.262Z [L0]: [firmware_simulator]: .\qemu_win\qemu-system-arm.exe: -nic user,id=usernet,hostfwd=tcp::7833-:7833,model=lan9118: Could not set up host forwarding rule 'tcp::7833-:7833'
2026-06-04T12:31:46.314Z [L0]: [firmware_simulator]: simulator opening...
2026-06-04T12:31:47.959Z [L0]: [firmware_simulator]: simulator opening...
2026-06-04T12:31:48.190Z [L0]: 6/4 [0]12:31:48.094 I/quickjs SBEngine: js_trigger_gc *****rt->malloc_gc_threshold is now 1329180, malloc_size 886120
2026-06-04T12:31:48.354Z [L0]: 6/4 [0]12:31:48.256 I/quickjs-libc SBEngine: [jsrt-4.2.0-release.1-402] [2026-06-04T12:31:48.239Z] [jsfwk.debug] [ctx] [-] newCtx{"app":0,"module":0,"appId":1} 
2026-06-04T12:31:48.367Z [L0]: 6/4 [0]12:31:48.270 I/quickjs-libc SBEngine: [jsrt-4.2.0-release.1-402] [2026-06-04T12:31:48.267Z] [jsfwk.debug] [ctx] [-] ctx{"app":0,"module":0,"appId":1}.apply=addFWListener["[Function bound handle]"] 
2026-06-04T12:31:48.379Z [L0]: [firmware_simulator]: .\qemu_win\qemu-system-arm.exe: -nic user,id=usernet,hostfwd=tcp::7833-:7833,model=lan9118: Could not set up host forwarding rule 'tcp::7833-:7833'
2026-06-04T12:31:48.381Z [L0]: 6/4 [0]12:31:48.281 I/quickjs-libc SBEngine: [jsrt-4.2.0-release.1-402] [2026-06-04T12:31:48.279Z] [jsfwk.info ] [framework] [-] framework init 
2026-06-04T12:31:48.383Z [L0]: 6/4 [0]12:31:48.284 I/quickjs-libc SBEngine: [jsrt-4.2.0-release.1-402] [2026-06-04T12:31:48.282Z] [jsfwk.info ] [framework] [-] framework version => 4.2 
2026-06-04T12:31:48.386Z [L0]: 6/4 [0]12:31:48.288 I/quickjs-libc SBEngine: [jsrt-4.2.0-release.1-402] [2026-06-04T12:31:48.285Z] [jsfwk.info ] [framework] [-] framework buildDate => 2025-09-19T08:58:30.290Z 
2026-06-04T12:31:48.388Z [L0]: 6/4 [0]12:31:48.291 I/quickjs-libc SBEngine: [jsrt-4.2.0-release.1-402] [2026-06-04T12:31:48.289Z] [jsfwk.info ] [framework] [-] framework commit => b3cc2d2 
2026-06-04T12:31:52.820Z [L0]: 6/4 [0]12:31:52.724 I/quickjs-libc SBEngine: index page.js on build invoke 
2026-06-04T12:31:52.827Z [L0]: 6/4 [0]12:31:52.729 E/MessageManger SBEngine: error listener 0x10169dd1
2026-06-04T12:31:52.828Z [L0]: 6/4 [0]12:31:52.730 I/quickjs-libc SBEngine: ui pause 
2026-06-04T12:31:57.681Z [L0]: 6/4 [0]12:31:52.730 D/js_sensor SBEngine: _pause_resume_process: sensor id: 06/4 [0]12:31:57.585 I/quickjs-libc SBEngine: ui pause 
2026-06-04T12:31:58.204Z [L0]: 6/4 [0]12:31:58.108 I/quickjs-libc SBEngine: ui pause 
2026-06-04T12:31:59.235Z [L0]: 6/4 [0]12:31:59.139 I/quickjs-libc SBEngine: current filepath: /app.js 
2026-06-04T12:31:59.260Z [L0]: 6/4 [0]12:31:59.164 I/quickjs-libc SBEngine: app on create invoke 
2026-06-04T12:31:59.278Z [L0]: 6/4 [0]12:31:59.182 I/quickjs-libc SBEngine: current filepath: /page/home/home.js 
2026-06-04T12:31:59.879Z [L0]: 6/4 [0]12:31:59.783 I/quickjs-libc SBEngine: current filepath: /page/safety/safety.js 
2026-06-04T12:32:01.101Z [L0]: 6/4 [0]12:32:01.005 I/quickjs-libc SBEngine: current filepath: /page/home/home.js 
2026-06-04T12:32:01.703Z [L0]: 6/4 [0]12:32:01.607 I/quickjs-libc SBEngine: current filepath: /page/home/home.js 
2026-06-04T12:32:03.854Z [L0]: 6/4 [0]12:32:03.758 I/quickjs-libc SBEngine: app on destroy invoke 
2026-06-04T12:32:03.901Z [L0]: 6/4 [0]12:32:03.805 I/quickjs-libc SBEngine: current filepath: /app.js 
2026-06-04T12:32:04.046Z [L0]: 6/4 [0]12:32:03.813 I/JS_FS SBEngine: js_fs_open2: /storage/data/js_apps/0010C8D9/assets/raw/locale/TID.btxt, fd:7, flags: 0
2026-06-04T12:32:04.047Z [L0]: 6/4 [0]12:32:03.813 I/JS_FS SBEngine: js_fs_close2 vfs_close fd:7 ret:0
2026-06-04T12:32:04.049Z [L0]: 6/4 [0]12:32:03.819 I/jsRtApkMng SBEngine: perf_resize 16
2026-06-04T12:32:04.051Z [L0]: 6/4 [0]12:32:03.819 D/jsRtApkMng SBEngine: perf_alloc 1/16
2026-06-04T12:32:04.051Z [L0]: 6/4 [0]12:32:03.819 D/jsRtApkMng SBEngine: perf_update evalTime 19 ms
2026-06-04T12:32:04.052Z [L0]: 6/4 [0]12:32:03.819 I/jsRtApkMng SBEngine: [js_rt_loadApp2] api-level: 300, pcid: 600000000
2026-06-04T12:32:04.053Z [L0]: 6/4 [0]12:32:03.819 D/js_rt_app SBEngine: runAppFunc: run App: onCreate
2026-06-04T12:32:04.055Z [L0]: 6/4 [0]12:32:03.820 I/quickjs-libc SBEngine: app on create invoke 
2026-06-04T12:32:04.055Z [L0]: 6/4 [0]12:32:03.820 D/jsRtApkMng SBEngine: perf_update createTime 1 ms
2026-06-04T12:32:04.059Z [L0]: 6/4 [0]12:32:03.821 I/js_runtime SBEngine: malloc_size:1177260 after load app
2026-06-04T12:32:04.059Z [L0]: 6/4 [0]12:32:03.821 I/js_runtime SBEngine: malloc_size:1177260 before load page
2026-06-04T12:32:04.060Z [L0]: 6/4 [0]12:32:03.821 D/jsRtApkMng SBEngine: js_rt_loadContiner: pcid(600000000) type:0 file:page/home/home
2026-06-04T12:32:04.061Z [L0]: 6/4 [0]12:32:03.821 W/PluginLst SBEngine: js_plugin_get_info: Warning: index 0 >= plugin count 0
2026-06-04T12:32:04.062Z [L0]: 6/4 [0]12:32:03.821 I/jsRtApkMng SBEngine: jsapp_check_keyboard(0x10c8d9) is 0  file:page/home/home
2026-06-04T12:32:04.063Z [L0]: 6/4 [0]12:32:03.821 D/js_timer SBEngine: _timer_on_init pcid(600000001)
2026-06-04T12:32:04.065Z [L0]: 6/4 [0]12:32:03.821 D/jsMmStat SBEngine: [js_mm_stat_ctx_set] pcid: 600000000 -> 600000001
2026-06-04T12:32:04.066Z [L0]: 6/4 [0]12:32:03.821 D/jsRtApkMng SBEngine: switch_currentApp: same pid: 6 (appid 0010C8D9)
2026-06-04T12:32:04.066Z [L0]: 6/4 [0]12:32:03.822 D/jsMmStat SBEngine: get_mid found mid 1
2026-06-04T12:32:04.067Z [L0]: 6/4 [0]12:32:03.822 D/jsRtApkMng SBEngine: switch_currentContainer: cid: 0 -> 1
2026-06-04T12:32:04.068Z [L0]: 6/4 [0]12:32:03.823 I/jsRtApkMng SBEngine: [js_rt_loadContiner2] path: /storage/data/js_apps/0010C8D9/page/home/home.js
2026-06-04T12:32:04.069Z [L0]: 6/4 [0]12:32:03.823 D/jsRtApkMng SBEngine: [js_rt_pcid_set] 600000000 -> 600000001
2026-06-04T12:32:04.071Z [L0]: 6/4 [0]12:32:03.823 I/js_native.h SBEngine: eval_buf path:/storage/data/js_apps/0010C8D9/page/home/home.js, eval_buff(7778)
2026-06-04T12:32:04.071Z [L0]: 6/4 [0]12:32:03.840 I/quickjs-libc SBEngine: current filepath: /page/home/home.js 
2026-06-04T12:32:04.072Z [L0]: 6/4 [0]12:32:03.845 I/amPERMSN SBEngine: amQueryPermissions get 3 permission authed.
2026-06-04T12:32:04.073Z [L0]: 6/4 [0]12:32:03.847 I/JS_FS SBEngine: js_fs_open2: /storage/data/js_apps/data/0010C8D9/__$$localstorage$$__, fd:7, flags: 0X40
2026-06-04T12:32:04.074Z [L0]: 6/4 [0]12:32:03.847 I/JS_FS SBEngine: js_fs_close2 vfs_close fd:7 ret:0
2026-06-04T12:32:04.076Z [L0]: 6/4 [0]12:32:03.850 D/jsRtApkMng SBEngine: perf_alloc 2/16
2026-06-04T12:32:04.078Z [L0]: 6/4 [0]12:32:03.851 D/jsRtApkMng SBEngine: perf_update evalTime 27 ms
2026-06-04T12:32:04.079Z [L0]: 6/4 [0]12:32:03.851 D/jsRtApkMng SBEngine: js_rt_loadContiner: succeed, appid(0010C8D9) pcid(600000001)
2026-06-04T12:32:04.079Z [L0]: 6/4 [0]12:32:03.851 D/js_rt_continer SBEngine: runContinerFunc: run Continer func: onInit
2026-06-04T12:32:04.080Z [L0]: 6/4 [0]12:32:03.851 D/jsRtApkMng SBEngine: perf_update initTime 0 ms
2026-06-04T12:32:04.081Z [L0]: 6/4 [0]12:32:03.851 D/js_rt_continer SBEngine: runContinerFunc: run Continer func: onDataRestore
2026-06-04T12:32:04.082Z [L0]: 6/4 [0]12:32:03.852 D/js_rt_continer SBEngine: runContinerFunc: run Continer func: build
2026-06-04T12:32:04.082Z [L0]: 6/4 [0]12:32:03.853 D/js_ui SBEngine: js_widget_setup_class_proto JsTemplate.group
2026-06-04T12:32:04.083Z [L0]: 6/4 [0]12:32:03.853 D/js_ui SBEngine: js_create_widget2 name:JsTemplate.group, id:65, widget JsAppEmpty1.jsw_65
2026-06-04T12:32:04.084Z [L0]: 6/4 [0]12:32:03.854 D/js_ui SBEngine: js_create_widget2 name:JsTemplate.image, id:66, widget JsAppEmpty1.jsw_65.jsw_66
2026-06-04T12:32:04.085Z [L0]: 6/4 [0]12:32:03.855 D/js_ui SBEngine: js_widget_setup_class_proto JsTemplate.text
2026-06-04T12:32:04.086Z [L0]: 6/4 [0]12:32:03.856 D/js_ui SBEngine: js_create_widget2 name:JsTemplate.text, id:67, widget JsAppEmpty1.jsw_65.jsw_67
2026-06-04T12:32:04.087Z [L0]: 6/4 [0]12:32:03.858 D/js_ui SBEngine: js_create_widget2 name:JsTemplate.text, id:68, widget JsAppEmpty1.jsw_65.jsw_68
2026-06-04T12:32:04.088Z [L0]: 6/4 [0]12:32:03.859 D/js_ui SBEngine: js_create_widget2 name:JsTemplate.image, id:69, widget JsAppEmpty1.jsw_65.jsw_69
2026-06-04T12:32:04.088Z [L0]: 6/4 [0]12:32:03.860 D/js_ui SBEngine: js_create_widget2 name:JsTemplate.image, id:70, widget JsAppEmpty1.jsw_65.jsw_70
2026-06-04T12:32:04.089Z [L0]: 6/4 [0]12:32:03.861 D/js_ui SBEngine: js_create_widget2 name:JsTemplate.image, id:71, widget JsAppEmpty1.jsw_65.jsw_71
2026-06-04T12:32:04.090Z [L0]: 6/4 [0]12:32:03.863 D/js_ui SBEngine: js_create_widget2 name:JsTemplate.text, id:72, widget JsAppEmpty1.jsw_65.jsw_72
2026-06-04T12:32:04.090Z [L0]: 6/4 [0]12:32:03.863 D/jsRtApkMng SBEngine: perf_update buildTime 12 ms
2026-06-04T12:32:04.091Z [L0]: 6/4 [0]12:32:03.863 I/js_runtime SBEngine: malloc_size:1200952 after load page
2026-06-04T12:32:04.092Z [L0]: 6/4 [0]12:32:03.863 I/js_view SBEngine: onScreenPreCreate end
2026-06-04T12:32:04.093Z [L0]: 6/4 [0]12:32:03.864 D/CLayout SBEngine: >>gr_notify_callback_context event=gre.screenhide.pre from JsApp6_Screen to LauncherScreen
2026-06-04T12:32:04.094Z [L0]: 6/4 [0]12:32:03.864 D/sb_screen_adapter SBEngine: onSBScreenPreDestory LauncherScreen
2026-06-04T12:32:04.094Z [L0]: 6/4 [0]12:32:03.864 D/wf_js_layer SBEngine: updateDataOnInactive start
2026-06-04T12:32:04.095Z [L0]: 6/4 [0]12:32:03.864 D/js_rt_screen_common SBEngine: js_screen_suspend_app: screen suspend. pcid(200000001)
2026-06-04T12:32:04.096Z [L0]: 6/4 [0]12:32:03.864 I/jsRtApkMng SBEngine: js_rt_SuspendApp: pcid(200000001)
2026-06-04T12:32:04.097Z [L0]: 6/4 [0]12:32:03.864 D/jsMmStat SBEngine: [js_mm_stat_ctx_set] pcid: 600000001 -> 200000001
2026-06-04T12:32:04.098Z [L0]: 6/4 [0]12:32:03.865 D/jsRtApkMng SBEngine: switch_currentApp: pid: 6 -> 2 (appid 2DFF)
2026-06-04T12:32:04.099Z [L0]: 6/4 [0]12:32:03.865 D/js_rt_continer SBEngine: runContinerFunc: run Continer func: onPause
2026-06-04T12:32:04.100Z [L0]: 6/4 [0]12:32:03.865 D/jsMmStat SBEngine: get_mid found mid 1
2026-06-04T12:32:04.101Z [L0]: 6/4 [0]12:32:03.865 D/jsRtApkMng SBEngine: [js_rt_pcid_set] 600000001 -> 200000001
2026-06-04T12:32:04.103Z [L0]: 6/4 [0]12:32:03.865 D/js_timer SBEngine: _timer_on_pause pcid(200000001)
2026-06-04T12:32:04.104Z [L0]: 6/4 [0]12:32:03.865 D/JS_SETTING SBEngine: js_setting_pause (200000001)
2026-06-04T12:32:04.105Z [L0]: 6/4 [0]12:32:03.866 I/wf_simluator_data SBEngine: StData_unregisterListner: use current thread
2026-06-04T12:32:04.106Z [L0]: 6/4 [0]12:32:03.866 I/wf_simluator_data SBEngine: listener[0x10166f85] un register successfully
2026-06-04T12:32:04.106Z [L0]: 6/4 [0]12:32:03.866 D/step_data_manager SBEngine: _un_regist unregist sensor server 
2026-06-04T12:32:04.107Z [L0]: 6/4 [0]12:32:03.866 I/wf_simluator_data SBEngine: StData_unregisterListner: use current thread
2026-06-04T12:32:04.108Z [L0]: 6/4 [0]12:32:03.866 I/wf_simluator_data SBEngine: listener[0x101689dd] un register successfully
2026-06-04T12:32:04.109Z [L0]: 6/4 [0]12:32:03.866 D/jswea SBEngine: _un_regist unregist sensor server 
2026-06-04T12:32:04.110Z [L0]: 6/4 [0]12:32:03.866 I/wf_simluator_data SBEngine: StData_unregisterListner: use current thread
2026-06-04T12:32:04.110Z [L0]: 6/4 [0]12:32:03.866 I/wf_simluator_data SBEngine: listener[0x1016a9b9] un register successfully
2026-06-04T12:32:04.111Z [L0]: 6/4 [0]12:32:03.866 D/battey_data_manager SBEngine: _un_regist unregist sensor server 
2026-06-04T12:32:04.113Z [L0]: 6/4 [0]12:32:03.866 I/wf_simluator_data SBEngine: StData_unregisterListner: use current thread
2026-06-04T12:32:04.115Z [L0]: 6/4 [0]12:32:03.866 I/wf_simluator_data SBEngine: listener[0x10163699] un register successfully
2026-06-04T12:32:04.117Z [L0]: 6/4 [0]12:32:03.867 D/calorie_data_manager SBEngine: _un_regist unregist sensor server 
2026-06-04T12:32:04.117Z [L0]: 6/4 [0]12:32:03.867 I/wf_simluator_data SBEngine: StData_unregisterListner: use current thread
2026-06-04T12:32:04.119Z [L0]: 6/4 [0]12:32:03.867 I/wf_simluator_data SBEngine: listener[0x10163d1d] un register successfully
2026-06-04T12:32:04.120Z [L0]: 6/4 [0]12:32:03.867 E/MessageManger SBEngine: error listener 0x10169dd1
2026-06-04T12:32:04.121Z [L0]: 6/4 [0]12:32:03.867 I/quickjs-libc SBEngine: ui pause 
2026-06-04T12:32:04.121Z [L0]: 6/4 [0]12:32:03.867 D/js_sensor SBEngine: _pause_resume_process: sensor id: 0
2026-06-04T12:32:04.122Z [L0]: 6/4 [0]12:32:03.867 I/SYS_STAT_PT SBEngine: System_unregisterSPListner: use current thread
2026-06-04T12:32:04.123Z [L0]: 6/4 [0]12:32:03.867 I/widget_time_image SBEngine: touch JSW_EO_TIME_UPDATE 1
2026-06-04T12:32:04.123Z [L0]: 6/4 [0]12:32:03.868 D/timer_data_manager SBEngine: _regist timeConfig.repeatTime 800
2026-06-04T12:32:04.124Z [L0]: 6/4 [0]12:32:03.868 E/MessageManger SBEngine: error listener 0x10169dd1
2026-06-04T12:32:04.125Z [L0]: 6/4 [0]12:32:03.868 D/wf_js_layer SBEngine: updateDataOnInactive end
2026-06-04T12:32:04.125Z [L0]: 6/4 [0]12:32:03.868 D/LANCH SBEngine: launcher onScreenPause
2026-06-04T12:32:04.126Z [L0]: 6/4 [0]12:32:03.868 D/LANCH SBEngine: launcher onScreenPreDestory
2026-06-04T12:32:04.126Z [L0]: 6/4 [0]12:32:03.868 I/SASSTWG SBEngine: [onContainerPreDestroy] enter
2026-06-04T12:32:04.128Z [L0]: 6/4 [0]12:32:03.869 I/SASSTWG SBEngine: g_smartIndexBuff is null or saved!!! func:saveSmartContainer LINE:1247
2026-06-04T12:32:04.129Z [L0]: 6/4 [0]12:32:03.869 I/SASSTWG SBEngine: [onContainerPreDestroy] end
2026-06-04T12:32:04.131Z [L0]: 6/4 [0]12:32:03.869 D/sb_screen_adapter SBEngine: OnDataSave LauncherScreen
2026-06-04T12:32:04.133Z [L0]: Recv buf length = 1460, ofs = 0
2026-06-04T12:32:05.128Z [L0]: Recv buf length = 2920, ofs = 06/4 [0]12:32:05.032 I/quickjs SBEngine: js_trigger_gc *****rt->malloc_gc_threshold is now 1814005, malloc_size 1451204
2026-06-04T12:32:05.129Z [L0]: 6/4 [0]12:32:05.032 I/quickjs-libc SBEngine: current filepath: /page/select/select.js 
2026-06-04T12:32:06.461Z [L0]: 6/4 [0]12:32:06.365 I/quickjs-libc SBEngine: current filepath: /page/home/home.js 
2026-06-04T12:32:07.074Z [L0]: 6/4 [0]12:32:06.978 I/quickjs-libc SBEngine: current filepath: /page/home/home.js 
2026-06-04T12:32:09.160Z [L0]: 6/4 [0]12:32:09.064 I/quickjs-libc SBEngine: app on destroy invoke 
2026-06-04T12:32:09.201Z [L0]: 6/4 [0]12:32:09.104 I/quickjs-libc SBEngine: current filepath: /app.js 
2026-06-04T12:32:09.235Z [L0]: 6/4 [0]12:32:09.121 I/quickjs-libc SBEngine: app on create invoke6/4 [0]12:32:09.139 I/quickjs-libc SBEngine: current filepath: /page/home/home.js 
2026-06-04T12:32:09.269Z [L0]: 6/4 [0]12:32:09.173 I/quickjs-libc SBEngine: ui pause 
2026-06-04T12:32:10.543Z [L0]: 6/4 [0]12:32:09.176/4 [0]12:32:10.447 I/quickjs-libc SBEngine: current filepath: /page/select/select.js 
2026-06-04T12:32:12.765Z [L0]: 6/4 [0]12:32:12.670 I/quickjs-libc SBEngine: app on destroy invoke 
2026-06-04T12:32:12.835Z [L0]: 6/4 [0]12:32:12.740 I/quickjs-libc SBEngine: current filepath: /app.js 
2026-06-04T12:32:12.857Z [L0]: 6/4 [0]12:32:12.761 I/quickjs-libc SBEngine: app on create invoke 
2026-06-04T12:32:12.890Z [L0]: 6/4 [0]12:32:12.789 I/quickjs-libc SBEngine: current filepath: /page/home/home.js 
2026-06-04T12:32:12.944Z [L0]: 6/4 [0]12:32:12.848 I/quickjs-libc SBEngine: ui pause 
2026-06-04T12:32:14.128Z [L0]: 6/4 [0]12:32:14.031 I/quickjs-libc SBEngine: current filepath: /page/home/home.js 
2026-06-04T12:32:14.775Z [L0]: [06/4 [0]12:32:14.601 I/SB SBEngine: start deletion list timer, delay=2000, interval = 100 .
2026-06-04T12:32:14.777Z [L0]: 6/4 [0]12:32:14.601 I/screen_manager SBEngine: FLAG_PENDING_NORMAL
2026-06-04T12:32:14.778Z [L0]: 6/4 [0]12:32:14.601 I/screen_manager SBEngine: startScreen JsApp3_Screen flag 0 state 1
2026-06-04T12:32:14.780Z [L0]: 6/4 [0]12:32:14.601 I/screen_manager SBEngine: top screen JsApp2_Screen flag 0.
2026-06-04T12:32:14.780Z [L0]: 6/4 [0]12:32:14.601 I/screen_manager SBEngine: set pri 1 from JsApp2_Screen
2026-06-04T12:32:14.782Z [L0]: 6/4 [0]12:32:14.601 I/screen_manager SBEngine: push JsApp3_Screen 1 to stack.
2026-06-04T12:32:14.784Z [L0]: 6/4 [0]12:32:14.602 D/screen_stack SBEngine: ==============printStackInfo==============
2026-06-04T12:32:14.786Z [L0]: 6/4 [0]12:32:14.602 I/screen_stack SBEngine: Stack Size:3
2026-06-04T12:32:14.788Z [L0]: 6/4 [0]12:32:14.602 I/screen_stack SBEngine: name:JsApp3_Screen, prio:1
2026-06-04T12:32:14.789Z [L0]: 6/4 [0]12:32:14.602 I/screen_stack SBEngine: name:JsApp2_Screen, prio:1
2026-06-04T12:32:14.790Z [L0]: 6/4 [0]12:32:14.602 I/screen_stack SBEngine: name:JsApp1_Screen, prio:1
2026-06-04T12:32:14.792Z [L0]: 6/4 [0]12:32:14.602 D/screen_stack SBEngine: ==============printStackInfo==============
2026-06-04T12:32:14.794Z [L0]: 6/4 [0]12:32:14.602 I/screen_manager SBEngine: go JsApp3_Screen flag 0
2026-06-04T12:32:14.795Z [L0]: 6/4 [0]12:32:14.602 I/screen_manager SBEngine: goto screen JsApp3_Screen
2026-06-04T12:32:14.796Z [L0]: 6/4 [0]12:32:14.603 I/sb_screen_engine SBEngine: screen_engine, gotoScreen:JsApp3_Screen
2026-06-04T12:32:14.797Z [L0]: 6/4 [0]12:32:14.603 I/screen_manager SBEngine: _setCurrentScreenInterval JsApp3_Screen
2026-06-04T12:32:14.797Z [L0]: 6/4 [0]12:32:14.603 D/sb_screen_adapter SBEngine: onSBScreenPostCreate JsApp2_Screen
2026-06-04T12:32:14.797Z [L0]: 6/4 [0]12:32:14.603 I/js_view SBEngine: onScreenPostCreate start, screenContext 0x81e3c100
2026-06-04T12:32:14.798Z [L0]: 6/4 [0]12:32:14.603 I/js_view SBEngine: js_get_app_screen_ctx: found screen(JsApp2_Screen)
2026-06-04T12:32:14.799Z [L0]: 6/4 [0]12:32:14.603 D/js_rt_screen SBEngine: js_set_working_rtcell cell 0x80042f86
2026-06-04T12:32:14.800Z [L0]: 6/4 [0]12:32:14.603 I/jsRtApkMng SBEngine: js_rt_ResumeApp: pcid(800000002)
2026-06-04T12:32:14.802Z [L0]: 6/4 [0]12:32:14.604 D/jsRtApkMng SBEngine: switch_currentApp: same pid: 8 (appid 0010C8D9)
2026-06-04T12:32:14.802Z [L0]: 6/4 [0]12:32:14.604 I/jsRtApkMng SBEngine: js_rt_postCreate_Continer: pcid(800000002)
2026-06-04T12:32:14.803Z [L0]: 6/4 [0]12:32:14.604 D/jsRtApkMng SBEngine: switch_currentApp: same pid: 8 (appid 0010C8D9)
2026-06-04T12:32:14.803Z [L0]: 6/4 [0]12:32:14.605 D/js_rt_continer SBEngine: runContinerFunc: run Continer func: onReady
2026-06-04T12:32:14.804Z [L0]: 6/4 [0]12:32:14.605 D/js_view SBEngine: _setLayerScrolling rect: 0 0 479 479
2026-06-04T12:32:14.804Z [L0]: 6/4 [0]12:32:14.605 I/js_view SBEngine: onScreenPostCreate end
2026-06-04T12:32:14.805Z [L0]: 6/4 [0]12:32:14.606 D/CLayout SBEngine: >>gr_notify_callback_context event=gre.screenhide.post from JsApp2_Screen to JsApp1_Screen
2026-06-04T12:32:14.807Z [L0]: 6/4 [0]12:32:14.606 D/sb_screen_adapter SBEngine: onSBScreenPostDestory JsApp1_Screen
2026-06-04T12:32:14.808Z [L0]: 6/4 [0]12:32:14.606 I/js_view SBEngine: onScreenPostDestory screenContext 0x81e389d8
2026-06-04T12:32:14.810Z [L0]: 6/4 [0]12:32:14.606 I/js_view SBEngine: js_get_app_screen_ctx: found screen(JsApp1_Screen)
2026-06-04T12:32:14.812Z [L0]: 6/4 [0]12:32:14.606 I/js_rt_screen_app SBEngine: [js_screen_app_on_destroy] destory_app 0 rt_cell->pcid 800000001
2026-06-04T12:32:14.814Z [L0]: 6/4 [0]12:32:14.606 I/js_runtime SBEngine: malloc_size:1225172 before destory page
2026-06-04T12:32:14.814Z [L0]: 6/4 [0]12:32:14.607 I/jsRtApkMng SBEngine: js_rt_DestoryContiner: pcid(800000001)
2026-06-04T12:32:14.816Z [L0]: 6/4 [0]12:32:14.607 D/jsRtApkMng SBEngine: switch_currentApp: same pid: 8 (appid 0010C8D9)
2026-06-04T12:32:14.818Z [L0]: 6/4 [0]12:32:14.607 D/js_timer SBEngine: _timer_on_destroy pcid(800000001)
2026-06-04T12:32:14.820Z [L0]: 6/4 [0]12:32:14.607 D/JsMsgBus SBEngine: _on_rt_destroy pcid: 800000001
2026-06-04T12:32:14.821Z [L0]: 6/4 [0]12:32:14.607 D/JS_SETTING SBEngine: _onAppDestroyed pcid(800000001)
2026-06-04T12:32:14.823Z [L0]: 6/4 [0]12:32:14.607 D/js_ui SBEngine: js_delete_widget2 name:JsTemplate.image, id:238
2026-06-04T12:32:14.824Z [L0]: 6/4 [0]12:32:14.608 D/js_ui SBEngine: js_delete_widget2 name:JsTemplate.text, id:239
2026-06-04T12:32:14.826Z [L0]: 6/4 [0]12:32:14.609 D/js_ui SBEngine: js_delete_widget2 name:JsTemplate.text, id:240
2026-06-04T12:32:14.828Z [L0]: 6/4 [0]12:32:14.609 D/js_ui SBEngine: js_delete_widget2 name:JsTemplate.image, id:241
2026-06-04T12:32:14.830Z [L0]: 6/4 [0]12:32:14.609 D/js_ui SBEngine: js_delete_widget2 name:JsTemplate.image, id:242
2026-06-04T12:32:14.831Z [L0]: 6/4 [0]12:32:14.610 D/js_ui SBEngine: js_delete_widget2 name:JsTemplate.image, id:243
2026-06-04T12:32:14.832Z [L0]: 6/4 [0]12:32:14.610 D/js_ui SBEngine: js_delete_widget2 name:JsTemplate.text, id:244
2026-06-04T12:32:14.834Z [L0]: 6/4 [0]12:32:14.610 D/js_ui SBEngine: js_delete_widget2 name:JsTemplate.group, id:237
2026-06-04T12:32:14.835Z [L0]: 6/4 [0]12:32:14.611 D/JS_BLEFT SBEngine: _file_transfer_destroy pcid(800000001)
2026-06-04T12:32:14.837Z [L0]: 6/4 [0]12:32:14.611 D/jsMedia SBEngine: js_media_destory pcid(800000001)
2026-06-04T12:32:14.838Z [L0]: 6/4 [0]12:32:14.611 D/JsSysApi SBEngine: _onJsAppDestroy pcid(800000001)
2026-06-04T12:32:14.840Z [L0]: 6/4 [0]12:32:14.611 D/JsOnlineVAD SBEngine: _onJsAppDestroy pcid(800000001)
2026-06-04T12:32:14.842Z [L0]: 6/4 [0]12:32:14.612 I/jsRtApkMng SBEngine: switch_currentContainer: reset to pcid: 800000002
2026-06-04T12:32:14.844Z [L0]: 6/4 [0]12:32:14.612 D/js_rt_screen_common SBEngine: js_screen_destory_app: run GC
2026-06-04T12:32:14.846Z [L0]: 6/4 [0]12:32:14.621 I/js_runtime SBEngine: malloc_size:1209252 after destory page
2026-06-04T12:32:14.847Z [L0]: 6/4 [0]12:32:14.622 I/js_rt_screen_app SBEngine: _release_layer cell_p 0x80042f55 release JsAppEmpty2 , type 5
2026-06-04T12:32:14.849Z [L0]: 6/4 [0]12:32:14.622 D/CLayout SBEngine: context 2 destruction complete!
2026-06-04T12:32:14.850Z [L0]: 6/4 [0]12:32:14.623 I/js_view SBEngine: onScreenPostDestory screen JsApp1_Screen detach layer JsAppEmpty2
2026-06-04T12:32:14.852Z [L0]: 6/4 [0]12:32:14.623 I/js_view SBEngine: onScreenPostDestory end
2026-06-04T12:32:14.854Z [L0]: 6/4 [0]12:32:14.623 D/CLayout SBEngine: context 1 destruction complete!
2026-06-04T12:32:14.856Z [L0]: 6/4 [0]12:32:14.639 I/SB SBEngine: stop deletion list timer.
2026-06-04T12:32:14.857Z [L0]: 6/4 [0]12:32:14.640 D/CLayout SBEngine: >>gr_notify_callback_context event=gre.screenshow.pre from JsApp2_Screen to JsApp3_Screen
2026-06-04T12:32:14.859Z [L0]: 6/4 [0]12:32:14.640 D/sb_screen_adapter SBEngine: onSBScreenPreCreate JsApp3_Screen
2026-06-04T12:32:14.860Z [L0]: 6/4 [0]12:32:14.641 D/CLayout SBEngine: [_load_file_to_memory] stat '/storage/system/resources/styles/JsApp3_Screen.bstyle' failed!
2026-06-04T12:32:14.862Z [L0]: 6/4 [0]12:32:14.641 I/js_view SBEngine: onScreenPreCreate start, screenContext 0x81e389d8
2026-06-04T12:32:14.863Z [L0]: 6/4 [0]12:32:14.641 I/js_view SBEngine: js_get_app_screen_ctx: found screen(JsApp3_Screen)
2026-06-04T12:32:14.865Z [L0]: 6/4 [0]12:32:14.642 I/js_rt_screen_app SBEngine: _get_layer_name allocate JsAppEmpty4, type 5
2026-06-04T12:32:14.867Z [L0]: 6/4 [0]12:32:14.642 I/js_view SBEngine: onScreenPreCreate screen[JsApp3_Screen] requeset new cntr context id[2]
2026-06-04T12:32:14.869Z [L0]: 6/4 [0]12:32:14.642 I/js_view SBEngine: onScreenPreCreate layer JsAppEmpty4 attach to screen JsApp3_Screen 
2026-06-04T12:32:14.871Z [L0]: 6/4 [0]12:32:14.642 I/js_view SBEngine: onScreenPreCreate end
2026-06-04T12:32:14.872Z [L0]: 6/4 [0]12:32:14.642 D/CLayout SBEngine: >>gr_notify_callback_context event=gre.screenhide.pre from JsApp3_Screen to JsApp2_Screen
2026-06-04T12:32:14.874Z [L0]: 6/4 [0]12:32:14.642 D/sb_screen_adapter SBEngine: onSBScreenPreDestory JsApp2_Screen
2026-06-04T12:32:14.876Z [L0]: 6/4 [0]12:32:14.642 I/js_view SBEngine: onScreenPreDestory start screenContext 0x81e3c100
2026-06-04T12:32:14.878Z [L0]: 6/4 [0]12:32:14.643 I/js_view SBEngine: js_get_app_screen_ctx: found screen(JsApp2_Screen)
2026-06-04T12:32:14.880Z [L0]: 6/4 [0]12:32:14.643 I/js_rt_screen_app SBEngine: [js_screen_app_on_predestroy] destory_app 0 current_cell->pcid ffffffffffffffff
2026-06-04T12:32:14.882Z [L0]: 6/4 [0]12:32:14.643 D/js_rt_screen_common SBEngine: js_screen_predestory_app
2026-06-04T12:32:14.883Z [L0]: 6/4 [0]12:32:14.643 I/jsRtApkMng SBEngine: js_rt_preDestoryContiner: pcid(800000002)
2026-06-04T12:32:14.884Z [L0]: 6/4 [0]12:32:14.643 D/jsRtApkMng SBEngine: switch_currentApp: same pid: 8 (appid 0010C8D9)
2026-06-04T12:32:14.885Z [L0]: 6/4 [0]12:32:14.643 D/js_rt_continer SBEngine: runContinerFunc: run Continer func: onDataSave
2026-06-04T12:32:14.887Z [L0]: 6/4 [0]12:32:14.644 D/js_rt_continer SBEngine: runContinerFunc: run Continer func: onDestory
2026-06-04T12:32:14.888Z [L0]: 6/4 [0]12:32:14.645 D/js_rt_continer SBEngine: runContinerFunc: run Continer func: onDestroy
2026-06-04T12:32:14.890Z [L0]: 6/4 [0]12:32:14.645 D/js_timer SBEngine: _timer_on_destroy pcid(800000002)
2026-06-04T12:32:14.892Z [L0]: 6/4 [0]12:32:14.645 I/js_rt_screen_app SBEngine: [js_screen_app_on_create] cell_p 0x80042fc9 current_cell->pcid ffffffffffffffff cell_p->arg->pcid 800000002
2026-06-04T12:32:14.894Z [L0]: 6/4 [0]12:32:14.646 I/js_rt_screen_app SBEngine: js_screen_app_on_create: pcid(FFFFFFFFFFFFFFFF), launch type(1) current_cell set to 0x80042fc0
2026-06-04T12:32:14.895Z [L0]: 6/4 [0]12:32:14.646 D/js_rt_screen SBEngine: js_set_working_rtcell cell 0x80042fc0
2026-06-04T12:32:14.897Z [L0]: 6/4 [0]12:32:14.646 W/js_rt_screen_common SBEngine: js_screen_run_continer: container type:0 pcid(800000002) from arg
2026-06-04T12:32:14.899Z [L0]: 6/4 [0]12:32:14.646 I/js_runtime SBEngine: malloc_size:1209252 before load page
2026-06-04T12:32:14.901Z [L0]: 6/4 [0]12:32:14.646 D/jsRtApkMng SBEngine: js_rt_loadContiner: pcid(800000000) type:0 file:page/home/home
2026-06-04T12:32:14.903Z [L0]: 6/4 [0]12:32:14.646 W/PluginLst SBEngine: js_plugin_get_info: Warning: index 0 >= plugin count 0
2026-06-04T12:32:14.905Z [L0]: 6/4 [0]12:32:14.646 I/jsRtApkMng SBEngine: jsapp_check_keyboard(0x10c8d9) is 0  file:page/home/home
2026-06-04T12:32:14.907Z [L0]: 6/4 [0]12:32:14.646 D/jsMmStat SBEngine: [js_mm_stat_ctx_set] pcid: 800000002 -> 800000000
2026-06-04T12:32:14.909Z [L0]: 6/4 [0]12:32:14.647 D/jsMmStat SBEngine: get_mid found mid 0
2026-06-04T12:32:14.910Z [L0]: 6/4 [0]12:32:14.647 D/js_timer SBEngine: _timer_on_init pcid(800000003)
2026-06-04T12:32:14.912Z [L0]: 6/4 [0]12:32:14.647 D/jsMmStat SBEngine: [js_mm_stat_ctx_set] pcid: 800000000 -> 800000003
2026-06-04T12:32:14.914Z [L0]: 6/4 [0]12:32:14.647 D/jsRtApkMng SBEngine: switch_currentApp: same pid: 8 (appid 0010C8D9)
2026-06-04T12:32:14.916Z [L0]: 6/4 [0]12:32:14.647 D/jsRtApkMng SBEngine: switch_currentContainer: cid: 2 -> 3
2026-06-04T12:32:14.917Z [L0]: 6/4 [0]12:32:14.647 I/jsRtApkMng SBEngine: [js_rt_loadContiner2] path: /storage/data/js_apps/0010C8D9/page/home/home.js
2026-06-04T12:32:14.919Z [L0]: 6/4 [0]12:32:14.647 D/jsRtApkMng SBEngine: [js_rt_pcid_set] 800000002 -> 800000003
2026-06-04T12:32:14.920Z [L0]: 6/4 [0]12:32:14.648 I/js_native.h SBEngine: eval_buf path:/storage/data/js_apps/0010C8D9/page/home/home.js, eval_buff(7778)
2026-06-04T12:32:14.923Z [L0]: 6/4 [0]12:32:14.648 D/jsMmStat SBEngine: get_mid found mid 1
2026-06-04T12:32:14.924Z [L0]: 6/4 [0]12:32:14.665 I/quickjs-libc SBEngine: current filepath: /page/home/home.js 
2026-06-04T12:32:14.926Z [L0]: 6/4 [0]12:32:14.674 I/amPERMSN SBEngine: amQueryPermissions get 3 permission authed.
2026-06-04T12:32:17.484Z [L0]: ject 0x81d89094 in 36,14,443,58 id 203(NotificationLayer.infinite_26.title)
2026-06-04T12:32:17.486Z [L0]: 6/4 [0]12:32:17.262 D/CLayout SBEngine: Creating object 0x81d890c8 in 36,14,515,53 id 204(NotificationLayer.infinite_26.time)
2026-06-04T12:32:17.486Z [L0]: 6/4 [0]12:32:17.262 D/CLayout SBEngine: Creating object 0x81d890fc in 36,194,443,229 id 205(NotificationLayer.infinite_26.second_title)
2026-06-04T12:32:17.487Z [L0]: 6/4 [0]12:32:17.262 D/CLayout SBEngine: Creating object 0x81d89130 in 36,324,275,483 id 206(NotificationLayer.infinite_26.content_image)
2026-06-04T12:32:17.488Z [L0]: 6/4 [0]12:32:17.262 D/CLayout SBEngine: Creating object 0x81d8b188 in 36,161,443,196 id 207(NotificationLayer.infinite_26.content)
2026-06-04T12:32:17.489Z [L0]: 6/4 [0]12:32:17.262 D/CLayout SBEngine: Creating object 0x81d8b1bc in 36,324,443,339 id 208(NotificationLayer.infinite_26.line)
2026-06-04T12:32:17.491Z [L0]: 6/4 [0]12:32:17.262 D/CLayout SBEngine: Creating object 0x81d8b1f0 in 36,324,275,483 id 209(NotificationLayer.infinite_26.content_image1)
2026-06-04T12:32:17.491Z [L0]: 6/4 [0]12:32:17.263 D/CLayout SBEngine: Creating object 0x81d8b224 in 36,161,443,196 id 210(NotificationLayer.infinite_26.content1)
2026-06-04T12:32:17.494Z [L0]: 6/4 [0]12:32:17.263 D/CLayout SBEngine: Creating object 0x81d8b258 in 36,324,443,339 id 211(NotificationLayer.infinite_26.line1)
2026-06-04T12:32:17.495Z [L0]: 6/4 [0]12:32:17.263 D/CLayout SBEngine: Creating object 0x81d8b28c in 36,324,275,483 id 212(NotificationLayer.infinite_26.content_image2)
2026-06-04T12:32:17.496Z [L0]: 6/4 [0]12:32:17.263 D/CLayout SBEngine: Creating object 0x81d8b2c0 in 36,161,443,196 id 213(NotificationLayer.infinite_26.content2)
2026-06-04T12:32:17.496Z [L0]: 6/4 [0]12:32:17.263 D/CLayout SBEngine: Creating object 0x81d8b2f4 in 36,324,443,339 id 214(NotificationLayer.infinite_26.line2)
2026-06-04T12:32:17.497Z [L0]: 6/4 [0]12:32:17.264 D/CLayout SBEngine: Creating object 0x81d8b328 in 36,324,275,483 id 215(NotificationLayer.infinite_26.content_image3)
2026-06-04T12:32:17.499Z [L0]: 6/4 [0]12:32:17.264 D/CLayout SBEngine: Creating object 0x81d8b35c in 36,161,443,196 id 216(NotificationLayer.infinite_26.content3)
2026-06-04T12:32:17.500Z [L0]: 6/4 [0]12:32:17.264 D/CLayout SBEngine: Creating object 0x81d8b390 in 36,324,443,339 id 217(NotificationLayer.infinite_26.line3)
2026-06-04T12:32:17.500Z [L0]: 6/4 [0]12:32:17.265 D/CLayout SBEngine: Creating object 0x81d8b3c4 in 36,324,275,483 id 218(NotificationLayer.infinite_26.content_image4)
2026-06-04T12:32:17.501Z [L0]: 6/4 [0]12:32:17.265 D/CLayout SBEngine: Creating object 0x81d8b3f8 in 36,161,443,196 id 219(NotificationLayer.infinite_26.content4)
2026-06-04T12:32:17.501Z [L0]: 6/4 [0]12:32:17.265 D/CLayout SBEngine: Creating object 0x81d8b42c in 36,324,443,339 id 220(NotificationLayer.infinite_26.line4)
2026-06-04T12:32:17.503Z [L0]: 6/4 [0]12:32:17.265 D/CLayout SBEngine: Creating object 0x81d8b460 in 36,324,275,483 id 221(NotificationLayer.infinite_26.content_image5)
2026-06-04T12:32:17.504Z [L0]: 6/4 [0]12:32:17.265 D/CLayout SBEngine: Creating object 0x81d8b494 in 36,161,443,196 id 222(NotificationLayer.infinite_26.content5)
2026-06-04T12:32:17.505Z [L0]: 6/4 [0]12:32:17.265 D/CLayout SBEngine: Creating object 0x81d8b4c8 in 36,324,443,339 id 223(NotificationLayer.infinite_26.line5)
2026-06-04T12:32:17.507Z [L0]: 6/4 [0]12:32:17.265 D/CLayout SBEngine: Creating object 0x81d8b4fc in 36,324,275,483 id 224(NotificationLayer.infinite_26.content_image6)
2026-06-04T12:32:17.508Z [L0]: 6/4 [0]12:32:17.265 D/CLayout SBEngine: Creating object 0x81d8b530 in 36,161,443,196 id 225(NotificationLayer.infinite_26.content6)
2026-06-04T12:32:17.509Z [L0]: 6/4 [0]12:32:17.266 D/CLayout SBEngine: Creating object 0x81d8b564 in 22,242,429,319 id 226(NotificationLayer.infinite_26.textBtn)
2026-06-04T12:32:17.510Z [L0]: 6/4 [0]12:32:17.266 D/CLayout SBEngine: Creating render 0x81d8b598 in 14,4,380,63 id 227(NotificationLayer.infinite_26.textBtn:0)
2026-06-04T12:32:17.511Z [L0]: 6/4 [0]12:32:17.266 D/CLayout SBEngine: Creating render 0x81d8b5cc in 367,18,398,49 id 228(NotificationLayer.infinite_26.textBtn:1)
2026-06-04T12:32:17.512Z [L0]: 6/4 [0]12:32:17.266 D/CLayout SBEngine: Creating object 0x81d8b600 in 418,242,457,281 id 229(NotificationLayer.infinite_26.icon_top)
2026-06-04T12:32:17.513Z [L0]: 6/4 [0]12:32:17.266 D/CLayout SBEngine: Creating object 0x81d8b634 in 22,0,457,232 id 230(NotificationLayer.infinite_26.notif_bg_color)
2026-06-04T12:32:17.513Z [L0]: 6/4 [0]12:32:17.266 D/CLayout SBEngine: Creating object 0x81d8b668 in 22,0,457,279 id 231(NotificationLayer.infinite_26.touch_select)
2026-06-04T12:32:17.514Z [L0]: 6/4 [0]12:32:17.267 D/NOTFWG SBEngine: [addLayoutBranch] add branch NotificationLayer.infinite_26 -2116513748 
2026-06-04T12:32:17.515Z [L0]: 6/4 [0]12:32:17.267 D/CLayout SBEngine: Load layer list_layer
2026-06-04T12:32:17.515Z [L0]: 6/4 [0]12:32:17.267 D/CLayout SBEngine: Creating object 0x81d8b69c in 0,800,493,1039 id 201(NotificationLayer.infinite_27)
2026-06-04T12:32:17.517Z [L0]: 6/4 [0]12:32:17.267 D/CLayout SBEngine: Creating object 0x81d8b6d0 in 22,0,471,239 id 202(null)
2026-06-04T12:32:17.518Z [L0]: 6/4 [0]12:32:17.267 D/CLayout SBEngine: Creating object 0x81d8b704 in 36,14,443,58 id 203(NotificationLayer.infinite_27.title)
2026-06-04T12:32:17.519Z [L0]: 6/4 [0]12:32:17.267 D/CLayout SBEngine: Creating object 0x81d8b738 in 36,14,515,53 id 204(NotificationLayer.infinite_27.time)
2026-06-04T12:32:17.520Z [L0]: 6/4 [0]12:32:17.267 D/CLayout SBEngine: Creating object 0x81d8b76c in 36,194,443,229 id 205(NotificationLayer.infinite_27.second_title)
2026-06-04T12:32:17.522Z [L0]: 6/4 [0]12:32:17.267 D/CLayout SBEngine: Creating object 0x81d8b7a0 in 36,324,275,483 id 206(NotificationLayer.infinite_27.content_image)
2026-06-04T12:32:17.523Z [L0]: 6/4 [0]12:32:17.268 D/CLayout SBEngine: Creating object 0x81d8b7d4 in 36,161,443,196 id 207(NotificationLayer.infinite_27.content)
2026-06-04T12:32:17.524Z [L0]: 6/4 [0]12:32:17.268 D/CLayout SBEngine: Creating object 0x81d8b808 in 36,324,443,339 id 208(NotificationLayer.infinite_27.line)
2026-06-04T12:32:17.526Z [L0]: 6/4 [0]12:32:17.268 D/CLayout SBEngine: Creating object 0x81d8b83c in 36,324,275,483 id 209(NotificationLayer.infinite_27.content_image1)
2026-06-04T12:32:17.527Z [L0]: 6/4 [0]12:32:17.268 D/CLayout SBEngine: Creating object 0x81d8b870 in 36,161,443,196 id 210(NotificationLayer.infinite_27.content1)
2026-06-04T12:32:17.529Z [L0]: 6/4 [0]12:32:17.269 D/CLayout SBEngine: Creating object 0x81d8b8a4 in 36,324,443,339 id 211(NotificationLayer.infinite_27.line1)
2026-06-04T12:32:17.531Z [L0]: 6/4 [0]12:32:17.269 D/CLayout SBEngine: Creating object 0x81d8b8d8 in 36,324,275,483 id 212(NotificationLayer.infinite_27.content_image2)
2026-06-04T12:32:17.532Z [L0]: 6/4 [0]12:32:17.269 D/CLayout SBEngine: Creating object 0x81d8b90c in 36,161,443,196 id 213(NotificationLayer.infinite_27.content2)
2026-06-04T12:32:17.534Z [L0]: 6/4 [0]12:32:17.269 D/CLayout SBEngine: Creating object 0x81d8b940 in 36,324,443,339 id 214(NotificationLayer.infinite_27.line2)
2026-06-04T12:32:17.535Z [L0]: 6/4 [0]12:32:17.269 D/CLayout SBEngine: Creating object 0x81d8b974 in 36,324,275,483 id 215(NotificationLayer.infinite_27.content_image3)
2026-06-04T12:32:17.537Z [L0]: 6/4 [0]12:32:17.270 D/CLayout SBEngine: Creating object 0x81d8b9a8 in 36,161,443,196 id 216(NotificationLayer.infinite_27.content3)
2026-06-04T12:32:17.539Z [L0]: 6/4 [0]12:32:17.270 D/CLayout SBEngine: Creating object 0x81d8b9dc in 36,324,443,339 id 217(NotificationLayer.infinite_27.line3)
2026-06-04T12:32:17.540Z [L0]: 6/4 [0]12:32:17.270 D/CLayout SBEngine: Creating object 0x81d8ba10 in 36,324,275,483 id 218(NotificationLayer.infinite_27.content_image4)
2026-06-04T12:32:17.542Z [L0]: 6/4 [0]12:32:17.270 D/CLayout SBEngine: Creating object 0x81d8ba44 in 36,161,443,196 id 219(NotificationLayer.infinite_27.content4)
2026-06-04T12:32:17.543Z [L0]: 6/4 [0]12:32:17.270 D/CLayout SBEngine: Creating object 0x81d8ba78 in 36,324,443,339 id 220(NotificationLayer.infinite_27.line4)
2026-06-04T12:32:17.545Z [L0]: 6/4 [0]12:32:17.270 D/CLayout SBEngine: Creating object 0x81d8baac in 36,324,275,483 id 221(NotificationLayer.infinite_27.content_image5)
2026-06-04T12:32:17.547Z [L0]: 6/4 [0]12:32:17.270 D/CLayout SBEngine: Creating object 0x81d8bae0 in 36,161,443,196 id 222(NotificationLayer.infinite_27.content5)
2026-06-04T12:32:17.548Z [L0]: 6/4 [0]12:32:17.270 D/CLayout SBEngine: Creating object 0x81d8bb14 in 36,324,443,339 id 223(NotificationLayer.infinite_27.line5)
2026-06-04T12:32:17.549Z [L0]: 6/4 [0]12:32:17.271 D/CLayout SBEngine: Creating object 0x81d8bb48 in 36,324,275,483 id 224(NotificationLayer.infinite_27.content_image6)
2026-06-04T12:32:17.550Z [L0]: 6/4 [0]12:32:17.271 D/CLayout SBEngine: Creating object 0x81d8bb7c in 36,161,443,196 id 225(NotificationLayer.infinite_27.content6)
2026-06-04T12:32:17.552Z [L0]: 6/4 [0]12:32:17.271 D/CLayout SBEngine: Creating object 0x81d8bbb0 in 22,242,429,319 id 226(NotificationLayer.infinite_27.textBtn)
2026-06-04T12:32:17.553Z [L0]: 6/4 [0]12:32:17.271 D/CLayout SBEngine: Creating render 0x81d8bbe4 in 14,4,380,63 id 227(NotificationLayer.infinite_27.textBtn:0)
2026-06-04T12:32:17.555Z [L0]: 6/4 [0]12:32:17.271 D/CLayout SBEngine: Creating render 0x81d8bc18 in 367,18,398,49 id 228(NotificationLayer.infinite_27.textBtn:1)
2026-06-04T12:32:17.556Z [L0]: 6/4 [0]12:32:17.271 D/CLayout SBEngine: Creating object 0x81d8bc4c in 418,242,457,281 id 229(NotificationLayer.infinite_27.icon_top)
2026-06-04T12:32:17.557Z [L0]: 6/4 [0]12:32:17.272 D/CLayout SBEngine: Creating object 0x81d8bc80 in 22,0,457,232 id 230(NotificationLayer.infinite_27.notif_bg_color)
2026-06-04T12:32:17.559Z [L0]: 6/4 [0]12:32:17.272 D/CLayout SBEngine: Creating object 0x81d8bcb4 in 22,0,457,279 id 231(NotificationLayer.infinite_27.touch_select)
2026-06-04T12:32:17.560Z [L0]: 6/4 [0]12:32:17.272 D/NOTFWG SBEngine: [addLayoutBranch] add branch NotificationLayer.infinite_27 -2116503908 
2026-06-04T12:32:17.560Z [L0]: 6/4 [0]12:32:17.273 I/MList SBEngine: itemInitItem update item eid:0
2026-06-04T12:32:17.562Z [L0]: 6/4 [0]12:32:17.273 W/NOTFWG SBEngine: settingList_updateItem error 0
2026-06-04T12:32:17.563Z [L0]: 6/4 [0]12:32:17.273 I/MList SBEngine: itemInitItem update item eid:1
2026-06-04T12:32:17.565Z [L0]: 6/4 [0]12:32:17.273 W/NOTFWG SBEngine: settingList_updateItem idx=1,itemGroupPath=NotificationLayer.item_1,itemLevel=0,itemidx=1
2026-06-04T12:32:17.566Z [L0]: 6/4 [0]12:32:17.274 I/MList SBEngine: relayout2 updateByAnchor: lv 0,idx 0, y 0,h 101
2026-06-04T12:32:17.569Z [L0]: 6/4 [0]12:32:17.274 I/MList SBEngine: lv 0,idx 1,y 132,h 110,eid:1
2026-06-04T12:32:17.570Z [L0]: 6/4 [0]12:32:17.274 I/MList SBEngine: objLayout lv 0,idx 1, y 132,h 110, eid:1 path:item_1,visible:1 CanMovex: 0
2026-06-04T12:32:17.571Z [L0]: 6/4 [0]12:32:17.274 I/MList SBEngine: relayout2 finished
2026-06-04T12:32:17.573Z [L0]: 6/4 [0]12:32:17.276 W/NOTFWG SBEngine: [setFocusItemDetailToFlow] No valid list item
2026-06-04T12:32:17.574Z [L0]: 6/4 [0]12:32:17.276 I/MListFocus SBEngine: mList_bgMode_showFocus user set 1 true
2026-06-04T12:32:17.575Z [L0]: 6/4 [0]12:32:17.277 W/NOTFWG SBEngine: =======setNotificationInfo all_item=0
2026-06-04T12:32:17.577Z [L0]: 6/4 [0]12:32:17.278 W/NOTFWG SBEngine: =======setNotificationInfo all_item=0
2026-06-04T12:32:17.579Z [L0]: 6/4 [0]12:32:17.278 I/LANCH SBEngine: launcherSetScrollDisable g_launcher_scroll_disable = 0
2026-06-04T12:32:17.579Z [L0]: 6/4 [0]12:32:17.278 D/LANCH SBEngine: launcher onScreenResume
2026-06-04T12:32:17.581Z [L0]: 6/4 [0]12:32:17.278 D/CLayout SBEngine: >>gr_notify_callback_context event=gre.screenhide.post from LauncherScreen to JsApp3_Screen
2026-06-04T12:32:17.582Z [L0]: 6/4 [0]12:32:17.278 D/sb_screen_adapter SBEngine: onSBScreenPostDestory JsApp3_Screen
2026-06-04T12:32:17.583Z [L0]: 6/4 [0]12:32:17.278 I/js_view SBEngine: onScreenPostDestory screenContext 0x81e389d8
2026-06-04T12:32:17.584Z [L0]: 6/4 [0]12:32:17.279 I/js_view SBEngine: js_get_app_screen_ctx: found screen(JsApp3_Screen)
2026-06-04T12:32:17.586Z [L0]: 6/4 [0]12:32:17.279 I/js_rt_screen_app SBEngine: [js_screen_app_on_destroy] destory_app 1 rt_cell->pcid 800000003
2026-06-04T12:32:17.587Z [L0]: 6/4 [0]12:32:17.279 I/js_runtime SBEngine: malloc_size:1209124 before destory page
2026-06-04T12:32:17.588Z [L0]: 6/4 [0]12:32:17.279 I/jsRtApkMng SBEngine: js_rt_DestoryContiner: pcid(800000003)
2026-06-04T12:32:17.590Z [L0]: 6/4 [0]12:32:17.279 D/jsRtApkMng SBEngine: switch_currentApp: same pid: 8 (appid 0010C8D9)
2026-06-04T12:32:17.591Z [L0]: 6/4 [0]12:32:17.279 D/js_timer SBEngine: _timer_on_destroy pcid(800000003)
2026-06-04T12:32:17.592Z [L0]: 6/4 [0]12:32:17.279 D/JsMsgBus SBEngine: _on_rt_destroy pcid: 800000003
2026-06-04T12:32:17.594Z [L0]: 6/4 [0]12:32:17.279 D/JS_SETTING SBEngine: _onAppDestroyed pcid(800000003)
2026-06-04T12:32:17.595Z [L0]: 6/4 [0]12:32:17.279 D/js_ui SBEngine: js_delete_widget2 name:JsTemplate.image, id:254
2026-06-04T12:32:17.597Z [L0]: 6/4 [0]12:32:17.279 D/js_ui SBEngine: js_delete_widget2 name:JsTemplate.text, id:255
2026-06-04T12:32:17.598Z [L0]: 6/4 [0]12:32:17.280 D/js_ui SBEngine: js_delete_widget2 name:JsTemplate.text, id:256
2026-06-04T12:32:17.599Z [L0]: 6/4 [0]12:32:17.280 D/js_ui SBEngine: js_delete_widget2 name:JsTemplate.image, id:257
2026-06-04T12:32:17.600Z [L0]: 6/4 [0]12:32:17.280 D/js_ui SBEngine: js_delete_widget2 name:JsTemplate.image, id:258
2026-06-04T12:32:17.601Z [L0]: 6/4 [0]12:32:17.280 D/js_ui SBEngine: js_delete_widget2 name:JsTemplate.image, id:259
2026-06-04T12:32:17.602Z [L0]: 6/4 [0]12:32:17.280 D/js_ui SBEngine: js_delete_widget2 name:JsTemplate.text, id:260
2026-06-04T12:32:17.603Z [L0]: 6/4 [0]12:32:17.280 D/js_ui SBEngine: js_delete_widget2 name:JsTemplate.group, id:253
2026-06-04T12:32:17.604Z [L0]: 6/4 [0]12:32:17.280 D/JS_BLEFT SBEngine: _file_transfer_destroy pcid(800000003)
2026-06-04T12:32:17.606Z [L0]: 6/4 [0]12:32:17.280 D/jsMedia SBEngine: js_media_destory pcid(800000003)
2026-06-04T12:32:17.608Z [L0]: 6/4 [0]12:32:17.281 D/JsSysApi SBEngine: _onJsAppDestroy pcid(800000003)
2026-06-04T12:32:17.609Z [L0]: 6/4 [0]12:32:17.281 D/JsOnlineVAD SBEngine: _onJsAppDestroy pcid(800000003)
2026-06-04T12:32:17.610Z [L0]: 6/4 [0]12:32:17.281 I/jsRtApkMng SBEngine: js_rt_DestoryApp: pcid(800000003)
2026-06-04T12:32:17.611Z [L0]: 6/4 [0]12:32:17.282 D/jsRtApkMng SBEngine: switch_currentApp: same pid: 8 (appid 0010C8D9)
2026-06-04T12:32:17.612Z [L0]: 6/4 [0]12:32:17.282 D/js_rt_app SBEngine: runAppFunc: run App: onDestory
2026-06-04T12:32:17.613Z [L0]: 6/4 [0]12:32:17.282 D/js_rt_app SBEngine: runAppFunc: run App: onDestroy
2026-06-04T12:32:17.615Z [L0]: 6/4 [0]12:32:17.282 D/jsRtApkMng SBEngine: [js_rt_pcid_set] 800000003 -> 800000000
2026-06-04T12:32:17.616Z [L0]: 6/4 [0]12:32:17.282 D/jsMmStat SBEngine: [js_mm_stat_ctx_set] pcid: 800000003 -> 800000000
2026-06-04T12:32:17.617Z [L0]: 6/4 [0]12:32:17.282 D/jsMmStat SBEngine: get_mid found mid 0
2026-06-04T12:32:17.618Z [L0]: 6/4 [0]12:32:17.283 I/quickjs-libc SBEngine: app on destroy invoke 
2026-06-04T12:32:17.619Z [L0]: 6/4 [0]12:32:17.283 D/js_timer SBEngine: _timer_on_destroy pcid(800000000)
2026-06-04T12:32:17.620Z [L0]: 6/4 [0]12:32:17.283 D/JsMsgBus SBEngine: _on_rt_destroy pcid: 800000000
2026-06-04T12:32:17.622Z [L0]: 6/4 [0]12:32:17.283 W/jsapp_sp SBEngine: [js_app_srv_wf_get_node] not found for appid[0010c8d9]
2026-06-04T12:32:17.623Z [L0]: 6/4 [0]12:32:17.283 D/JS_SETTING SBEngine: _onAppDestroyed pcid(800000000)
2026-06-04T12:32:17.623Z [L0]: 6/4 [0]12:32:17.283 D/js_ui SBEngine: js_widget_destroy_class_proto JsTemplate.group
2026-06-04T12:32:17.625Z [L0]: 6/4 [0]12:32:17.284 D/js_ui SBEngine: js_widget_destroy_class_proto JsTemplate.text
2026-06-04T12:32:17.625Z [L0]: 6/4 [0]12:32:17.284 D/JS_BLEFT SBEngine: _file_transfer_destroy pcid(800000000)
2026-06-04T12:32:17.627Z [L0]: 6/4 [0]12:32:17.284 D/jsMedia SBEngine: js_media_destory pcid(800000000)
2026-06-04T12:32:17.628Z [L0]: 6/4 [0]12:32:17.284 D/JsSysApi SBEngine: _onJsAppDestroy pcid(800000000)
2026-06-04T12:32:17.630Z [L0]: 6/4 [0]12:32:17.284 D/JsOnlineVAD SBEngine: _onJsAppDestroy pcid(800000000)
2026-06-04T12:32:17.630Z [L0]: 6/4 [0]12:32:17.284 I/jsRtApkMng SBEngine: switch_currentApp: reset to pid: 2 (appid 2DFF)
2026-06-04T12:32:17.631Z [L0]: 6/4 [0]12:32:17.284 D/jsMmStat SBEngine: [js_mm_stat_ctx_set] pcid: 800000000 -> 200000001
2026-06-04T12:32:17.633Z [L0]: 6/4 [0]12:32:17.284 I/js_runtime SBEngine: malloc_size:1188512 after destory app
2026-06-04T12:32:17.634Z [L0]: 6/4 [0]12:32:17.284 D/js_rt_screen_common SBEngine: js_screen_destory_app: run GC
2026-06-04T12:32:17.635Z [L0]: 6/4 [0]12:32:17.294 I/js_runtime SBEngine: malloc_size:1162900 after destory page
2026-06-04T12:32:17.636Z [L0]: 6/4 [0]12:32:17.294 D/jsRtApkMng SBEngine: js_rt_get_appid: app_p is NULL, pcid(800000000)
2026-06-04T12:32:17.637Z [L0]: 6/4 [0]12:32:17.294 D/jsMmStat SBEngine: _mm_check_running appid 1099993 pid 8 stopped!
2026-06-04T12:32:17.638Z [L0]: 6/4 [0]12:32:17.294 I/jsMmStat SBEngine: [0] appid:00002DFF pid:  2 count:  786 total:  56876 peak:  65916 bytes
2026-06-04T12:32:17.639Z [L0]: 6/4 [0]12:32:17.294 I/jsMmStat SBEngine: [0] appid:00000001 pid:  0 count:17249 total:1087676 peak:1410148 bytes
2026-06-04T12:32:17.640Z [L0]: 6/4 [0]12:32:17.295 I/js_rt_screen_app SBEngine: _release_layer cell_p 0x80042fc9 release JsAppEmpty4 , type 5
2026-06-04T12:32:17.641Z [L0]: 6/4 [0]12:32:17.295 I/js_rt_screen_app SBEngine: [js_screen_app_on_destroy] destorying app, current cell is set to NULL
2026-06-04T12:32:17.643Z [L0]: 6/4 [0]12:32:17.295 D/CLayout SBEngine: context 2 destruction complete!
2026-06-04T12:32:17.643Z [L0]: 6/4 [0]12:32:17.295 I/js_view SBEngine: onScreenPostDestory screen JsApp3_Screen detach layer JsAppEmpty4
2026-06-04T12:32:17.644Z [L0]: 6/4 [0]12:32:17.295 I/js_view SBEngine: onScreenPostDestory end
2026-06-04T12:32:17.646Z [L0]: 6/4 [0]12:32:17.296 D/CLayout SBEngine: context 1 destruction complete!
2026-06-04T12:32:17.647Z [L0]: 6/4 [0]12:32:17.315 I/SB SBEngine: stop deletion list timer.
2026-06-04T12:32:17.648Z [L0]: 6/4 [0]12:32:17.315 D/CLayout SBEngine: >>gr_notify_callback_context event=gre.screenshow.pre from LauncherScreen to JsApp4_Screen
2026-06-04T12:32:17.649Z [L0]: 6/4 [0]12:32:17.315 D/sb_screen_adapter SBEngine: onSBScreenPreCreate JsApp4_Screen
2026-06-04T12:32:17.650Z [L0]: 6/4 [0]12:32:17.318 D/CLayout SBEngine: [_load_file_to_memory] stat '/storage/system/resources/styles/JsApp4_Screen.bstyle' failed!
2026-06-04T12:32:17.651Z [L0]: 6/4 [0]12:32:17.318 I/js_view SBEngine: onScreenPreCreate start, screenContext 0x81da3eb0
2026-06-04T12:32:17.651Z [L0]: 6/4 [0]12:32:17.318 I/js_view SBEngine: js_get_app_screen_ctx: found screen(JsApp4_Screen)
2026-06-04T12:32:17.652Z [L0]: 6/4 [0]12:32:17.318 I/js_rt_screen_app SBEngine: _get_layer_name allocate JsAppEmpty5, type 5
2026-06-04T12:32:17.653Z [L0]: 6/4 [0]12:32:17.318 I/js_view SBEngine: onScreenPreCreate screen[JsApp4_Screen] requeset new cntr context id[2]
2026-06-04T12:32:17.654Z [L0]: 6/4 [0]12:32:17.319 I/js_view SBEngine: onScreenPreCreate layer JsAppEmpty5 attach to screen JsApp4_Screen 
2026-06-04T12:32:17.654Z [L0]: 6/4 [0]12:32:17.319 I/js_rt_screen_app SBEngine: [js_screen_app_on_create] cell_p 0x80043003 current_cell->pcid ffffffffffffffff cell_p->arg->pcid 800000003
2026-06-04T12:32:17.656Z [L0]: 6/4 [0]12:32:17.320 I/js_rt_screen_app SBEngine: js_screen_app_on_create: pcid(FFFFFFFFFFFFFFFF), launch type(1) current_cell set to 0x80042ffa
2026-06-04T12:32:17.656Z [L0]: 6/4 [0]12:32:17.320 D/js_rt_screen SBEngine: js_set_working_rtcell cell 0x80042ffa
2026-06-04T12:32:17.657Z [L0]: 6/4 [0]12:32:17.320 W/js_rt_screen_common SBEngine: js_screen_run_continer: container type:0 pcid(800000003) from arg
2026-06-04T12:32:17.658Z [L0]: 6/4 [0]12:32:17.320 D/jsRtApkMng SBEngine: js_rt_get_appid: app_p is NULL, pcid(800000003)
2026-06-04T12:32:17.659Z [L0]: 6/4 [0]12:32:17.320 W/js_rt_screen_common SBEngine: js_screen_run_continer: restart appid(1099993)
2026-06-04T12:32:17.659Z [L0]: 6/4 [0]12:32:17.320 D/js_rt_screen SBEngine: js_set_working_rtcell cell 0x80042ffa
2026-06-04T12:32:17.660Z [L0]: 6/4 [0]12:32:17.321 I/js_runtime SBEngine: malloc_size:1162900 before load app
2026-06-04T12:32:17.661Z [L0]: 6/4 [0]12:32:17.321 D/jsMmStat SBEngine: get_mid found mid 1
2026-06-04T12:32:17.661Z [L0]: 6/4 [0]12:32:17.321 D/jsMmStat SBEngine: [js_mm_stat_ctx_set] pcid: 200000001 -> 0
2026-06-04T12:32:17.663Z [L0]: 6/4 [0]12:32:17.321 D/jsMmStat SBEngine: get_mid found mid 1
2026-06-04T12:32:17.664Z [L0]: 6/4 [0]12:32:17.321 D/js_timer SBEngine: _timer_on_init pcid(900000000)
2026-06-04T12:32:17.664Z [L0]: 6/4 [0]12:32:17.321 D/jsMmStat SBEngine: [js_mm_stat_ctx_set] pcid: 0 -> 900000000
2026-06-04T12:32:17.665Z [L0]: 6/4 [0]12:32:17.321 D/jsRtApkMng SBEngine: switch_currentApp: pid: 2 -> 9 (appid 10C8D9)
2026-06-04T12:32:17.666Z [L0]: 6/4 [0]12:32:17.321 I/jsRtApkMng SBEngine: [js_rt_loadApp2] path: /storage/data/js_apps/0010C8D9/app.js
2026-06-04T12:32:17.668Z [L0]: 6/4 [0]12:32:17.322 D/jsRtApkMng SBEngine: [js_rt_pcid_set] 800000000 -> 900000000
2026-06-04T12:32:17.668Z [L0]: 6/4 [0]12:32:17.322 I/js_native.h SBEngine: eval_buf path:/storage/data/js_apps/0010C8D9/app.js, eval_buff(1013)
2026-06-04T12:32:17.668Z [L0]: 6/4 [0]12:32:17.322 I/jsMmStat SBEngine: [mm_stat_node_new] add node, pid: 9
2026-06-04T12:32:17.670Z [L0]: 6/4 [0]12:32:17.322 D/jsMmStat SBEngine: get_mid alloc mid 0
2026-06-04T12:32:17.671Z [L0]: 6/4 [0]12:32:17.326 I/quickjs-libc SBEngine: current filepath: /app.js 
2026-06-04T12:32:17.672Z [L0]: 6/4 [0]12:32:17.329 D/JS_SETTING SBEngine: sim_get_config_path: config file: /storage/system/simulator_cfg.json
2026-06-04T12:32:17.672Z [L0]: 6/4 [0]12:32:17.329 D/js_fs_common SBEngine: js_read_file: file: /storage/system/simulator_cfg.json
2026-06-04T12:32:17.673Z [L0]: 6/4 [0]12:32:17.333 I/JS_FS SBEngine: js_fs_open2: /storage/data/js_apps/0010C8D9/assets/raw/locale/TID.btxt, fd:7, flags: 0
2026-06-04T12:32:17.674Z [L0]: 6/4 [0]12:32:17.333 I/JS_FS SBEngine: js_fs_close2 vfs_close fd:7 ret:0
2026-06-04T12:32:17.675Z [L0]: 6/4 [0]12:32:17.340 I/jsRtApkMng SBEngine: perf_resize 16
2026-06-04T12:32:17.675Z [L0]: 6/4 [0]12:32:17.340 D/jsRtApkMng SBEngine: perf_alloc 1/16
2026-06-04T12:32:17.676Z [L0]: 6/4 [0]12:32:17.341 D/jsRtApkMng SBEngine: perf_update evalTime 19 ms
2026-06-04T12:32:17.677Z [L0]: 6/4 [0]12:32:17.341 I/jsRtApkMng SBEngine: [js_rt_loadApp2] api-level: 300, pcid: 900000000
2026-06-04T12:32:17.677Z [L0]: 6/4 [0]12:32:17.341 D/js_rt_app SBEngine: runAppFunc: run App: onCreate
2026-06-04T12:32:17.679Z [L0]: 6/4 [0]12:32:17.341 I/quickjs-libc SBEngine: app on create invoke 
2026-06-04T12:32:17.680Z [L0]: 6/4 [0]12:32:17.342 D/jsRtApkMng SBEngine: perf_update createTime 1 ms
2026-06-04T12:32:17.681Z [L0]: 6/4 [0]12:32:17.342 I/js_runtime SBEngine: malloc_size:1185276 after load app
2026-06-04T12:32:17.681Z [L0]: 6/4 [0]12:32:17.342 I/js_runtime SBEngine: malloc_size:1185276 before load page
2026-06-04T12:32:17.683Z [L0]: 6/4 [0]12:32:17.342 D/jsRtApkMng SBEngine: js_rt_loadContiner: pcid(900000000) type:0 file:page/home/home
2026-06-04T12:32:17.683Z [L0]: 6/4 [0]12:32:17.342 W/PluginLst SBEngine: js_plugin_get_info: Warning: index 0 >= plugin count 0
2026-06-04T12:32:17.684Z [L0]: 6/4 [0]12:32:17.342 I/jsRtApkMng SBEngine: jsapp_check_keyboard(0x10c8d9) is 0  file:page/home/home
2026-06-04T12:32:17.684Z [L0]: 6/4 [0]12:32:17.342 D/js_timer SBEngine: _timer_on_init pcid(900000001)
2026-06-04T12:32:17.686Z [L0]: 6/4 [0]12:32:17.342 D/jsMmStat SBEngine: [js_mm_stat_ctx_set] pcid: 900000000 -> 900000001
2026-06-04T12:32:17.687Z [L0]: 6/4 [0]12:32:17.342 D/jsRtApkMng SBEngine: switch_currentApp: same pid: 9 (appid 0010C8D9)
2026-06-04T12:32:17.687Z [L0]: 6/4 [0]12:32:17.342 D/jsMmStat SBEngine: get_mid found mid 1
2026-06-04T12:32:17.688Z [L0]: 6/4 [0]12:32:17.343 I/jsMmStat SBEngine: [mm_stat_node_del] pid: 8
2026-06-04T12:32:17.689Z [L0]: 6/4 [0]12:32:17.343 D/jsRtApkMng SBEngine: switch_currentContainer: cid: 0 -> 1
2026-06-04T12:32:17.690Z [L0]: 6/4 [0]12:32:17.344 I/jsRtApkMng SBEngine: [js_rt_loadContiner2] path: /storage/data/js_apps/0010C8D9/page/home/home.js
2026-06-04T12:32:17.691Z [L0]: 6/4 [0]12:32:17.344 D/jsRtApkMng SBEngine: [js_rt_pcid_set] 900000000 -> 900000001
2026-06-04T12:32:17.691Z [L0]: 6/4 [0]12:32:17.344 I/js_native.h SBEngine: eval_buf path:/storage/data/js_apps/0010C8D9/page/home/home.js, eval_buff(7778)
2026-06-04T12:32:17.692Z [L0]: 6/4 [0]12:32:17.358 I/quickjs-libc SBEngine: current filepath: /page/home/home.js 
2026-06-04T12:32:17.693Z [L0]: 6/4 [0]12:32:17.364 I/amPERMSN SBEngine: amQueryPermissions get 3 permission authed.
2026-06-04T12:32:17.695Z [L0]: 6/4 [0]12:32:17.366 I/JS_FS SBEngine: js_fs_open2: /storage/data/js_apps/data/0010C8D9/__$$localstorage$$__, fd:7, flags: 0X40
2026-06-04T12:32:17.696Z [L0]: 6/4 [0]12:32:17.367 I/JS_FS SBEngine: js_fs_close2 vfs_close fd:7 ret:0
2026-06-04T12:32:17.697Z [L0]: 6/4 [0]12:32:17.370 D/jsRtApkMng SBEngine: perf_alloc 2/16
2026-06-04T12:32:17.700Z [L0]: 6/4 [0]12:32:17.370 D/jsRtApkMng SBEngine: perf_update evalTime 27 ms
2026-06-04T12:32:17.701Z [L0]: 6/4 [0]12:32:17.370 D/jsRtApkMng SBEngine: js_rt_loadContiner: succeed, appid(0010C8D9) pcid(900000001)
2026-06-04T12:32:17.703Z [L0]: 6/4 [0]12:32:17.370 D/js_rt_continer SBEngine: runContinerFunc: run Continer func: onInit
2026-06-04T12:32:17.705Z [L0]: 6/4 [0]12:32:17.371 D/jsRtApkMng SBEngine: perf_update initTime 1 ms
2026-06-04T12:32:17.706Z [L0]: 6/4 [0]12:32:17.371 D/js_rt_continer SBEngine: runContinerFunc: run Continer func: onDataRestore
2026-06-04T12:32:17.707Z [L0]: 6/4 [0]12:32:17.372 D/js_rt_continer SBEngine: runContinerFunc: run Continer func: build
2026-06-04T12:32:17.708Z [L0]: 6/4 [0]12:32:17.373 D/js_ui SBEngine: js_widget_setup_class_proto JsTemplate.group
2026-06-04T12:32:17.709Z [L0]: 6/4 [0]12:32:17.373 D/js_ui SBEngine: js_create_widget2 name:JsTemplate.group, id:261, widget JsAppEmpty5.jsw_261
2026-06-04T12:32:17.710Z [L0]: 6/4 [0]12:32:17.375 D/js_ui SBEngine: js_create_widget2 name:JsTemplate.image, id:262, widget JsAppEmpty5.jsw_261.jsw_262
2026-06-04T12:32:17.712Z [L0]: 6/4 [0]12:32:17.376 D/js_ui SBEngine: js_widget_setup_class_proto JsTemplate.text
2026-06-04T12:32:17.712Z [L0]: 6/4 [0]12:32:17.377 D/js_ui SBEngine: js_create_widget2 name:JsTemplate.text, id:263, widget JsAppEmpty5.jsw_261.jsw_263
2026-06-04T12:32:17.713Z [L0]: 6/4 [0]12:32:17.379 D/js_ui SBEngine: js_create_widget2 name:JsTemplate.text, id:264, widget JsAppEmpty5.jsw_261.jsw_264
2026-06-04T12:32:17.715Z [L0]: 6/4 [0]12:32:17.380 D/js_ui SBEngine: js_create_widget2 name:JsTemplate.image, id:265, widget JsAppEmpty5.jsw_261.jsw_265
2026-06-04T12:32:17.716Z [L0]: 6/4 [0]12:32:17.381 D/js_ui SBEngine: js_create_widget2 name:JsTemplate.image, id:266, widget JsAppEmpty5.jsw_261.jsw_266
2026-06-04T12:32:17.726Z [L0]: 6/4 [0]12:32:17.382 D/js_ui SBEngine: js_create_widget2 name:JsTemplate.image, id:267, widget JsAppEmpty5.jsw_261.jsw_2676/4 [0]12:32:17.386 D/js_ui SBEngine: js_create_widget2 name:JsTemplate.text, id:268, widget JsAppEmpty5.jsw_261.jsw_268
2026-06-04T12:32:17.727Z [L0]: 6/4 [0]12:32:17.394 D/jsRtApkMng SBEngine: perf_update buildTime 23 ms
2026-06-04T12:32:17.728Z [L0]: 6/4 [0]12:32:17.394 I/js_runtime SBEngine: malloc_size:1209060 after load page
2026-06-04T12:32:17.729Z [L0]: 6/4 [0]12:32:17.394 I/js_view SBEngine: onScreenPreCreate end
2026-06-04T12:32:17.731Z [L0]: 6/4 [0]12:32:17.395 D/CLayout SBEngine: >>gr_notify_callback_context event=gre.screenhide.pre from JsApp4_Screen to LauncherScreen
2026-06-04T12:32:17.731Z [L0]: 6/4 [0]12:32:17.395 D/sb_screen_adapter SBEngine: onSBScreenPreDestory LauncherScreen
2026-06-04T12:32:17.732Z [L0]: 6/4 [0]12:32:17.395 D/wf_js_layer SBEngine: updateDataOnInactive start
2026-06-04T12:32:17.733Z [L0]: 6/4 [0]12:32:17.395 D/js_rt_screen_common SBEngine: js_screen_suspend_app: screen suspend. pcid(200000001)
2026-06-04T12:32:17.734Z [L0]: 6/4 [0]12:32:17.395 I/jsRtApkMng SBEngine: js_rt_SuspendApp: pcid(200000001)
2026-06-04T12:32:17.735Z [L0]: 6/4 [0]12:32:17.395 D/jsMmStat SBEngine: [js_mm_stat_ctx_set] pcid: 900000001 -> 200000001
2026-06-04T12:32:17.736Z [L0]: 6/4 [0]12:32:17.395 D/jsRtApkMng SBEngine: switch_currentApp: pid: 9 -> 2 (appid 2DFF)
2026-06-04T12:32:17.737Z [L0]: 6/4 [0]12:32:17.395 D/js_rt_continer SBEngine: runContinerFunc: run Continer func: onPause
2026-06-04T12:32:17.738Z [L0]: 6/4 [0]12:32:17.396 D/jsMmStat SBEngine: get_mid found mid 1
2026-06-04T12:32:17.739Z [L0]: 6/4 [0]12:32:17.396 D/jsRtApkMng SBEngine: [js_rt_pcid_set] 900000001 -> 200000001
2026-06-04T12:32:17.739Z [L0]: 6/4 [0]12:32:17.397 D/js_timer SBEngine: _timer_on_pause pcid(200000001)
2026-06-04T12:32:17.741Z [L0]: 6/4 [0]12:32:17.397 D/JS_SETTING SBEngine: js_setting_pause (200000001)
2026-06-04T12:32:17.742Z [L0]: 6/4 [0]12:32:17.397 I/wf_simluator_data SBEngine: StData_unregisterListner: use current thread
2026-06-04T12:32:17.743Z [L0]: 6/4 [0]12:32:17.398 I/wf_simluator_data SBEngine: listener[0x10166f85] un register successfully
2026-06-04T12:32:17.744Z [L0]: 6/4 [0]12:32:17.398 D/step_data_manager SBEngine: _un_regist unregist sensor server 
2026-06-04T12:32:17.744Z [L0]: 6/4 [0]12:32:17.398 I/wf_simluator_data SBEngine: StData_unregisterListner: use current thread
2026-06-04T12:32:17.746Z [L0]: 6/4 [0]12:32:17.399 I/wf_simluator_data SBEngine: listener[0x101689dd] un register successfully
2026-06-04T12:32:17.747Z [L0]: 6/4 [0]12:32:17.399 D/jswea SBEngine: _un_regist unregist sensor server 
2026-06-04T12:32:17.747Z [L0]: 6/4 [0]12:32:17.399 I/wf_simluator_data SBEngine: StData_unregisterListner: use current thread
2026-06-04T12:32:17.748Z [L0]: 6/4 [0]12:32:17.399 I/wf_simluator_data SBEngine: listener[0x1016a9b9] un register successfully
2026-06-04T12:32:17.749Z [L0]: 6/4 [0]12:32:17.399 D/battey_data_manager SBEngine: _un_regist unregist sensor server 
2026-06-04T12:32:17.750Z [L0]: 6/4 [0]12:32:17.399 I/wf_simluator_data SBEngine: StData_unregisterListner: use current thread
2026-06-04T12:32:17.751Z [L0]: 6/4 [0]12:32:17.399 I/wf_simluator_data SBEngine: listener[0x10163699] un register successfully
2026-06-04T12:32:17.752Z [L0]: 6/4 [0]12:32:17.399 D/calorie_data_manager SBEngine: _un_regist unregist sensor server 
2026-06-04T12:32:17.753Z [L0]: 6/4 [0]12:32:17.399 I/wf_simluator_data SBEngine: StData_unregisterListner: use current thread
2026-06-04T12:32:17.754Z [L0]: 6/4 [0]12:32:17.399 I/wf_simluator_data SBEngine: listener[0x10163d1d] un register successfully
2026-06-04T12:32:17.756Z [L0]: 6/4 [0]12:32:17.400 E/MessageManger SBEngine: error listener 0x10169dd1
2026-06-04T12:32:17.757Z [L0]: 6/4 [0]12:32:17.400 I/quickjs-libc SBEngine: ui pause 
2026-06-04T12:32:17.758Z [L0]: 6/4 [0]12:32:17.400 D/js_sensor SBEngine: _pause_resume_process: sensor id: 0
2026-06-04T12:32:17.759Z [L0]: 6/4 [0]12:32:17.400 I/SYS_STAT_PT SBEngine: System_unregisterSPListner: use current thread
2026-06-04T12:32:17.759Z [L0]: 6/4 [0]12:32:17.400 I/widget_time_image SBEngine: touch JSW_EO_TIME_UPDATE 1
2026-06-04T12:32:17.761Z [L0]: 6/4 [0]12:32:17.401 D/timer_data_manager SBEngine: _regist timeConfig.repeatTime 800
2026-06-04T12:32:17.762Z [L0]: 6/4 [0]12:32:17.401 E/MessageManger SBEngine: error listener 0x10169dd1
2026-06-04T12:32:17.763Z [L0]: 6/4 [0]12:32:17.401 D/wf_js_layer SBEngine: updateDataOnInactive end
2026-06-04T12:32:17.764Z [L0]: 6/4 [0]12:32:17.401 D/LANCH SBEngine: launcher onScreenPause
2026-06-04T12:32:17.764Z [L0]: 6/4 [0]12:32:17.401 D/LANCH SBEngine: launcher onScreenPreDestory
2026-06-04T12:32:17.765Z [L0]: 6/4 [0]12:32:17.401 I/SASSTWG SBEngine: [onContainerPreDestroy] enter
2026-06-04T12:32:17.767Z [L0]: 6/4 [0]12:32:17.401 I/SASSTWG SBEngine: g_smartIndexBuff is null or saved!!! func:saveSmartContainer LINE:1247
2026-06-04T12:32:17.767Z [L0]: 6/4 [0]12:32:17.401 I/SASSTWG SBEngine: [onContainerPreDestroy] end
2026-06-04T12:32:17.768Z [L0]: 6/4 [0]12:32:17.401 D/sb_screen_adapter SBEngine: OnDataSave LauncherScreen
2026-06-04T12:32:17.770Z [L0]: Recv buf length = 1460, ofs = 0
2026-06-04T12:32:17.771Z [L0]: Recv buf length = 2920, ofs = 0
2026-06-04T12:32:17.772Z [L0]: Recv buf length = 4380, ofs = 0
2026-06-04T12:32:17.774Z [L0]: Recv buf length = 5840, ofs = 0
2026-06-04T12:32:17.774Z [L0]: Recv buf length = 7300, ofs = 0
2026-06-04T12:32:17.775Z [L0]: Recv buf length = 8760, ofs = 0
2026-06-04T12:32:17.776Z [L0]: Recv buf length = 10220, ofs = 0
2026-06-04T12:32:17.777Z [L0]: Recv buf length = 11680, ofs = 0
2026-06-04T12:32:17.777Z [L0]: Recv buf length = 13140, ofs = 0
2026-06-04T12:32:17.778Z [L0]: Recv buf length = 14600, ofs = 0
2026-06-04T12:32:17.779Z [L0]: Recv buf length = 16060, ofs = 0
2026-06-04T12:32:17.780Z [L0]: Recv buf length = 17520, ofs = 0
2026-06-04T12:32:17.781Z [L0]: Recv buf length = 18980, ofs = 0
2026-06-04T12:32:17.782Z [L0]: Recv buf length = 20440, ofs = 0
2026-06-04T12:32:17.783Z [L0]: Recv buf length = 21900, ofs = 0
2026-06-04T12:32:17.784Z [L0]: Recv buf length = 23360, ofs = 0
2026-06-04T12:32:17.785Z [L0]: Recv buf length = 24820, ofs = 0
2026-06-04T12:32:17.786Z [L0]: Recv buf length = 26280, ofs = 0
2026-06-04T12:32:17.787Z [L0]: Recv buf length = 27740, ofs = 0
2026-06-04T12:32:17.788Z [L0]: Recv buf length = 29200, ofs = 0
2026-06-04T12:32:17.789Z [L0]: Recv buf length = 30660, ofs = 0
2026-06-04T12:32:17.790Z [L0]: Recv buf length = 32120, ofs = 0
2026-06-04T12:32:17.791Z [L0]: Recv buf length = 33580, ofs = 0
2026-06-04T12:32:17.792Z [L0]: Recv buf length = 35040, ofs = 0
2026-06-04T12:32:17.793Z [L0]: Recv buf length = 36500, ofs = 0
2026-06-04T12:32:17.794Z [L0]: Recv buf length = 37960, ofs = 0
2026-06-04T12:32:17.795Z [L0]: Recv buf length = 39420, ofs = 0
2026-06-04T12:32:17.797Z [L0]: Recv buf length = 40880, ofs = 0
2026-06-04T12:32:17.798Z [L0]: Recv buf length = 42340, ofs = 0
2026-06-04T12:32:17.798Z [L0]: Recv buf length = 43800, ofs = 0
2026-06-04T12:32:17.799Z [L0]: Recv buf length = 45260, ofs = 0
2026-06-04T12:32:17.801Z [L0]: Recv buf length = 46720, ofs = 0
2026-06-04T12:32:17.801Z [L0]: Recv buf length = 48180, ofs = 0
2026-06-04T12:32:17.802Z [L0]: Recv buf length = 49640, ofs = 0
2026-06-04T12:32:17.802Z [L0]: Recv buf length = 51100, ofs = 0
2026-06-04T12:32:17.804Z [L0]: Recv buf length = 52560, ofs = 0
2026-06-04T12:32:17.805Z [L0]: Recv buf length = 54020, ofs = 0
2026-06-04T12:32:17.805Z [L0]: Recv buf length = 55480, ofs = 0
2026-06-04T12:32:17.806Z [L0]: Recv buf length = 56940, ofs = 0
2026-06-04T12:32:17.808Z [L0]: Recv buf length = 58400, ofs = 0
2026-06-04T12:32:17.808Z [L0]: Recv buf length = 59860, ofs = 0
2026-06-04T12:32:17.809Z [L0]: Recv buf length = 61320, ofs = 0
2026-06-04T12:32:17.810Z [L0]: Recv buf length = 62780, ofs = 0
2026-06-04T12:32:17.811Z [L0]: Recv buf length = 64240, ofs = 0
2026-06-04T12:32:17.812Z [L0]: Recv buf length = 65700, ofs = 0
2026-06-04T12:32:17.813Z [L0]: Recv buf length = 67160, ofs = 0
2026-06-04T12:32:17.813Z [L0]: Recv buf length = 68620, ofs = 0
2026-06-04T12:32:17.815Z [L0]: Recv buf length = 70080, ofs = 0
2026-06-04T12:32:17.816Z [L0]: Recv buf length = 71540, ofs = 0
2026-06-04T12:32:17.817Z [L0]: Recv buf length = 73000, ofs = 0
2026-06-04T12:32:17.818Z [L0]: Recv buf length = 74460, ofs = 0
2026-06-04T12:32:17.819Z [L0]: Recv buf length = 75920, ofs = 0
2026-06-04T12:32:17.820Z [L0]: Recv buf length = 77380, ofs = 0
2026-06-04T12:32:17.821Z [L0]: Recv buf length = 78840, ofs = 0
2026-06-04T12:32:17.822Z [L0]: Recv buf length = 80300, ofs = 0
2026-06-04T12:32:17.822Z [L0]: Recv buf length = 81760, ofs = 0
2026-06-04T12:32:17.823Z [L0]: Recv buf length = 83220, ofs = 0
2026-06-04T12:32:17.824Z [L0]: Recv buf length = 84680, ofs = 0
2026-06-04T12:32:17.826Z [L0]: Recv buf length = 86140, ofs = 0
2026-06-04T12:32:17.827Z [L0]: Recv buf length = 87600, ofs = 0
2026-06-04T12:32:17.828Z [L0]: Recv buf length = 89060, ofs = 0
2026-06-04T12:32:17.829Z [L0]: Recv buf length = 90520, ofs = 0
2026-06-04T12:32:17.830Z [L0]: Recv buf length = 91980, ofs = 0
2026-06-04T12:32:17.831Z [L0]: Recv buf length = 93440, ofs = 0
2026-06-04T12:32:17.832Z [L0]: Recv buf length = 94900, ofs = 0
2026-06-04T12:32:17.834Z [L0]: Recv buf length = 96360, ofs = 0
2026-06-04T12:32:17.835Z [L0]: Recv buf length = 97820, ofs = 0
2026-06-04T12:32:17.835Z [L0]: Recv buf length = 99280, ofs = 0
2026-06-04T12:32:17.836Z [L0]: Recv buf length = 100740, ofs = 0
2026-06-04T12:32:17.838Z [L0]: Recv buf length = 102200, ofs = 0
2026-06-04T12:32:17.838Z [L0]: Recv buf length = 103660, ofs = 0
2026-06-04T12:32:17.840Z [L0]: Recv buf length = 105120, ofs = 0
2026-06-04T12:32:17.841Z [L0]: Recv buf length = 106580, ofs = 0
2026-06-04T12:32:17.841Z [L0]: Recv buf length = 108040, ofs = 0
2026-06-04T12:32:17.842Z [L0]: Recv buf length = 109500, ofs = 0
2026-06-04T12:32:17.843Z [L0]: Recv buf length = 110960, ofs = 0
2026-06-04T12:32:17.844Z [L0]: Recv buf length = 112420, ofs = 0
2026-06-04T12:32:17.845Z [L0]: Recv buf length = 113880, ofs = 0
2026-06-04T12:32:17.846Z [L0]: Recv buf length = 115340, ofs = 0
2026-06-04T12:32:17.847Z [L0]: Recv buf length = 116800, ofs = 0
2026-06-04T12:32:17.849Z [L0]: Recv buf length = 118260, ofs = 0
2026-06-04T12:32:17.850Z [L0]: Recv buf length = 119720, ofs = 0
2026-06-04T12:32:17.851Z [L0]: Recv buf length = 121180, ofs = 0
2026-06-04T12:32:17.853Z [L0]: Recv buf length = 122640, ofs = 0
2026-06-04T12:32:17.853Z [L0]: Recv buf length = 124100, ofs = 0
2026-06-04T12:32:17.854Z [L0]: Recv buf length = 125560, ofs = 0
2026-06-04T12:32:17.856Z [L0]: Recv buf length = 127020, ofs = 0
2026-06-04T12:32:17.856Z [L0]: Recv buf length = 128480, ofs = 0
2026-06-04T12:32:17.857Z [L0]: Recv buf length = 129940, ofs = 0
2026-06-04T12:32:17.858Z [L0]: Recv buf length = 131400, ofs = 0
2026-06-04T12:32:17.859Z [L0]: Recv buf length = 132860, ofs = 0
2026-06-04T12:32:17.861Z [L0]: Recv buf length = 134320, ofs = 0
2026-06-04T12:32:17.862Z [L0]: Recv buf length = 135780, ofs = 0
2026-06-04T12:32:17.862Z [L0]: Recv buf length = 137240, ofs = 0
2026-06-04T12:32:17.863Z [L0]: Recv buf length = 138700, ofs = 0
2026-06-04T12:32:17.865Z [L0]: Recv buf length = 140160, ofs = 0
2026-06-04T12:32:17.866Z [L0]: Recv buf length = 141620, ofs = 0
2026-06-04T12:32:17.867Z [L0]: Recv buf length = 143080, ofs = 0
2026-06-04T12:32:17.871Z [L0]: Recv buf length = 144540, ofs = 0
2026-06-04T12:32:17.872Z [L0]: Recv buf length = 146000, ofs = 0
2026-06-04T12:32:17.873Z [L0]: Recv buf length = 147460, ofs = 0
2026-06-04T12:32:17.874Z [L0]: Recv buf length = 148920, ofs = 0
2026-06-04T12:32:17.875Z [L0]: Recv buf length = 150380, ofs = 0
2026-06-04T12:32:17.876Z [L0]: Recv buf length = 151840, ofs = 0
2026-06-04T12:32:17.877Z [L0]: Recv buf length = 153300, ofs = 0
2026-06-04T12:32:17.878Z [L0]: Recv buf length = 154760, ofs = 0
2026-06-04T12:32:17.879Z [L0]: Recv buf length = 156220, ofs = 0
2026-06-04T12:32:17.880Z [L0]: Recv buf length = 157680, ofs = 0
2026-06-04T12:32:17.881Z [L0]: Recv buf length = 159140, ofs = 0
2026-06-04T12:32:17.882Z [L0]: Recv buf length = 160600, ofs = 0
2026-06-04T12:32:17.883Z [L0]: Recv buf length = 162060, ofs = 0
2026-06-04T12:32:17.884Z [L0]: Recv buf length = 163520, ofs = 0
2026-06-04T12:32:17.885Z [L0]: Recv buf length = 164980, ofs = 0
2026-06-04T12:32:17.886Z [L0]: Recv buf length = 166440, ofs = 0
2026-06-04T12:32:17.886Z [L0]: Recv buf length = 167900, ofs = 0
2026-06-04T12:32:17.887Z [L0]: Recv buf length = 169360, ofs = 0
2026-06-04T12:32:17.888Z [L0]: Recv buf length = 170820, ofs = 0
2026-06-04T12:32:17.890Z [L0]: Recv buf length = 172280, ofs = 0
2026-06-04T12:32:17.891Z [L0]: Recv buf length = 173740, ofs = 0
2026-06-04T12:32:17.891Z [L0]: Recv buf length = 175200, ofs = 0
2026-06-04T12:32:17.892Z [L0]: Recv buf length = 176660, ofs = 0
2026-06-04T12:32:17.893Z [L0]: Recv buf length = 178120, ofs = 0
2026-06-04T12:32:17.894Z [L0]: Recv buf length = 179580, ofs = 0
2026-06-04T12:32:17.895Z [L0]: Recv buf length = 181040, ofs = 0
2026-06-04T12:32:17.895Z [L0]: Recv buf length = 182500, ofs = 0
2026-06-04T12:32:17.896Z [L0]: Recv buf length = 183960, ofs = 0
2026-06-04T12:32:17.897Z [L0]: Recv buf length = 185420, ofs = 0
2026-06-04T12:32:17.899Z [L0]: Recv buf length = 186880, ofs = 0
2026-06-04T12:32:17.900Z [L0]: Recv buf length = 188340, ofs = 0
2026-06-04T12:32:17.900Z [L0]: Recv buf length = 189800, ofs = 0
2026-06-04T12:32:17.901Z [L0]: Recv buf length = 191260, ofs = 0
2026-06-04T12:32:17.902Z [L0]: Recv buf length = 192720, ofs = 0
2026-06-04T12:32:17.904Z [L0]: Recv buf length = 194180, ofs = 0
2026-06-04T12:32:17.905Z [L0]: Recv buf length = 195640, ofs = 0
2026-06-04T12:32:17.905Z [L0]: Recv buf length = 197100, ofs = 0
2026-06-04T12:32:17.906Z [L0]: Recv buf length = 198560, ofs = 0
2026-06-04T12:32:17.906Z [L0]: Recv buf length = 200020, ofs = 0
2026-06-04T12:32:17.908Z [L0]: Recv buf length = 201480, ofs = 0
2026-06-04T12:32:17.910Z [L0]: Recv buf length = 202940, ofs = 0
2026-06-04T12:32:17.911Z [L0]: Recv buf length = 204400, ofs = 0
2026-06-04T12:32:17.911Z [L0]: Recv buf length = 205860, ofs = 0
2026-06-04T12:32:17.912Z [L0]: Recv buf length = 207320, ofs = 0
2026-06-04T12:32:17.913Z [L0]: Recv buf length = 208780, ofs = 0
2026-06-04T12:32:17.914Z [L0]: Recv buf length = 210240, ofs = 0
2026-06-04T12:32:17.914Z [L0]: Recv buf length = 211700, ofs = 0
2026-06-04T12:32:17.916Z [L0]: Recv buf length = 213160, ofs = 0
2026-06-04T12:32:17.917Z [L0]: Recv buf length = 214620, ofs = 0
2026-06-04T12:32:17.918Z [L0]: Recv buf length = 216080, ofs = 0
2026-06-04T12:32:17.919Z [L0]: Recv buf length = 217540, ofs = 0
2026-06-04T12:32:17.920Z [L0]: Recv buf length = 219000, ofs = 0
2026-06-04T12:32:17.921Z [L0]: Recv buf length = 220460, ofs = 0
2026-06-04T12:32:17.922Z [L0]: Recv buf length = 221920, ofs = 0
2026-06-04T12:32:17.923Z [L0]: Recv buf length = 223380, ofs = 0
2026-06-04T12:32:17.923Z [L0]: Recv buf length = 224840, ofs = 0
2026-06-04T12:32:17.924Z [L0]: Recv buf length = 226300, ofs = 0
2026-06-04T12:32:17.926Z [L0]: Recv buf length = 227760, ofs = 0
2026-06-04T12:32:17.926Z [L0]: Recv buf length = 229220, ofs = 0
2026-06-04T12:32:17.927Z [L0]: Recv buf length = 230680, ofs = 0
2026-06-04T12:32:17.928Z [L0]: Recv buf length = 232140, ofs = 0
2026-06-04T12:32:17.929Z [L0]: Recv buf length = 233600, ofs = 0
2026-06-04T12:32:17.930Z [L0]: Recv buf length = 235060, ofs = 0
2026-06-04T12:32:17.931Z [L0]: Recv buf length = 236520, ofs = 0
2026-06-04T12:32:17.932Z [L0]: Recv buf length = 237980, ofs = 0
2026-06-04T12:32:17.933Z [L0]: Recv buf length = 239440, ofs = 0
2026-06-04T12:32:17.936Z [L0]: Recv buf length = 240900, ofs = 0
2026-06-04T12:32:17.936Z [L0]: Recv buf length = 242360, ofs = 0
2026-06-04T12:32:17.937Z [L0]: Recv buf length = 243820, ofs = 0
2026-06-04T12:32:17.938Z [L0]: Recv buf length = 245280, ofs = 0
2026-06-04T12:32:17.940Z [L0]: Recv buf length = 246740, ofs = 0
2026-06-04T12:32:17.941Z [L0]: Recv buf length = 248200, ofs = 0
2026-06-04T12:32:17.941Z [L0]: Recv buf length = 249660, ofs = 0
2026-06-04T12:32:17.942Z [L0]: Recv buf length = 251120, ofs = 0
2026-06-04T12:32:17.943Z [L0]: Recv buf length = 252580, ofs = 0
2026-06-04T12:32:17.945Z [L0]: Recv buf length = 254040, ofs = 0
2026-06-04T12:32:17.945Z [L0]: Recv buf length = 255500, ofs = 0
2026-06-04T12:32:17.946Z [L0]: Recv buf length = 256960, ofs = 0
2026-06-04T12:32:17.947Z [L0]: Recv buf length = 258420, ofs = 0
2026-06-04T12:32:17.948Z [L0]: Recv buf length = 259880, ofs = 0
2026-06-04T12:32:17.949Z [L0]: Recv buf length = 261340, ofs = 0
2026-06-04T12:32:17.950Z [L0]: Recv buf length = 262800, ofs = 0
2026-06-04T12:32:17.951Z [L0]: Recv buf length = 264260, ofs = 0
2026-06-04T12:32:17.952Z [L0]: Recv buf length = 265720, ofs = 0
2026-06-04T12:32:17.953Z [L0]: Recv buf length = 267180, ofs = 0
2026-06-04T12:32:17.954Z [L0]: Recv buf length = 268640, ofs = 0
2026-06-04T12:32:17.955Z [L0]: Recv buf length = 270100, ofs = 0
2026-06-04T12:32:17.956Z [L0]: Recv buf length = 271560, ofs = 0
2026-06-04T12:32:17.957Z [L0]: Recv buf length = 273020, ofs = 0
2026-06-04T12:32:17.958Z [L0]: Recv buf length = 274480, ofs = 0
2026-06-04T12:32:17.959Z [L0]: Recv buf length = 275940, ofs = 0
2026-06-04T12:32:17.961Z [L0]: Recv buf length = 277400, ofs = 0
2026-06-04T12:32:17.961Z [L0]: Recv buf length = 278860, ofs = 0
2026-06-04T12:32:17.962Z [L0]: Recv buf length = 280320, ofs = 0
2026-06-04T12:32:17.964Z [L0]: Recv buf length = 281780, ofs = 0
2026-06-04T12:32:17.965Z [L0]: Recv buf length = 283240, ofs = 0
2026-06-04T12:32:17.966Z [L0]: Recv buf length = 284700, ofs = 0
2026-06-04T12:32:17.968Z [L0]: Recv buf length = 286160, ofs = 0
2026-06-04T12:32:17.970Z [L0]: Recv buf length = 287620, ofs = 0
2026-06-04T12:32:17.971Z [L0]: Recv buf length = 289080, ofs = 0
2026-06-04T12:32:17.971Z [L0]: Recv buf length = 290540, ofs = 0
2026-06-04T12:32:17.972Z [L0]: Recv buf length = 292000, ofs = 0
2026-06-04T12:32:17.975Z [L0]: Recv buf length = 293460, ofs = 0
2026-06-04T12:32:17.976Z [L0]: Recv buf length = 294920, ofs = 0
2026-06-04T12:32:17.977Z [L0]: Recv buf length = 296380, ofs = 0
2026-06-04T12:32:17.978Z [L0]: Recv buf length = 297840, ofs = 0
2026-06-04T12:32:17.980Z [L0]: Recv buf length = 299300, ofs = 0
2026-06-04T12:32:17.981Z [L0]: Recv buf length = 300760, ofs = 0
2026-06-04T12:32:17.983Z [L0]: Recv buf length = 302220, ofs = 0
2026-06-04T12:32:17.984Z [L0]: Recv buf length = 303680, ofs = 0
2026-06-04T12:32:17.985Z [L0]: Recv buf length = 305140, ofs = 0
2026-06-04T12:32:17.987Z [L0]: Recv buf length = 306600, ofs = 0
2026-06-04T12:32:17.988Z [L0]: Recv buf length = 308060, ofs = 0
2026-06-04T12:32:17.989Z [L0]: Recv buf length = 309520, ofs = 0
2026-06-04T12:32:17.990Z [L0]: Recv buf length = 310980, ofs = 0
2026-06-04T12:32:17.992Z [L0]: Recv buf length = 312440, ofs = 0
2026-06-04T12:32:17.993Z [L0]: Recv buf length = 313900, ofs = 0
2026-06-04T12:32:17.993Z [L0]: Recv buf length = 315360, ofs = 0
2026-06-04T12:32:17.994Z [L0]: Recv buf length = 316820, ofs = 0
2026-06-04T12:32:17.995Z [L0]: Recv buf length = 318280, ofs = 0
2026-06-04T12:32:17.996Z [L0]: Recv buf length = 319740, ofs = 0
2026-06-04T12:32:17.997Z [L0]: Recv buf length = 321200, ofs = 0
2026-06-04T12:32:17.998Z [L0]: Recv buf length = 322660, ofs = 0
2026-06-04T12:32:17.999Z [L0]: Recv buf length = 324120, ofs = 0
2026-06-04T12:32:18.000Z [L0]: Recv buf length = 325580, ofs = 0
2026-06-04T12:32:18.002Z [L0]: Recv buf length = 327040, ofs = 0
2026-06-04T12:32:18.003Z [L0]: Recv buf length = 328500, ofs = 0
2026-06-04T12:32:18.004Z [L0]: Recv buf length = 329960, ofs = 0
2026-06-04T12:32:18.005Z [L0]: Recv buf length = 331420, ofs = 0
2026-06-04T12:32:18.006Z [L0]: Recv buf length = 332880, ofs = 0
2026-06-04T12:32:18.007Z [L0]: Recv buf length = 334340, ofs = 0
2026-06-04T12:32:18.008Z [L0]: Recv buf length = 335800, ofs = 0
2026-06-04T12:32:18.009Z [L0]: Recv buf length = 337260, ofs = 0
2026-06-04T12:32:18.010Z [L0]: Recv buf length = 338720, ofs = 0
2026-06-04T12:32:18.011Z [L0]: Recv buf length = 340180, ofs = 0
2026-06-04T12:32:18.012Z [L0]: Recv buf length = 341640, ofs = 0
2026-06-04T12:32:18.013Z [L0]: Recv buf length = 343100, ofs = 0
2026-06-04T12:32:18.014Z [L0]: Recv buf length = 344560, ofs = 0
2026-06-04T12:32:18.016Z [L0]: Recv buf length = 346020, ofs = 0
2026-06-04T12:32:18.016Z [L0]: Recv buf length = 347480, ofs = 0
2026-06-04T12:32:18.017Z [L0]: Recv buf length = 348940, ofs = 0
2026-06-04T12:32:18.018Z [L0]: Recv buf length = 350400, ofs = 0
2026-06-04T12:32:18.019Z [L0]: Recv buf length = 351860, ofs = 0
2026-06-04T12:32:18.021Z [L0]: Recv buf length = 353320, ofs = 0
2026-06-04T12:32:18.022Z [L0]: Recv buf length = 354780, ofs = 0
2026-06-04T12:32:18.023Z [L0]: Recv buf length = 356240, ofs = 0
2026-06-04T12:32:18.023Z [L0]: Recv buf length = 357700, ofs = 0
2026-06-04T12:32:18.024Z [L0]: Recv buf length = 359160, ofs = 0
2026-06-04T12:32:18.025Z [L0]: Recv buf length = 360620, ofs = 0
2026-06-04T12:32:18.026Z [L0]: Recv buf length = 362080, ofs = 0
2026-06-04T12:32:18.027Z [L0]: Recv buf length = 363540, ofs = 0
2026-06-04T12:32:18.028Z [L0]: Recv buf length = 365000, ofs = 0
2026-06-04T12:32:18.029Z [L0]: Recv buf length = 366460, ofs = 0
2026-06-04T12:32:18.030Z [L0]: Recv buf length = 367920, ofs = 0
2026-06-04T12:32:18.031Z [L0]: Recv buf length = 369380, ofs = 0
2026-06-04T12:32:18.032Z [L0]: Recv buf length = 370840, ofs = 0
2026-06-04T12:32:18.033Z [L0]: Recv buf length = 372300, ofs = 0
2026-06-04T12:32:18.034Z [L0]: Recv buf length = 373760, ofs = 0
2026-06-04T12:32:18.035Z [L0]: Recv buf length = 375220, ofs = 0
2026-06-04T12:32:18.036Z [L0]: Recv buf length = 376680, ofs = 0
2026-06-04T12:32:18.037Z [L0]: Recv buf length = 378140, ofs = 0
2026-06-04T12:32:18.039Z [L0]: Recv buf length = 379600, ofs = 0
2026-06-04T12:32:18.039Z [L0]: Recv buf length = 381060, ofs = 0
2026-06-04T12:32:18.040Z [L0]: Recv buf length = 382520, ofs = 0
2026-06-04T12:32:18.041Z [L0]: Recv buf length = 383980, ofs = 0
2026-06-04T12:32:18.042Z [L0]: Recv buf length = 385440, ofs = 0
2026-06-04T12:32:18.043Z [L0]: Recv buf length = 386900, ofs = 0
2026-06-04T12:32:18.044Z [L0]: Recv buf length = 388360, ofs = 0
2026-06-04T12:32:18.046Z [L0]: Recv buf length = 389820, ofs = 0
2026-06-04T12:32:18.047Z [L0]: Recv buf length = 391280, ofs = 0
2026-06-04T12:32:18.048Z [L0]: Recv buf length = 392740, ofs = 0
2026-06-04T12:32:18.049Z [L0]: Recv buf length = 394200, ofs = 0
2026-06-04T12:32:18.050Z [L0]: Recv buf length = 395660, ofs = 0
2026-06-04T12:32:18.052Z [L0]: Recv buf length = 397120, ofs = 0
2026-06-04T12:32:18.052Z [L0]: Recv buf length = 398580, ofs = 0
2026-06-04T12:32:18.053Z [L0]: Recv buf length = 400040, ofs = 0
2026-06-04T12:32:18.054Z [L0]: Recv buf length = 401500, ofs = 0
2026-06-04T12:32:18.055Z [L0]: Recv buf length = 402960, ofs = 0
2026-06-04T12:32:18.056Z [L0]: Recv buf length = 404420, ofs = 0
2026-06-04T12:32:18.057Z [L0]: Recv buf length = 405880, ofs = 0
2026-06-04T12:32:18.059Z [L0]: Recv buf length = 407340, ofs = 0
2026-06-04T12:32:18.060Z [L0]: Recv buf length = 408800, ofs = 0
2026-06-04T12:32:18.061Z [L0]: Recv buf length = 410260, ofs = 0
2026-06-04T12:32:18.061Z [L0]: Recv buf length = 411720, ofs = 0
2026-06-04T12:32:18.062Z [L0]: Recv buf length = 413180, ofs = 0
2026-06-04T12:32:18.063Z [L0]: Recv buf length = 414640, ofs = 0
2026-06-04T12:32:18.065Z [L0]: Recv buf length = 416100, ofs = 0
2026-06-04T12:32:18.066Z [L0]: Recv buf length = 417560, ofs = 0
2026-06-04T12:32:18.066Z [L0]: Recv buf length = 419020, ofs = 0
2026-06-04T12:32:18.067Z [L0]: Recv buf length = 420480, ofs = 0
2026-06-04T12:32:18.068Z [L0]: Recv buf length = 421940, ofs = 0
2026-06-04T12:32:18.069Z [L0]: Recv buf length = 423400, ofs = 0
2026-06-04T12:32:18.070Z [L0]: Recv buf length = 424860, ofs = 0
2026-06-04T12:32:18.071Z [L0]: Recv buf length = 426320, ofs = 0
2026-06-04T12:32:18.072Z [L0]: Recv buf length = 427780, ofs = 0
2026-06-04T12:32:18.073Z [L0]: Recv buf length = 429240, ofs = 0
2026-06-04T12:32:18.074Z [L0]: Recv buf length = 430700, ofs = 0
2026-06-04T12:32:18.075Z [L0]: Recv buf length = 432160, ofs = 0
2026-06-04T12:32:18.075Z [L0]: Recv buf length = 433620, ofs = 0
2026-06-04T12:32:18.076Z [L0]: Recv buf length = 435080, ofs = 0
2026-06-04T12:32:18.077Z [L0]: Recv buf length = 436540, ofs = 0
2026-06-04T12:32:18.078Z [L0]: Recv buf length = 438000, ofs = 0
2026-06-04T12:32:18.079Z [L0]: Recv buf length = 439460, ofs = 0
2026-06-04T12:32:18.080Z [L0]: Recv buf length = 440920, ofs = 0
2026-06-04T12:32:18.081Z [L0]: Recv buf length = 442380, ofs = 0
2026-06-04T12:32:18.082Z [L0]: Recv buf length = 443840, ofs = 0
2026-06-04T12:32:18.083Z [L0]: Recv buf length = 445300, ofs = 0
2026-06-04T12:32:18.084Z [L0]: Recv buf length = 446760, ofs = 0
2026-06-04T12:32:18.085Z [L0]: Recv buf length = 448220, ofs = 0
2026-06-04T12:32:18.087Z [L0]: Recv buf length = 449680, ofs = 0
2026-06-04T12:32:18.087Z [L0]: Recv buf length = 451140, ofs = 0
2026-06-04T12:32:18.088Z [L0]: Recv buf length = 452600, ofs = 0
2026-06-04T12:32:18.088Z [L0]: Recv buf length = 454060, ofs = 0
2026-06-04T12:32:18.090Z [L0]: Recv buf length = 455520, ofs = 0
2026-06-04T12:32:18.091Z [L0]: Recv buf length = 456980, ofs = 0
2026-06-04T12:32:18.092Z [L0]: Recv buf length = 458440, ofs = 0
2026-06-04T12:32:18.093Z [L0]: Recv buf length = 459900, ofs = 0
2026-06-04T12:32:18.094Z [L0]: Recv buf length = 461360, ofs = 0
2026-06-04T12:32:18.095Z [L0]: Recv buf length = 462820, ofs = 0
2026-06-04T12:32:18.096Z [L0]: Recv buf length = 464280, ofs = 0
2026-06-04T12:32:18.097Z [L0]: Recv buf length = 465740, ofs = 0
2026-06-04T12:32:18.098Z [L0]: Recv buf length = 467200, ofs = 0
2026-06-04T12:32:18.099Z [L0]: Recv buf length = 468660, ofs = 0
2026-06-04T12:32:18.100Z [L0]: Recv buf length = 470120, ofs = 0
2026-06-04T12:32:18.100Z [L0]: Recv buf length = 471580, ofs = 0
2026-06-04T12:32:18.101Z [L0]: Recv buf length = 473040, ofs = 0
2026-06-04T12:32:18.102Z [L0]: Recv buf length = 474500, ofs = 0
2026-06-04T12:32:18.103Z [L0]: Recv buf length = 475960, ofs = 0
2026-06-04T12:32:18.104Z [L0]: Recv buf length = 477420, ofs = 0
2026-06-04T12:32:18.105Z [L0]: Recv buf length = 478880, ofs = 0
2026-06-04T12:32:18.106Z [L0]: Recv buf length = 480340, ofs = 0
2026-06-04T12:32:18.107Z [L0]: Recv buf length = 481800, ofs = 0
2026-06-04T12:32:18.108Z [L0]: Recv buf length = 483260, ofs = 0
2026-06-04T12:32:18.109Z [L0]: Recv buf length = 484720, ofs = 0
2026-06-04T12:32:18.111Z [L0]: Recv buf length = 486180, ofs = 0
2026-06-04T12:32:18.111Z [L0]: Recv buf length = 487640, ofs = 0
2026-06-04T12:32:18.112Z [L0]: Recv buf length = 489100, ofs = 0
2026-06-04T12:32:18.113Z [L0]: Recv buf length = 490560, ofs = 0
2026-06-04T12:32:18.114Z [L0]: Recv buf length = 492020, ofs = 0
2026-06-04T12:32:18.115Z [L0]: Recv buf length = 493480, ofs = 0
2026-06-04T12:32:18.116Z [L0]: Recv buf length = 494940, ofs = 0
2026-06-04T12:32:18.117Z [L0]: Recv buf length = 496400, ofs = 0
2026-06-04T12:32:18.118Z [L0]: Recv buf length = 497860, ofs = 0
2026-06-04T12:32:18.119Z [L0]: Recv buf length = 499320, ofs = 0
2026-06-04T12:32:18.120Z [L0]: Recv buf length = 500780, ofs = 0
2026-06-04T12:32:18.121Z [L0]: Recv buf length = 502240, ofs = 0
2026-06-04T12:32:18.122Z [L0]: Recv buf length = 503700, ofs = 0
2026-06-04T12:32:18.122Z [L0]: Recv buf length = 505160, ofs = 0
2026-06-04T12:32:18.123Z [L0]: Recv buf length = 506620, ofs = 0
2026-06-04T12:32:18.125Z [L0]: Recv buf length = 508080, ofs = 0
2026-06-04T12:32:18.126Z [L0]: Recv buf length = 509540, ofs = 0
2026-06-04T12:32:18.127Z [L0]: Recv buf length = 511000, ofs = 0
2026-06-04T12:32:18.128Z [L0]: Recv buf length = 512460, ofs = 0
2026-06-04T12:32:18.129Z [L0]: Recv buf length = 513920, ofs = 0
2026-06-04T12:32:18.129Z [L0]: Recv buf length = 515380, ofs = 0
2026-06-04T12:32:18.130Z [L0]: Recv buf length = 516840, ofs = 0
2026-06-04T12:32:18.131Z [L0]: Recv buf length = 518300, ofs = 0
2026-06-04T12:32:18.133Z [L0]: Recv buf length = 519760, ofs = 0
2026-06-04T12:32:18.134Z [L0]: Recv buf length = 521220, ofs = 0
2026-06-04T12:32:18.134Z [L0]: Recv buf length = 522680, ofs = 0
2026-06-04T12:32:18.136Z [L0]: Recv buf length = 524140, ofs = 0
2026-06-04T12:32:18.137Z [L0]: Recv buf length = 525600, ofs = 0
2026-06-04T12:32:18.138Z [L0]: Recv buf length = 527060, ofs = 0
2026-06-04T12:32:18.138Z [L0]: Recv buf length = 528520, ofs = 0
2026-06-04T12:32:18.139Z [L0]: Recv buf length = 529980, ofs = 0
2026-06-04T12:32:18.141Z [L0]: Recv buf length = 531440, ofs = 0
2026-06-04T12:32:18.142Z [L0]: Recv buf length = 532900, ofs = 0
2026-06-04T12:32:18.143Z [L0]: Recv buf length = 534360, ofs = 0
2026-06-04T12:32:18.144Z [L0]: Recv buf length = 535820, ofs = 0
2026-06-04T12:32:18.146Z [L0]: Recv buf length = 537280, ofs = 0
2026-06-04T12:32:18.147Z [L0]: Recv buf length = 538740, ofs = 0
2026-06-04T12:32:18.149Z [L0]: Recv buf length = 540200, ofs = 0
2026-06-04T12:32:18.149Z [L0]: Recv buf length = 541660, ofs = 0
2026-06-04T12:32:18.150Z [L0]: Recv buf length = 543120, ofs = 0
2026-06-04T12:32:18.151Z [L0]: Recv buf length = 544580, ofs = 0
2026-06-04T12:32:18.153Z [L0]: Recv buf length = 546040, ofs = 0
2026-06-04T12:32:18.153Z [L0]: Recv buf length = 547500, ofs = 0
2026-06-04T12:32:18.154Z [L0]: Recv buf length = 548960, ofs = 0
2026-06-04T12:32:18.156Z [L0]: Recv buf length = 550420, ofs = 0
2026-06-04T12:32:18.156Z [L0]: Recv buf length = 551880, ofs = 0
2026-06-04T12:32:18.157Z [L0]: Recv buf length = 553340, ofs = 0
2026-06-04T12:32:18.158Z [L0]: Recv buf length = 554800, ofs = 0
2026-06-04T12:32:18.159Z [L0]: Recv buf length = 556260, ofs = 0
2026-06-04T12:32:18.159Z [L0]: Recv buf length = 557720, ofs = 0
2026-06-04T12:32:18.160Z [L0]: Recv buf length = 559180, ofs = 0
2026-06-04T12:32:18.161Z [L0]: Recv buf length = 560640, ofs = 0
2026-06-04T12:32:18.162Z [L0]: Recv buf length = 562100, ofs = 0
2026-06-04T12:32:18.163Z [L0]: Recv buf length = 563560, ofs = 0
2026-06-04T12:32:18.164Z [L0]: Recv buf length = 565020, ofs = 0
2026-06-04T12:32:18.165Z [L0]: Recv buf length = 566480, ofs = 0
2026-06-04T12:32:18.166Z [L0]: Recv buf length = 567940, ofs = 0
2026-06-04T12:32:18.167Z [L0]: Recv buf length = 569400, ofs = 0
2026-06-04T12:32:18.168Z [L0]: Recv buf length = 570860, ofs = 0
2026-06-04T12:32:18.169Z [L0]: Recv buf length = 572320, ofs = 0
2026-06-04T12:32:18.169Z [L0]: Recv buf length = 573780, ofs = 0
2026-06-04T12:32:18.170Z [L0]: Recv buf length = 575240, ofs = 0
2026-06-04T12:32:18.171Z [L0]: Recv buf length = 576700, ofs = 0
2026-06-04T12:32:18.171Z [L0]: Recv buf length = 578160, ofs = 0
2026-06-04T12:32:18.173Z [L0]: Recv buf length = 579620, ofs = 0
2026-06-04T12:32:18.173Z [L0]: Recv buf length = 581080, ofs = 0
2026-06-04T12:32:18.174Z [L0]: Recv buf length = 582540, ofs = 0
2026-06-04T12:32:18.175Z [L0]: Recv buf length = 584000, ofs = 0
2026-06-04T12:32:18.176Z [L0]: Recv buf length = 585460, ofs = 0
2026-06-04T12:32:18.177Z [L0]: Recv buf length = 586920, ofs = 0
2026-06-04T12:32:18.178Z [L0]: Recv buf length = 588380, ofs = 0
2026-06-04T12:32:18.179Z [L0]: Recv buf length = 589840, ofs = 0
2026-06-04T12:32:18.179Z [L0]: Recv buf length = 591300, ofs = 0
2026-06-04T12:32:18.180Z [L0]: Recv buf length = 592760, ofs = 0
2026-06-04T12:32:18.181Z [L0]: Recv buf length = 594220, ofs = 0
2026-06-04T12:32:18.183Z [L0]: Recv buf length = 595680, ofs = 0
2026-06-04T12:32:18.184Z [L0]: Recv buf length = 597140, ofs = 0
2026-06-04T12:32:18.184Z [L0]: Recv buf length = 598600, ofs = 0
2026-06-04T12:32:18.185Z [L0]: Recv buf length = 600060, ofs = 0
2026-06-04T12:32:18.187Z [L0]: Recv buf length = 601520, ofs = 0
2026-06-04T12:32:18.189Z [L0]: Recv buf length = 602980, ofs = 0
2026-06-04T12:32:18.190Z [L0]: Recv buf length = 604440, ofs = 0
2026-06-04T12:32:18.192Z [L0]: Recv buf length = 605900, ofs = 0
2026-06-04T12:32:18.193Z [L0]: Recv buf length = 607360, ofs = 0
2026-06-04T12:32:18.194Z [L0]: Recv buf length = 608820, ofs = 0
2026-06-04T12:32:18.195Z [L0]: Recv buf length = 610280, ofs = 0
2026-06-04T12:32:18.197Z [L0]: Recv buf length = 611740, ofs = 0
2026-06-04T12:32:18.197Z [L0]: Recv buf length = 613200, ofs = 0
2026-06-04T12:32:18.198Z [L0]: Recv buf length = 614660, ofs = 0
2026-06-04T12:32:18.199Z [L0]: Recv buf length = 616120, ofs = 0
2026-06-04T12:32:18.200Z [L0]: Recv buf length = 617580, ofs = 0
2026-06-04T12:32:18.201Z [L0]: Recv buf length = 619040, ofs = 0
2026-06-04T12:32:18.202Z [L0]: Recv buf length = 620500, ofs = 0
2026-06-04T12:32:18.204Z [L0]: Recv buf length = 621960, ofs = 0
2026-06-04T12:32:18.205Z [L0]: Recv buf length = 623420, ofs = 0
2026-06-04T12:32:18.205Z [L0]: Recv buf length = 624880, ofs = 0
2026-06-04T12:32:18.207Z [L0]: Recv buf length = 626340, ofs = 0
2026-06-04T12:32:18.208Z [L0]: Recv buf length = 627800, ofs = 0
2026-06-04T12:32:18.209Z [L0]: Recv buf length = 629260, ofs = 0
2026-06-04T12:32:18.210Z [L0]: Recv buf length = 630720, ofs = 0
2026-06-04T12:32:18.211Z [L0]: Recv buf length = 632180, ofs = 0
2026-06-04T12:32:18.212Z [L0]: Recv buf length = 633640, ofs = 0
2026-06-04T12:32:18.213Z [L0]: Recv buf length = 635100, ofs = 0
2026-06-04T12:32:18.213Z [L0]: Recv buf length = 636560, ofs = 0
2026-06-04T12:32:18.215Z [L0]: Recv buf length = 638020, ofs = 0
2026-06-04T12:32:18.216Z [L0]: Recv buf length = 639480, ofs = 0
2026-06-04T12:32:18.217Z [L0]: Recv buf length = 640940, ofs = 0
2026-06-04T12:32:18.217Z [L0]: Recv buf length = 642400, ofs = 0
2026-06-04T12:32:18.218Z [L0]: Recv buf length = 643860, ofs = 0
2026-06-04T12:32:18.219Z [L0]: Recv buf length = 645320, ofs = 0
2026-06-04T12:32:18.220Z [L0]: Recv buf length = 646780, ofs = 0
2026-06-04T12:32:18.222Z [L0]: Recv buf length = 648240, ofs = 0
2026-06-04T12:32:18.222Z [L0]: Recv buf length = 649700, ofs = 0
2026-06-04T12:32:18.223Z [L0]: Recv buf length = 651160, ofs = 0
2026-06-04T12:32:18.224Z [L0]: Recv buf length = 652620, ofs = 0
2026-06-04T12:32:18.225Z [L0]: Recv buf length = 654080, ofs = 0
2026-06-04T12:32:18.227Z [L0]: Recv buf length = 655540, ofs = 0
2026-06-04T12:32:18.228Z [L0]: Recv buf length = 657000, ofs = 0
2026-06-04T12:32:18.229Z [L0]: Recv buf length = 658460, ofs = 0
2026-06-04T12:32:18.230Z [L0]: Recv buf length = 659920, ofs = 0
2026-06-04T12:32:18.231Z [L0]: Recv buf length = 661380, ofs = 0
2026-06-04T12:32:18.232Z [L0]: Recv buf length = 662840, ofs = 0
2026-06-04T12:32:18.233Z [L0]: Recv buf length = 664300, ofs = 0
2026-06-04T12:32:18.234Z [L0]: Recv buf length = 665760, ofs = 0
2026-06-04T12:32:18.234Z [L0]: Recv buf length = 667220, ofs = 0
2026-06-04T12:32:18.235Z [L0]: Recv buf length = 668680, ofs = 0
2026-06-04T12:32:18.237Z [L0]: Recv buf length = 670140, ofs = 0
2026-06-04T12:32:18.238Z [L0]: Recv buf length = 671600, ofs = 0
2026-06-04T12:32:18.239Z [L0]: Recv buf length = 673060, ofs = 0
2026-06-04T12:32:18.240Z [L0]: Recv buf length = 674520, ofs = 0
2026-06-04T12:32:18.241Z [L0]: Recv buf length = 675980, ofs = 0
2026-06-04T12:32:18.242Z [L0]: Recv buf length = 677440, ofs = 0
2026-06-04T12:32:18.243Z [L0]: Recv buf length = 678900, ofs = 0
2026-06-04T12:32:18.244Z [L0]: Recv buf length = 680360, ofs = 0
2026-06-04T12:32:18.245Z [L0]: Recv buf length = 681820, ofs = 0
2026-06-04T12:32:18.247Z [L0]: Recv buf length = 683280, ofs = 0
2026-06-04T12:32:18.247Z [L0]: Recv buf length = 684740, ofs = 0
2026-06-04T12:32:18.248Z [L0]: Recv buf length = 686200, ofs = 0
2026-06-04T12:32:18.249Z [L0]: Recv buf length = 687660, ofs = 0
2026-06-04T12:32:18.250Z [L0]: Recv buf length = 689120, ofs = 0
2026-06-04T12:32:18.251Z [L0]: Recv buf length = 690580, ofs = 0
2026-06-04T12:32:18.252Z [L0]: Recv buf length = 692040, ofs = 0
2026-06-04T12:32:18.253Z [L0]: Recv buf length = 693500, ofs = 0
2026-06-04T12:32:18.254Z [L0]: Recv buf length = 694960, ofs = 0
2026-06-04T12:32:18.255Z [L0]: Recv buf length = 696420, ofs = 0
2026-06-04T12:32:18.256Z [L0]: Recv buf length = 697880, ofs = 0
2026-06-04T12:32:18.257Z [L0]: Recv buf length = 699340, ofs = 0
2026-06-04T12:32:18.257Z [L0]: Recv buf length = 700800, ofs = 0
2026-06-04T12:32:18.258Z [L0]: Recv buf length = 702260, ofs = 0
2026-06-04T12:32:18.259Z [L0]: Recv buf length = 703720, ofs = 0
2026-06-04T12:32:18.260Z [L0]: Recv buf length = 705180, ofs = 0
2026-06-04T12:32:18.261Z [L0]: Recv buf length = 706640, ofs = 0
2026-06-04T12:32:18.262Z [L0]: Recv buf length = 708100, ofs = 0
2026-06-04T12:32:18.263Z [L0]: Recv buf length = 709560, ofs = 0
2026-06-04T12:32:18.265Z [L0]: Recv buf length = 711020, ofs = 0
2026-06-04T12:32:18.266Z [L0]: Recv buf length = 712480, ofs = 0
2026-06-04T12:32:18.266Z [L0]: Recv buf length = 713940, ofs = 0
2026-06-04T12:32:18.268Z [L0]: Recv buf length = 715400, ofs = 0
2026-06-04T12:32:18.269Z [L0]: Recv buf length = 716860, ofs = 0
2026-06-04T12:32:18.270Z [L0]: Recv buf length = 718320, ofs = 0
2026-06-04T12:32:18.271Z [L0]: Recv buf length = 719780, ofs = 0
2026-06-04T12:32:18.272Z [L0]: Recv buf length = 721240, ofs = 0
2026-06-04T12:32:18.273Z [L0]: Recv buf length = 722700, ofs = 0
2026-06-04T12:32:18.274Z [L0]: Recv buf length = 724160, ofs = 0
2026-06-04T12:32:18.275Z [L0]: Recv buf length = 725620, ofs = 0
2026-06-04T12:32:18.277Z [L0]: Recv buf length = 727080, ofs = 0
2026-06-04T12:32:18.278Z [L0]: Recv buf length = 728540, ofs = 0
2026-06-04T12:32:18.278Z [L0]: Recv buf length = 730000, ofs = 0
2026-06-04T12:32:18.280Z [L0]: Recv buf length = 731460, ofs = 0
2026-06-04T12:32:18.281Z [L0]: Recv buf length = 732920, ofs = 0
2026-06-04T12:32:18.282Z [L0]: Recv buf length = 734380, ofs = 0
2026-06-04T12:32:18.283Z [L0]: Recv buf length = 735840, ofs = 0
2026-06-04T12:32:18.284Z [L0]: Recv buf length = 737300, ofs = 0
2026-06-04T12:32:18.285Z [L0]: Recv buf length = 738760, ofs = 0
2026-06-04T12:32:18.287Z [L0]: Recv buf length = 740220, ofs = 0
2026-06-04T12:32:18.287Z [L0]: Recv buf length = 741680, ofs = 0
2026-06-04T12:32:18.288Z [L0]: Recv buf length = 743140, ofs = 0
2026-06-04T12:32:18.289Z [L0]: Recv buf length = 744600, ofs = 0
2026-06-04T12:32:18.290Z [L0]: Recv buf length = 746060, ofs = 0
2026-06-04T12:32:18.291Z [L0]: Recv buf length = 747520, ofs = 0
2026-06-04T12:32:18.292Z [L0]: Recv buf length = 748980, ofs = 0
2026-06-04T12:32:18.293Z [L0]: Recv buf length = 750440, ofs = 0
2026-06-04T12:32:18.295Z [L0]: Recv buf length = 751900, ofs = 0
2026-06-04T12:32:18.295Z [L0]: Recv buf length = 753360, ofs = 0
2026-06-04T12:32:18.296Z [L0]: Recv buf length = 754820, ofs = 0
2026-06-04T12:32:19.270Z [L0]: Recv buf length = 756280, ofs = 06/4 [0]12:32:19.174 I/quickjs-libc SBEngine: app on destroy invoke 
2026-06-04T12:32:19.308Z [L0]: 6/4 [0]12:32:19.212 I/quickjs-libc SBEngine: current filepath: /app.js 
2026-06-04T12:32:19.321Z [L0]: 6/4 [0]12:32:19.225 I/quickjs-libc SBEngine: app on create invoke 
2026-06-04T12:32:19.338Z [L0]: 6/4 [0]12:32:19.242 I/quickjs-libc SBEngine: ui pause 
2026-06-04T12:32:21.795Z [L0]: 6/4 [0]12:32:21.699 I/quickjs-libc SBEngine: current filepath: /page/home/home.js 
2026-06-04T12:32:23.380Z [L0]: 6/4 [0]12:32:23.284 I/quickjs-libc SBEngine: current filepath: /page/select/select.js 
2026-06-04T12:32:24.260Z [L0]: 6/4 [0]12:32:24.164 I/quickjs-libc SBEngine: current filepath: /page/home/home.js 
2026-06-04T12:32:26.231Z [L0]: 6/4 [0]12:32:26.135 I/quickjs-libc SBEngine: app on destroy invoke 
2026-06-04T12:32:26.270Z [L0]: 6/4 [0]12:32:26.174 I/quickjs-libc SBEngine: current filepath: /app.js 
2026-06-04T12:32:26.284Z [L0]: 6/4 [0]12:32:26.188 I/quickjs-libc SBEngine: app on create invoke 
2026-06-04T12:32:26.423Z [L0]: 6/4 [0]12:32:26.327 I/quickjs-libc SBEngine: current filepath: /page/select/select.js 
2026-06-04T12:32:26.711Z [L0]: 6/4 [0]12:32:26.615 I/quickjs-libc SBEngine: ui pause 
2026-06-04T12:32:28.778Z [L0]: 6/4 [0]12:32:28.682 I/quickjs-libc SBEngine: app on destroy invoke 
2026-06-04T12:32:28.880Z [L0]: 6/4 [0]12:32:28.785 I/quickjs-libc SBEngine: current filepath: /app.js 
2026-06-04T12:32:28.895Z [L0]: 6/4 [0]12:32:28.799 I/quickjs-libc SBEngine: app on create invoke 
2026-06-04T12:32:28.912Z [L0]: 6/4 [0]12:32:28.816 I/quickjs-libc SBEngine: current filepath: /page/home/home.js 
2026-06-04T12:32:28.941Z [L0]: 5 I/quickjs-libc SBEngine: ui pause 
2026-06-04T12:32:29.976Z [L0]: 6/4 [0]12:32:29.879 I/quickjs-libc SBEngine: current filepath: /page/home/home.js 
2026-06-04T12:32:30.551Z [L0]: 6/4 [0]12:32:30.455 I/quickjs-libc SBEngine: current filepath: /page/home/home.js 
2026-06-04T12:32:31.820Z [L0]: 6/4 [0]12:32:31.723 I/quickjs-libc SBEngine: current filepath: /page/select/select.js 
2026-06-04T12:32:33.805Z [L0]: 6/4 [0]12:32:33.709 I/quickjs-libc SBEngine: app on destroy invoke 
2026-06-04T12:32:33.872Z [L0]: 6/4 [0]12:32:33.775 I/quickjs-libc SBEngine: current filepath: /app.js 
2026-06-04T12:32:33.888Z [L0]: 6/4 [0]12:32:33.792 I/quickjs-libc SBEngine: app on create invoke 
2026-06-04T12:32:33.937Z [L0]: 0m6/4 [0]12:32:33.808 I/quickjs-libc SBEngine: current filepath: /page/home/home.js6/4 [0]12:32:33.841 I/quickjs-libc SBEngine: ui pause 
2026-06-04T12:32:35.859Z [L0]: 6/4 [0]12:32:35.763 I/quickjs-libc SBEngine: app on destroy invoke 
2026-06-04T12:32:35.897Z [L0]: 6/4 [0]12:32:35.801 I/quickjs-libc SBEngine: current filepath: /app.js 
2026-06-04T12:32:35.913Z [L0]: 6/4 [0]12:32:35.817 I/quickjs-libc SBEngine: app on create invoke 
2026-06-04T12:32:35.931Z [L0]: 6/4 [0]12:32:356/4 [0]12:32:35.835 I/quickjs-libc SBEngine: current filepath: /page/home/home.js 
2026-06-04T12:32:35.966Z [L0]: sensor server 
2026-06-04T12:32:35.968Z [L0]: 6/4 [0]12:32:35.867 I/wf_simluator_data SBEngine: StData_unregisterListner: use current thread
2026-06-04T12:32:35.970Z [L0]: 6/4 [0]12:32:35.867 I/wf_simluator_data SBEngine: listener[0x10163699] un register successfully
2026-06-04T12:32:35.971Z [L0]: 6/4 [0]12:32:35.867 D/calorie_data_manager SBEngine: _un_regist unregist sensor server 
2026-06-04T12:32:35.972Z [L0]: 6/4 [0]12:32:35.868 I/wf_simluator_data SBEngine: StData_unregisterListner: use current thread
2026-06-04T12:32:35.974Z [L0]: 6/4 [0]12:32:35.868 I/wf_simluator_data SBEngine: listener[0x10163d1d] un register successfully
2026-06-04T12:32:35.975Z [L0]: 6/4 [0]12:32:35.868 E/MessageManger SBEngine: error listener 0x10169dd1
2026-06-04T12:32:35.976Z [L0]: 6/4 [0]12:32:35.869 I/quickjs-libc SBEngine: ui pause 
2026-06-04T12:32:35.978Z [L0]: 6/4 [0]12:32:35.869 D/js_sensor SBEngine: _pause_resume_process: sensor id: 0
2026-06-04T12:32:35.979Z [L0]: 6/4 [0]12:32:35.869 I/SYS_STAT_PT SBEngine: System_unregisterSPListner: use current thread
2026-06-04T12:32:35.980Z [L0]: 6/4 [0]12:32:35.869 I/widget_time_image SBEngine: touch JSW_EO_TIME_UPDATE 1
2026-06-04T12:32:35.980Z [L0]: 6/4 [0]12:32:35.870 D/timer_data_manager SBEngine: _regist timeConfig.repeatTime 800
2026-06-04T12:32:35.981Z [L0]: 6/4 [0]12:32:35.870 E/MessageManger SBEngine: error listener 0x10169dd1
2026-06-04T12:32:35.982Z [L0]: 6/4 [0]12:32:35.870 D/wf_js_layer SBEngine: updateDataOnInactive end
2026-06-04T12:32:35.983Z [L0]: 6/4 [0]12:32:35.870 D/LANCH SBEngine: launcher onScreenPause
2026-06-04T12:32:35.985Z [L0]: 6/4 [0]12:32:35.870 D/LANCH SBEngine: launcher onScreenPreDestory
2026-06-04T12:32:35.986Z [L0]: 6/4 [0]12:32:35.870 I/SASSTWG SBEngine: [onContainerPreDestroy] enter
2026-06-04T12:32:35.988Z [L0]: 6/4 [0]12:32:35.870 I/SASSTWG SBEngine: g_smartIndexBuff is null or saved!!! func:saveSmartContainer LINE:1247
2026-06-04T12:32:37.884Z [L0]: 6/4 [0]12:32:37.789 I/quickjs-libc SBEngine: app on destroy invoke 
2026-06-04T12:32:37.930Z [L0]: 6/4 [0]12:32:37.834 I/quickjs-libc SBEngine: current filepath: /app.js 
2026-06-04T12:32:37.945Z [L0]: 6/4 [0]12:32:37.849 I/quickjs-libc SBEngine: app on create invoke 
2026-06-04T12:32:37.962Z [L0]: 6/4 [0]12:32:37.866 I/quickjs-libc SBEngine: current filepath: /page/home/home.js 
2026-06-04T12:32:39.933Z [L0]: 6/4 [0]12:32:39.837 I/quickjs-libc SBEngine: app on destroy invoke 
2026-06-04T12:32:39.997Z [L0]: 6/4 [0]12:32:39.901 I/quickjs-libc SBEngine: current filepath: /app.js 
2026-06-04T12:32:40.026Z [L0]: 6/4 [0]12:32:39.930 I/quickjs-libc SBEngine: app on create invoke 
2026-06-04T12:32:40.073Z [L0]: 66/4 [0]12:32:39.977 I/quickjs-libc SBEngine: current filepath: /page/home/home.js 
2026-06-04T12:32:40.690Z [L0]: 6/4 [0]12:32:40.594 I/quickjs-libc SBEngine: current filepath: /page/home/home.js 
2026-06-04T12:32:42.566Z [L0]: 6/4 [0]12:32:42.346 D/CLayout SBEngine: Load layer list_layer
2026-06-04T12:32:42.567Z [L0]: 6/4 [0]12:32:42.346 D/CLayout SBEngine: Creating object 0x81d87970 in 0,800,493,1039 id 201(NotificationLayer.infinite_20)
2026-06-04T12:32:42.568Z [L0]: 6/4 [0]12:32:42.346 D/CLayout SBEngine: Creating object 0x81d879a4 in 22,0,471,239 id 202(null)
2026-06-04T12:32:42.569Z [L0]: 6/4 [0]12:32:42.346 D/CLayout SBEngine: Creating object 0x81d879d8 in 36,14,443,58 id 203(NotificationLayer.infinite_20.title)
2026-06-04T12:32:42.570Z [L0]: 6/4 [0]12:32:42.346 D/CLayout SBEngine: Creating object 0x81d87a0c in 36,14,515,53 id 204(NotificationLayer.infinite_20.time)
2026-06-04T12:32:42.571Z [L0]: 6/4 [0]12:32:42.346 D/CLayout SBEngine: Creating object 0x81d87a40 in 36,194,443,229 id 205(NotificationLayer.infinite_20.second_title)
2026-06-04T12:32:42.572Z [L0]: 6/4 [0]12:32:42.346 D/CLayout SBEngine: Creating object 0x81d87a74 in 36,324,275,483 id 206(NotificationLayer.infinite_20.content_image)
2026-06-04T12:32:42.573Z [L0]: 6/4 [0]12:32:42.347 D/CLayout SBEngine: Creating object 0x81d87aa8 in 36,161,443,196 id 207(NotificationLayer.infinite_20.content)
2026-06-04T12:32:42.574Z [L0]: 6/4 [0]12:32:42.347 D/CLayout SBEngine: Creating object 0x81d87adc in 36,324,443,339 id 208(NotificationLayer.infinite_20.line)
2026-06-04T12:32:42.574Z [L0]: 6/4 [0]12:32:42.347 D/CLayout SBEngine: Creating object 0x81d87b10 in 36,324,275,483 id 209(NotificationLayer.infinite_20.content_image1)
2026-06-04T12:32:42.575Z [L0]: 6/4 [0]12:32:42.348 D/CLayout SBEngine: Creating object 0x81d87b44 in 36,161,443,196 id 210(NotificationLayer.infinite_20.content1)
2026-06-04T12:32:42.576Z [L0]: 6/4 [0]12:32:42.349 D/CLayout SBEngine: Creating object 0x81d87b78 in 36,324,443,339 id 211(NotificationLayer.infinite_20.line1)
2026-06-04T12:32:42.577Z [L0]: 6/4 [0]12:32:42.349 D/CLayout SBEngine: Creating object 0x81d87bac in 36,324,275,483 id 212(NotificationLayer.infinite_20.content_image2)
2026-06-04T12:32:42.578Z [L0]: 6/4 [0]12:32:42.349 D/CLayout SBEngine: Creating object 0x81d87be0 in 36,161,443,196 id 213(NotificationLayer.infinite_20.content2)
2026-06-04T12:32:42.579Z [L0]: 6/4 [0]12:32:42.349 D/CLayout SBEngine: Creating object 0x81d87c14 in 36,324,443,339 id 214(NotificationLayer.infinite_20.line2)
2026-06-04T12:32:42.580Z [L0]: 6/4 [0]12:32:42.349 D/CLayout SBEngine: Creating object 0x81d87c48 in 36,324,275,483 id 215(NotificationLayer.infinite_20.content_image3)
2026-06-04T12:32:42.581Z [L0]: 6/4 [0]12:32:42.350 D/CLayout SBEngine: Creating object 0x81d87c7c in 36,161,443,196 id 216(NotificationLayer.infinite_20.content3)
2026-06-04T12:32:42.582Z [L0]: 6/4 [0]12:32:42.350 D/CLayout SBEngine: Creating object 0x81d87cb0 in 36,324,443,339 id 217(NotificationLayer.infinite_20.line3)
2026-06-04T12:32:42.582Z [L0]: 6/4 [0]12:32:42.350 D/CLayout SBEngine: Creating object 0x81d87ce4 in 36,324,275,483 id 218(NotificationLayer.infinite_20.content_image4)
2026-06-04T12:32:42.583Z [L0]: 6/4 [0]12:32:42.350 D/CLayout SBEngine: Creating object 0x81d87d18 in 36,161,443,196 id 219(NotificationLayer.infinite_20.content4)
2026-06-04T12:32:42.584Z [L0]: 6/4 [0]12:32:42.350 D/CLayout SBEngine: Creating object 0x81d87d4c in 36,324,443,339 id 220(NotificationLayer.infinite_20.line4)
2026-06-04T12:32:42.585Z [L0]: 6/4 [0]12:32:42.350 D/CLayout SBEngine: Creating object 0x81d87d80 in 36,324,275,483 id 221(NotificationLayer.infinite_20.content_image5)
2026-06-04T12:32:42.586Z [L0]: 6/4 [0]12:32:42.350 D/CLayout SBEngine: Creating object 0x81d87db4 in 36,161,443,196 id 222(NotificationLayer.infinite_20.content5)
2026-06-04T12:32:42.587Z [L0]: 6/4 [0]12:32:42.351 D/CLayout SBEngine: Creating object 0x81d87de8 in 36,324,443,339 id 223(NotificationLayer.infinite_20.line5)
2026-06-04T12:32:42.588Z [L0]: 6/4 [0]12:32:42.351 D/CLayout SBEngine: Creating object 0x81d87e1c in 36,324,275,483 id 224(NotificationLayer.infinite_20.content_image6)
2026-06-04T12:32:42.589Z [L0]: 6/4 [0]12:32:42.351 D/CLayout SBEngine: Creating object 0x81d87e50 in 36,161,443,196 id 225(NotificationLayer.infinite_20.content6)
2026-06-04T12:32:42.589Z [L0]: 6/4 [0]12:32:42.351 D/CLayout SBEngine: Creating object 0x81d87e84 in 22,242,429,319 id 226(NotificationLayer.infinite_20.textBtn)
2026-06-04T12:32:42.590Z [L0]: 6/4 [0]12:32:42.351 D/CLayout SBEngine: Creating render 0x81d87eb8 in 14,4,380,63 id 227(NotificationLayer.infinite_20.textBtn:0)
2026-06-04T12:32:42.592Z [L0]: 6/4 [0]12:32:42.351 D/CLayout SBEngine: Creating render 0x81d87eec in 367,18,398,49 id 228(NotificationLayer.infinite_20.textBtn:1)
2026-06-04T12:32:42.592Z [L0]: 6/4 [0]12:32:42.351 D/CLayout SBEngine: Creating object 0x81d87f20 in 418,242,457,281 id 229(NotificationLayer.infinite_20.icon_top)
2026-06-04T12:32:42.593Z [L0]: 6/4 [0]12:32:42.352 D/CLayout SBEngine: Creating object 0x81d87f54 in 22,0,457,232 id 230(NotificationLayer.infinite_20.notif_bg_color)
2026-06-04T12:32:42.594Z [L0]: 6/4 [0]12:32:42.352 D/CLayout SBEngine: Creating object 0x81d87f88 in 22,0,457,279 id 231(NotificationLayer.infinite_20.touch_select)
2026-06-04T12:32:42.595Z [L0]: 6/4 [0]12:32:42.353 D/NOTFWG SBEngine: [addLayoutBranch] add branch NotificationLayer.infinite_20 -2116519568 
2026-06-04T12:32:42.595Z [L0]: 6/4 [0]12:32:42.353 D/CLayout SBEngine: Load layer list_layer
2026-06-04T12:32:42.596Z [L0]: 6/4 [0]12:32:42.354 D/CLayout SBEngine: Creating object 0x81d87fbc in 0,800,493,1039 id 201(NotificationLayer.infinite_21)
2026-06-04T12:32:42.598Z [L0]: 6/4 [0]12:32:42.354 D/CLayout SBEngine: Creating object 0x81d87ff0 in 22,0,471,239 id 202(null)
2026-06-04T12:32:42.598Z [L0]: 6/4 [0]12:32:42.354 D/CLayout SBEngine: Creating object 0x81d88024 in 36,14,443,58 id 203(NotificationLayer.infinite_21.title)
2026-06-04T12:32:42.599Z [L0]: 6/4 [0]12:32:42.354 D/CLayout SBEngine: Creating object 0x81d88058 in 36,14,515,53 id 204(NotificationLayer.infinite_21.time)
2026-06-04T12:32:42.600Z [L0]: 6/4 [0]12:32:42.354 D/CLayout SBEngine: Creating object 0x825e5738 in 36,194,443,229 id 205(NotificationLayer.infinite_21.second_title)
2026-06-04T12:32:42.601Z [L0]: 6/4 [0]12:32:42.354 D/CLayout SBEngine: Creating object 0x825e576c in 36,324,275,483 id 206(NotificationLayer.infinite_21.content_image)
2026-06-04T12:32:42.602Z [L0]: 6/4 [0]12:32:42.355 D/CLayout SBEngine: Creating object 0x825e57a0 in 36,161,443,196 id 207(NotificationLayer.infinite_21.content)
2026-06-04T12:32:42.603Z [L0]: 6/4 [0]12:32:42.355 D/CLayout SBEngine: Creating object 0x825e57d4 in 36,324,443,339 id 208(NotificationLayer.infinite_21.line)
2026-06-04T12:32:42.604Z [L0]: 6/4 [0]12:32:42.355 D/CLayout SBEngine: Creating object 0x825e5808 in 36,324,275,483 id 209(NotificationLayer.infinite_21.content_image1)
2026-06-04T12:32:42.605Z [L0]: 6/4 [0]12:32:42.355 D/CLayout SBEngine: Creating object 0x825e583c in 36,161,443,196 id 210(NotificationLayer.infinite_21.content1)
2026-06-04T12:32:42.606Z [L0]: 6/4 [0]12:32:42.355 D/CLayout SBEngine: Creating object 0x825e5870 in 36,324,443,339 id 211(NotificationLayer.infinite_21.line1)
2026-06-04T12:32:42.606Z [L0]: 6/4 [0]12:32:42.355 D/CLayout SBEngine: Creating object 0x825e58a4 in 36,324,275,483 id 212(NotificationLayer.infinite_21.content_image2)
2026-06-04T12:32:42.607Z [L0]: 6/4 [0]12:32:42.355 D/CLayout SBEngine: Creating object 0x825e58d8 in 36,161,443,196 id 213(NotificationLayer.infinite_21.content2)
2026-06-04T12:32:42.608Z [L0]: 6/4 [0]12:32:42.356 D/CLayout SBEngine: Creating object 0x825e590c in 36,324,443,339 id 214(NotificationLayer.infinite_21.line2)
2026-06-04T12:32:42.609Z [L0]: 6/4 [0]12:32:42.356 D/CLayout SBEngine: Creating object 0x825e5940 in 36,324,275,483 id 215(NotificationLayer.infinite_21.content_image3)
2026-06-04T12:32:42.610Z [L0]: 6/4 [0]12:32:42.356 D/CLayout SBEngine: Creating object 0x825e5974 in 36,161,443,196 id 216(NotificationLayer.infinite_21.content3)
2026-06-04T12:32:42.610Z [L0]: 6/4 [0]12:32:42.356 D/CLayout SBEngine: Creating object 0x825e59a8 in 36,324,443,339 id 217(NotificationLayer.infinite_21.line3)
2026-06-04T12:32:42.611Z [L0]: 6/4 [0]12:32:42.356 D/CLayout SBEngine: Creating object 0x825e59dc in 36,324,275,483 id 218(NotificationLayer.infinite_21.content_image4)
2026-06-04T12:32:42.612Z [L0]: 6/4 [0]12:32:42.356 D/CLayout SBEngine: Creating object 0x825e5a10 in 36,161,443,196 id 219(NotificationLayer.infinite_21.content4)
2026-06-04T12:32:42.612Z [L0]: 6/4 [0]12:32:42.356 D/CLayout SBEngine: Creating object 0x825e5a44 in 36,324,443,339 id 220(NotificationLayer.infinite_21.line4)
2026-06-04T12:32:42.613Z [L0]: 6/4 [0]12:32:42.357 D/CLayout SBEngine: Creating object 0x825e5a78 in 36,324,275,483 id 221(NotificationLayer.infinite_21.content_image5)
2026-06-04T12:32:42.614Z [L0]: 6/4 [0]12:32:42.357 D/CLayout SBEngine: Creating object 0x825e5aac in 36,161,443,196 id 222(NotificationLayer.infinite_21.content5)
2026-06-04T12:32:42.615Z [L0]: 6/4 [0]12:32:42.357 D/CLayout SBEngine: Creating object 0x825e5ae0 in 36,324,443,339 id 223(NotificationLayer.infinite_21.line5)
2026-06-04T12:32:42.616Z [L0]: 6/4 [0]12:32:42.357 D/CLayout SBEngine: Creating object 0x825e5b14 in 36,324,275,483 id 224(NotificationLayer.infinite_21.content_image6)
2026-06-04T12:32:42.617Z [L0]: 6/4 [0]12:32:42.357 D/CLayout SBEngine: Creating object 0x825e5b48 in 36,161,443,196 id 225(NotificationLayer.infinite_21.content6)
2026-06-04T12:32:42.617Z [L0]: 6/4 [0]12:32:42.357 D/CLayout SBEngine: Creating object 0x825e5b7c in 22,242,429,319 id 226(NotificationLayer.infinite_21.textBtn)
2026-06-04T12:32:42.618Z [L0]: 6/4 [0]12:32:42.358 D/CLayout SBEngine: Creating render 0x825e5bb0 in 14,4,380,63 id 227(NotificationLayer.infinite_21.textBtn:0)
2026-06-04T12:32:42.619Z [L0]: 6/4 [0]12:32:42.358 D/CLayout SBEngine: Creating render 0x825e5be4 in 367,18,398,49 id 228(NotificationLayer.infinite_21.textBtn:1)
2026-06-04T12:32:42.620Z [L0]: 6/4 [0]12:32:42.358 D/CLayout SBEngine: Creating object 0x825e5c18 in 418,242,457,281 id 229(NotificationLayer.infinite_21.icon_top)
2026-06-04T12:32:42.621Z [L0]: 6/4 [0]12:32:42.358 D/CLayout SBEngine: Creating object 0x825e5c4c in 22,0,457,232 id 230(NotificationLayer.infinite_21.notif_bg_color)
2026-06-04T12:32:42.622Z [L0]: 6/4 [0]12:32:42.358 D/CLayout SBEngine: Creating object 0x825e5c80 in 22,0,457,279 id 231(NotificationLayer.infinite_21.touch_select)
2026-06-04T12:32:42.622Z [L0]: 6/4 [0]12:32:42.358 D/NOTFWG SBEngine: [addLayoutBranch] add branch NotificationLayer.infinite_21 -2116517956 
2026-06-04T12:32:42.623Z [L0]: 6/4 [0]12:32:42.358 D/CLayout SBEngine: Load layer list_layer
2026-06-04T12:32:42.624Z [L0]: 6/4 [0]12:32:42.359 D/CLayout SBEngine: Creating object 0x825e5cb4 in 0,800,493,1039 id 201(NotificationLayer.infinite_22)
2026-06-04T12:32:42.625Z [L0]: 6/4 [0]12:32:42.359 D/CLayout SBEngine: Creating object 0x825e5ce8 in 22,0,471,239 id 202(null)
2026-06-04T12:32:42.626Z [L0]: 6/4 [0]12:32:42.359 D/CLayout SBEngine: Creating object 0x825e5d1c in 36,14,443,58 id 203(NotificationLayer.infinite_22.title)
2026-06-04T12:32:42.626Z [L0]: 6/4 [0]12:32:42.359 D/CLayout SBEngine: Creating object 0x825e5d50 in 36,14,515,53 id 204(NotificationLayer.infinite_22.time)
2026-06-04T12:32:42.627Z [L0]: 6/4 [0]12:32:42.360 D/CLayout SBEngine: Creating object 0x825e5d84 in 36,194,443,229 id 205(NotificationLayer.infinite_22.second_title)
2026-06-04T12:32:42.628Z [L0]: 6/4 [0]12:32:42.360 D/CLayout SBEngine: Creating object 0x825e5db8 in 36,324,275,483 id 206(NotificationLayer.infinite_22.content_image)
2026-06-04T12:32:42.630Z [L0]: 6/4 [0]12:32:42.360 D/CLayout SBEngine: Creating object 0x825e5dec in 36,161,443,196 id 207(NotificationLayer.infinite_22.content)
2026-06-04T12:32:42.630Z [L0]: 6/4 [0]12:32:42.360 D/CLayout SBEngine: Creating object 0x825e5e20 in 36,324,443,339 id 208(NotificationLayer.infinite_22.line)
2026-06-04T12:32:42.631Z [L0]: 6/4 [0]12:32:42.360 D/CLayout SBEngine: Creating object 0x825e5e54 in 36,324,275,483 id 209(NotificationLayer.infinite_22.content_image1)
2026-06-04T12:32:42.631Z [L0]: 6/4 [0]12:32:42.360 D/CLayout SBEngine: Creating object 0x825e5e88 in 36,161,443,196 id 210(NotificationLayer.infinite_22.content1)
2026-06-04T12:32:42.632Z [L0]: 6/4 [0]12:32:42.361 D/CLayout SBEngine: Creating object 0x825e5ebc in 36,324,443,339 id 211(NotificationLayer.infinite_22.line1)
2026-06-04T12:32:42.633Z [L0]: 6/4 [0]12:32:42.361 D/CLayout SBEngine: Creating object 0x825e5ef0 in 36,324,275,483 id 212(NotificationLayer.infinite_22.content_image2)
2026-06-04T12:32:42.634Z [L0]: 6/4 [0]12:32:42.361 D/CLayout SBEngine: Creating object 0x825e5f24 in 36,161,443,196 id 213(NotificationLayer.infinite_22.content2)
2026-06-04T12:32:42.635Z [L0]: 6/4 [0]12:32:42.361 D/CLayout SBEngine: Creating object 0x825e5f58 in 36,324,443,339 id 214(NotificationLayer.infinite_22.line2)
2026-06-04T12:32:42.636Z [L0]: 6/4 [0]12:32:42.362 D/CLayout SBEngine: Creating object 0x825e5f8c in 36,324,275,483 id 215(NotificationLayer.infinite_22.content_image3)
2026-06-04T12:32:42.637Z [L0]: 6/4 [0]12:32:42.362 D/CLayout SBEngine: Creating object 0x825e5fc0 in 36,161,443,196 id 216(NotificationLayer.infinite_22.content3)
2026-06-04T12:32:42.638Z [L0]: 6/4 [0]12:32:42.362 D/CLayout SBEngine: Creating object 0x825e5ff4 in 36,324,443,339 id 217(NotificationLayer.infinite_22.line3)
2026-06-04T12:32:42.638Z [L0]: 6/4 [0]12:32:42.362 D/CLayout SBEngine: Creating object 0x825e6028 in 36,324,275,483 id 218(NotificationLayer.infinite_22.content_image4)
2026-06-04T12:32:42.639Z [L0]: 6/4 [0]12:32:42.363 D/CLayout SBEngine: Creating object 0x825e605c in 36,161,443,196 id 219(NotificationLayer.infinite_22.content4)
2026-06-04T12:32:42.641Z [L0]: 6/4 [0]12:32:42.363 D/CLayout SBEngine: Creating object 0x825e6090 in 36,324,443,339 id 220(NotificationLayer.infinite_22.line4)
2026-06-04T12:32:42.642Z [L0]: 6/4 [0]12:32:42.363 D/CLayout SBEngine: Creating object 0x825e60c4 in 36,324,275,483 id 221(NotificationLayer.infinite_22.content_image5)
2026-06-04T12:32:42.643Z [L0]: 6/4 [0]12:32:42.363 D/CLayout SBEngine: Creating object 0x825e60f8 in 36,161,443,196 id 222(NotificationLayer.infinite_22.content5)
2026-06-04T12:32:42.644Z [L0]: 6/4 [0]12:32:42.363 D/CLayout SBEngine: Creating object 0x825e612c in 36,324,443,339 id 223(NotificationLayer.infinite_22.line5)
2026-06-04T12:32:42.645Z [L0]: 6/4 [0]12:32:42.363 D/CLayout SBEngine: Creating object 0x825e6160 in 36,324,275,483 id 224(NotificationLayer.infinite_22.content_image6)
2026-06-04T12:32:42.645Z [L0]: 6/4 [0]12:32:42.363 D/CLayout SBEngine: Creating object 0x825e6194 in 36,161,443,196 id 225(NotificationLayer.infinite_22.content6)
2026-06-04T12:32:42.647Z [L0]: 6/4 [0]12:32:42.363 D/CLayout SBEngine: Creating object 0x825e61c8 in 22,242,429,319 id 226(NotificationLayer.infinite_22.textBtn)
2026-06-04T12:32:42.648Z [L0]: 6/4 [0]12:32:42.364 D/CLayout SBEngine: Creating render 0x825e61fc in 14,4,380,63 id 227(NotificationLayer.infinite_22.textBtn:0)
2026-06-04T12:32:42.649Z [L0]: 6/4 [0]12:32:42.364 D/CLayout SBEngine: Creating render 0x825e6230 in 367,18,398,49 id 228(NotificationLayer.infinite_22.textBtn:1)
2026-06-04T12:32:42.649Z [L0]: 6/4 [0]12:32:42.364 D/CLayout SBEngine: Creating object 0x825e6264 in 418,242,457,281 id 229(NotificationLayer.infinite_22.icon_top)
2026-06-04T12:32:42.650Z [L0]: 6/4 [0]12:32:42.364 D/CLayout SBEngine: Creating object 0x825e6298 in 22,0,457,232 id 230(NotificationLayer.infinite_22.notif_bg_color)
2026-06-04T12:32:42.650Z [L0]: 6/4 [0]12:32:42.364 D/CLayout SBEngine: Creating object 0x825e62cc in 22,0,457,279 id 231(NotificationLayer.infinite_22.touch_select)
2026-06-04T12:32:42.651Z [L0]: 6/4 [0]12:32:42.364 D/NOTFWG SBEngine: [addLayoutBranch] add branch NotificationLayer.infinite_22 -2107745100 
2026-06-04T12:32:42.653Z [L0]: 6/4 [0]12:32:42.365 D/CLayout SBEngine: Load layer list_layer
2026-06-04T12:32:42.654Z [L0]: 6/4 [0]12:32:42.365 D/CLayout SBEngine: Creating object 0x825e6300 in 0,800,493,1039 id 201(NotificationLayer.infinite_23)
2026-06-04T12:32:42.654Z [L0]: 6/4 [0]12:32:42.365 D/CLayout SBEngine: Creating object 0x825e6334 in 22,0,471,239 id 202(null)
2026-06-04T12:32:42.655Z [L0]: 6/4 [0]12:32:42.365 D/CLayout SBEngine: Creating object 0x825e6368 in 36,14,443,58 id 203(NotificationLayer.infinite_23.title)
2026-06-04T12:32:42.656Z [L0]: 6/4 [0]12:32:42.365 D/CLayout SBEngine: Creating object 0x825e639c in 36,14,515,53 id 204(NotificationLayer.infinite_23.time)
2026-06-04T12:32:42.656Z [L0]: 6/4 [0]12:32:42.365 D/CLayout SBEngine: Creating object 0x825e63d0 in 36,194,443,229 id 205(NotificationLayer.infinite_23.second_title)
2026-06-04T12:32:42.659Z [L0]: 6/4 [0]12:32:42.365 D/CLayout SBEngine: Creating object 0x825e6404 in 36,324,275,483 id 206(NotificationLayer.infinite_23.content_image)
2026-06-04T12:32:42.659Z [L0]: 6/4 [0]12:32:42.365 D/CLayout SBEngine: Creating object 0x825e6438 in 36,161,443,196 id 207(NotificationLayer.infinite_23.content)
2026-06-04T12:32:42.660Z [L0]: 6/4 [0]12:32:42.366 D/CLayout SBEngine: Creating object 0x825e646c in 36,324,443,339 id 208(NotificationLayer.infinite_23.line)
2026-06-04T12:32:42.662Z [L0]: 6/4 [0]12:32:42.366 D/CLayout SBEngine: Creating object 0x825e64a0 in 36,324,275,483 id 209(NotificationLayer.infinite_23.content_image1)
2026-06-04T12:32:42.663Z [L0]: 6/4 [0]12:32:42.367 D/CLayout SBEngine: Creating object 0x825e64d4 in 36,161,443,196 id 210(NotificationLayer.infinite_23.content1)
2026-06-04T12:32:42.664Z [L0]: 6/4 [0]12:32:42.367 D/CLayout SBEngine: Creating object 0x825e6508 in 36,324,443,339 id 211(NotificationLayer.infinite_23.line1)
2026-06-04T12:32:42.665Z [L0]: 6/4 [0]12:32:42.367 D/CLayout SBEngine: Creating object 0x825e653c in 36,324,275,483 id 212(NotificationLayer.infinite_23.content_image2)
2026-06-04T12:32:42.667Z [L0]: 6/4 [0]12:32:42.367 D/CLayout SBEngine: Creating object 0x825e6570 in 36,161,443,196 id 213(NotificationLayer.infinite_23.content2)
2026-06-04T12:32:42.668Z [L0]: 6/4 [0]12:32:42.367 D/CLayout SBEngine: Creating object 0x825e65a4 in 36,324,443,339 id 214(NotificationLayer.infinite_23.line2)
2026-06-04T12:32:42.668Z [L0]: 6/4 [0]12:32:42.367 D/CLayout SBEngine: Creating object 0x825e65d8 in 36,324,275,483 id 215(NotificationLayer.infinite_23.content_image3)
2026-06-04T12:32:42.669Z [L0]: 6/4 [0]12:32:42.368 D/CLayout SBEngine: Creating object 0x825e660c in 36,161,443,196 id 216(NotificationLayer.infinite_23.content3)
2026-06-04T12:32:42.670Z [L0]: 6/4 [0]12:32:42.368 D/CLayout SBEngine: Creating object 0x825e6640 in 36,324,443,339 id 217(NotificationLayer.infinite_23.line3)
2026-06-04T12:32:42.671Z [L0]: 6/4 [0]12:32:42.368 D/CLayout SBEngine: Creating object 0x825e6674 in 36,324,275,483 id 218(NotificationLayer.infinite_23.content_image4)
2026-06-04T12:32:42.672Z [L0]: 6/4 [0]12:32:42.368 D/CLayout SBEngine: Creating object 0x825e66a8 in 36,161,443,196 id 219(NotificationLayer.infinite_23.content4)
2026-06-04T12:32:42.673Z [L0]: 6/4 [0]12:32:42.368 D/CLayout SBEngine: Creating object 0x825e66dc in 36,324,443,339 id 220(NotificationLayer.infinite_23.line4)
2026-06-04T12:32:42.674Z [L0]: 6/4 [0]12:32:42.369 D/CLayout SBEngine: Creating object 0x825e6710 in 36,324,275,483 id 221(NotificationLayer.infinite_23.content_image5)
2026-06-04T12:32:42.675Z [L0]: 6/4 [0]12:32:42.369 D/CLayout SBEngine: Creating object 0x825e6744 in 36,161,443,196 id 222(NotificationLayer.infinite_23.content5)
2026-06-04T12:32:42.676Z [L0]: 6/4 [0]12:32:42.369 D/CLayout SBEngine: Creating object 0x825e6778 in 36,324,443,339 id 223(NotificationLayer.infinite_23.line5)
2026-06-04T12:32:42.677Z [L0]: 6/4 [0]12:32:42.369 D/CLayout SBEngine: Creating object 0x825e67ac in 36,324,275,483 id 224(NotificationLayer.infinite_23.content_image6)
2026-06-04T12:32:42.677Z [L0]: 6/4 [0]12:32:42.369 D/CLayout SBEngine: Creating object 0x825e67e0 in 36,161,443,196 id 225(NotificationLayer.infinite_23.content6)
2026-06-04T12:32:42.678Z [L0]: 6/4 [0]12:32:42.369 D/CLayout SBEngine: Creating object 0x825e6814 in 22,242,429,319 id 226(NotificationLayer.infinite_23.textBtn)
2026-06-04T12:32:42.680Z [L0]: 6/4 [0]12:32:42.369 D/CLayout SBEngine: Creating render 0x825e6848 in 14,4,380,63 id 227(NotificationLayer.infinite_23.textBtn:0)
2026-06-04T12:32:42.680Z [L0]: 6/4 [0]12:32:42.370 D/CLayout SBEngine: Creating render 0x825e687c in 367,18,398,49 id 228(NotificationLayer.infinite_23.textBtn:1)
2026-06-04T12:32:42.682Z [L0]: 6/4 [0]12:32:42.370 D/CLayout SBEngine: Creating object 0x825e68b0 in 418,242,457,281 id 229(NotificationLayer.infinite_23.icon_top)
2026-06-04T12:32:42.683Z [L0]: 6/4 [0]12:32:42.370 D/CLayout SBEngine: Creating object 0x825e68e4 in 22,0,457,232 id 230(NotificationLayer.infinite_23.notif_bg_color)
2026-06-04T12:32:42.683Z [L0]: 6/4 [0]12:32:42.370 D/CLayout SBEngine: Creating object 0x825e6918 in 22,0,457,279 id 231(NotificationLayer.infinite_23.touch_select)
2026-06-04T12:32:42.684Z [L0]: 6/4 [0]12:32:42.371 D/NOTFWG SBEngine: [addLayoutBranch] add branch NotificationLayer.infinite_23 -2107743488 
2026-06-04T12:32:42.686Z [L0]: 6/4 [0]12:32:42.371 D/CLayout SBEngine: Load layer list_layer
2026-06-04T12:32:42.686Z [L0]: 6/4 [0]12:32:42.371 D/CLayout SBEngine: Creating object 0x825e694c in 0,800,493,1039 id 201(NotificationLayer.infinite_24)
2026-06-04T12:32:42.687Z [L0]: 6/4 [0]12:32:42.372 D/CLayout SBEngine: Creating object 0x825e6980 in 22,0,471,239 id 202(null)
2026-06-04T12:32:42.688Z [L0]: 6/4 [0]12:32:42.372 D/CLayout SBEngine: Creating object 0x825e69b4 in 36,14,443,58 id 203(NotificationLayer.infinite_24.title)
2026-06-04T12:32:42.689Z [L0]: 6/4 [0]12:32:42.372 D/CLayout SBEngine: Creating object 0x825e69e8 in 36,14,515,53 id 204(NotificationLayer.infinite_24.time)
2026-06-04T12:32:42.690Z [L0]: 6/4 [0]12:32:42.372 D/CLayout SBEngine: Creating object 0x825e6a1c in 36,194,443,229 id 205(NotificationLayer.infinite_24.second_title)
2026-06-04T12:32:42.691Z [L0]: 6/4 [0]12:32:42.372 D/CLayout SBEngine: Creating object 0x825e6a50 in 36,324,275,483 id 206(NotificationLayer.infinite_24.content_image)
2026-06-04T12:32:42.692Z [L0]: 6/4 [0]12:32:42.372 D/CLayout SBEngine: Creating object 0x825e6a84 in 36,161,443,196 id 207(NotificationLayer.infinite_24.content)
2026-06-04T12:32:42.693Z [L0]: 6/4 [0]12:32:42.373 D/CLayout SBEngine: Creating object 0x825e6ab8 in 36,324,443,339 id 208(NotificationLayer.infinite_24.line)
2026-06-04T12:32:42.695Z [L0]: 6/4 [0]12:32:42.373 D/CLayout SBEngine: Creating object 0x825e6aec in 36,324,275,483 id 209(NotificationLayer.infinite_24.content_image1)
2026-06-04T12:32:42.695Z [L0]: 6/4 [0]12:32:42.373 D/CLayout SBEngine: Creating object 0x825e6b20 in 36,161,443,196 id 210(NotificationLayer.infinite_24.content1)
2026-06-04T12:32:42.696Z [L0]: 6/4 [0]12:32:42.373 D/CLayout SBEngine: Creating object 0x825e6b54 in 36,324,443,339 id 211(NotificationLayer.infinite_24.line1)
2026-06-04T12:32:42.698Z [L0]: 6/4 [0]12:32:42.373 D/CLayout SBEngine: Creating object 0x825e6b88 in 36,324,275,483 id 212(NotificationLayer.infinite_24.content_image2)
2026-06-04T12:32:42.699Z [L0]: 6/4 [0]12:32:42.373 D/CLayout SBEngine: Creating object 0x825e6bbc in 36,161,443,196 id 213(NotificationLayer.infinite_24.content2)
2026-06-04T12:32:42.700Z [L0]: 6/4 [0]12:32:42.373 D/CLayout SBEngine: Creating object 0x825e6bf0 in 36,324,443,339 id 214(NotificationLayer.infinite_24.line2)
2026-06-04T12:32:42.701Z [L0]: 6/4 [0]12:32:42.374 D/CLayout SBEngine: Creating object 0x825e6c24 in 36,324,275,483 id 215(NotificationLayer.infinite_24.content_image3)
2026-06-04T12:32:42.702Z [L0]: 6/4 [0]12:32:42.374 D/CLayout SBEngine: Creating object 0x825e6c58 in 36,161,443,196 id 216(NotificationLayer.infinite_24.content3)
2026-06-04T12:32:42.703Z [L0]: 6/4 [0]12:32:42.374 D/CLayout SBEngine: Creating object 0x825e6c8c in 36,324,443,339 id 217(NotificationLayer.infinite_24.line3)
2026-06-04T12:32:42.705Z [L0]: 6/4 [0]12:32:42.374 D/CLayout SBEngine: Creating object 0x825e6cc0 in 36,324,275,483 id 218(NotificationLayer.infinite_24.content_image4)
2026-06-04T12:32:42.706Z [L0]: 6/4 [0]12:32:42.375 D/CLayout SBEngine: Creating object 0x825e6cf4 in 36,161,443,196 id 219(NotificationLayer.infinite_24.content4)
2026-06-04T12:32:42.707Z [L0]: 6/4 [0]12:32:42.375 D/CLayout SBEngine: Creating object 0x825e6d28 in 36,324,443,339 id 220(NotificationLayer.infinite_24.line4)
2026-06-04T12:32:42.708Z [L0]: 6/4 [0]12:32:42.375 D/CLayout SBEngine: Creating object 0x825e6d5c in 36,324,275,483 id 221(NotificationLayer.infinite_24.content_image5)
2026-06-04T12:32:42.708Z [L0]: 6/4 [0]12:32:42.375 D/CLayout SBEngine: Creating object 0x825e6d90 in 36,161,443,196 id 222(NotificationLayer.infinite_24.content5)
2026-06-04T12:32:42.709Z [L0]: 6/4 [0]12:32:42.375 D/CLayout SBEngine: Creating object 0x825e6dc4 in 36,324,443,339 id 223(NotificationLayer.infinite_24.line5)
2026-06-04T12:32:42.711Z [L0]: 6/4 [0]12:32:42.376 D/CLayout SBEngine: Creating object 0x825e6df8 in 36,324,275,483 id 224(NotificationLayer.infinite_24.content_image6)
2026-06-04T12:32:42.711Z [L0]: 6/4 [0]12:32:42.376 D/CLayout SBEngine: Creating object 0x825e6e2c in 36,161,443,196 id 225(NotificationLayer.infinite_24.content6)
2026-06-04T12:32:42.712Z [L0]: 6/4 [0]12:32:42.376 D/CLayout SBEngine: Creating object 0x825e6e60 in 22,242,429,319 id 226(NotificationLayer.infinite_24.textBtn)
2026-06-04T12:32:42.714Z [L0]: 6/4 [0]12:32:42.376 D/CLayout SBEngine: Creating render 0x825e6e94 in 14,4,380,63 id 227(NotificationLayer.infinite_24.textBtn:0)
2026-06-04T12:32:42.715Z [L0]: 6/4 [0]12:32:42.376 D/CLayout SBEngine: Creating render 0x825e6ec8 in 367,18,398,49 id 228(NotificationLayer.infinite_24.textBtn:1)
2026-06-04T12:32:42.716Z [L0]: 6/4 [0]12:32:42.376 D/CLayout SBEngine: Creating object 0x825e6efc in 418,242,457,281 id 229(NotificationLayer.infinite_24.icon_top)
2026-06-04T12:32:42.716Z [L0]: 6/4 [0]12:32:42.376 D/CLayout SBEngine: Creating object 0x825e6f30 in 22,0,457,232 id 230(NotificationLayer.infinite_24.notif_bg_color)
2026-06-04T12:32:42.718Z [L0]: 6/4 [0]12:32:42.376 D/CLayout SBEngine: Creating object 0x825e6f64 in 22,0,457,279 id 231(NotificationLayer.infinite_24.touch_select)
2026-06-04T12:32:42.719Z [L0]: 6/4 [0]12:32:42.377 D/NOTFWG SBEngine: [addLayoutBranch] add branch NotificationLayer.infinite_24 -2107741876 
2026-06-04T12:32:42.720Z [L0]: 6/4 [0]12:32:42.377 D/CLayout SBEngine: Load layer list_layer
2026-06-04T12:32:42.720Z [L0]: 6/4 [0]12:32:42.377 D/CLayout SBEngine: Creating object 0x825e6f98 in 0,800,493,1039 id 201(NotificationLayer.infinite_25)
2026-06-04T12:32:42.721Z [L0]: 6/4 [0]12:32:42.377 D/CLayout SBEngine: Creating object 0x825e6fcc in 22,0,471,239 id 202(null)
2026-06-04T12:32:42.724Z [L0]: 6/4 [0]12:32:42.377 D/CLayout SBEngine: Creating object 0x825e7000 in 36,14,443,58 id 203(NotificationLayer.infinite_25.title)
2026-06-04T12:32:42.725Z [L0]: 6/4 [0]12:32:42.377 D/CLayout SBEngine: Creating object 0x825e7034 in 36,14,515,53 id 204(NotificationLayer.infinite_25.time)
2026-06-04T12:32:42.725Z [L0]: 6/4 [0]12:32:42.378 D/CLayout SBEngine: Creating object 0x825e7068 in 36,194,443,229 id 205(NotificationLayer.infinite_25.second_title)
2026-06-04T12:32:42.727Z [L0]: 6/4 [0]12:32:42.378 D/CLayout SBEngine: Creating object 0x825e709c in 36,324,275,483 id 206(NotificationLayer.infinite_25.content_image)
2026-06-04T12:32:42.728Z [L0]: 6/4 [0]12:32:42.378 D/CLayout SBEngine: Creating object 0x825e70d0 in 36,161,443,196 id 207(NotificationLayer.infinite_25.content)
2026-06-04T12:32:42.729Z [L0]: 6/4 [0]12:32:42.378 D/CLayout SBEngine: Creating object 0x825e7104 in 36,324,443,339 id 208(NotificationLayer.infinite_25.line)
2026-06-04T12:32:42.729Z [L0]: 6/4 [0]12:32:42.378 D/CLayout SBEngine: Creating object 0x825e7138 in 36,324,275,483 id 209(NotificationLayer.infinite_25.content_image1)
2026-06-04T12:32:42.732Z [L0]: 6/4 [0]12:32:42.379 D/CLayout SBEngine: Creating object 0x825e716c in 36,161,443,196 id 210(NotificationLayer.infinite_25.content1)
2026-06-04T12:32:42.733Z [L0]: 6/4 [0]12:32:42.379 D/CLayout SBEngine: Creating object 0x825e71a0 in 36,324,443,339 id 211(NotificationLayer.infinite_25.line1)
2026-06-04T12:32:42.733Z [L0]: 6/4 [0]12:32:42.379 D/CLayout SBEngine: Creating object 0x825e71d4 in 36,324,275,483 id 212(NotificationLayer.infinite_25.content_image2)
2026-06-04T12:32:42.734Z [L0]: 6/4 [0]12:32:42.379 D/CLayout SBEngine: Creating object 0x825e7208 in 36,161,443,196 id 213(NotificationLayer.infinite_25.content2)
2026-06-04T12:32:42.735Z [L0]: 6/4 [0]12:32:42.380 D/CLayout SBEngine: Creating object 0x825e723c in 36,324,443,339 id 214(NotificationLayer.infinite_25.line2)
2026-06-04T12:32:42.737Z [L0]: 6/4 [0]12:32:42.380 D/CLayout SBEngine: Creating object 0x825e7270 in 36,324,275,483 id 215(NotificationLayer.infinite_25.content_image3)
2026-06-04T12:32:42.738Z [L0]: 6/4 [0]12:32:42.381 D/CLayout SBEngine: Creating object 0x825e72a4 in 36,161,443,196 id 216(NotificationLayer.infinite_25.content3)
2026-06-04T12:32:42.739Z [L0]: 6/4 [0]12:32:42.381 D/CLayout SBEngine: Creating object 0x825e72d8 in 36,324,443,339 id 217(NotificationLayer.infinite_25.line3)
2026-06-04T12:32:42.740Z [L0]: 6/4 [0]12:32:42.381 D/CLayout SBEngine: Creating object 0x825e730c in 36,324,275,483 id 218(NotificationLayer.infinite_25.content_image4)
2026-06-04T12:32:42.741Z [L0]: 6/4 [0]12:32:42.381 D/CLayout SBEngine: Creating object 0x825e7340 in 36,161,443,196 id 219(NotificationLayer.infinite_25.content4)
2026-06-04T12:32:42.741Z [L0]: 6/4 [0]12:32:42.381 D/CLayout SBEngine: Creating object 0x825e7374 in 36,324,443,339 id 220(NotificationLayer.infinite_25.line4)
2026-06-04T12:32:42.743Z [L0]: 6/4 [0]12:32:42.381 D/CLayout SBEngine: Creating object 0x825e73a8 in 36,324,275,483 id 221(NotificationLayer.infinite_25.content_image5)
2026-06-04T12:32:42.744Z [L0]: 6/4 [0]12:32:42.382 D/CLayout SBEngine: Creating object 0x825e73dc in 36,161,443,196 id 222(NotificationLayer.infinite_25.content5)
2026-06-04T12:32:42.745Z [L0]: 6/4 [0]12:32:42.382 D/CLayout SBEngine: Creating object 0x825e7410 in 36,324,443,339 id 223(NotificationLayer.infinite_25.line5)
2026-06-04T12:32:42.746Z [L0]: 6/4 [0]12:32:42.382 D/CLayout SBEngine: Creating object 0x825e7444 in 36,324,275,483 id 224(NotificationLayer.infinite_25.content_image6)
2026-06-04T12:32:42.747Z [L0]: 6/4 [0]12:32:42.382 D/CLayout SBEngine: Creating object 0x825e7478 in 36,161,443,196 id 225(NotificationLayer.infinite_25.content6)
2026-06-04T12:32:42.748Z [L0]: 6/4 [0]12:32:42.382 D/CLayout SBEngine: Creating object 0x825e74ac in 22,242,429,319 id 226(NotificationLayer.infinite_25.textBtn)
2026-06-04T12:32:42.749Z [L0]: 6/4 [0]12:32:42.382 D/CLayout SBEngine: Creating render 0x825e74e0 in 14,4,380,63 id 227(NotificationLayer.infinite_25.textBtn:0)
2026-06-04T12:32:42.750Z [L0]: 6/4 [0]12:32:42.382 D/CLayout SBEngine: Creating render 0x825e7514 in 367,18,398,49 id 228(NotificationLayer.infinite_25.textBtn:1)
2026-06-04T12:32:42.751Z [L0]: 6/4 [0]12:32:42.383 D/CLayout SBEngine: Creating object 0x825e7548 in 418,242,457,281 id 229(NotificationLayer.infinite_25.icon_top)
2026-06-04T12:32:42.752Z [L0]: 6/4 [0]12:32:42.383 D/CLayout SBEngine: Creating object 0x825e757c in 22,0,457,232 id 230(NotificationLayer.infinite_25.notif_bg_color)
2026-06-04T12:32:42.752Z [L0]: 6/4 [0]12:32:42.383 D/CLayout SBEngine: Creating object 0x825e75b0 in 22,0,457,279 id 231(NotificationLayer.infinite_25.touch_select)
2026-06-04T12:32:42.754Z [L0]: 6/4 [0]12:32:42.383 D/NOTFWG SBEngine: [addLayoutBranch] add branch NotificationLayer.infinite_25 -2107740264 
2026-06-04T12:32:42.755Z [L0]: 6/4 [0]12:32:42.384 D/CLayout SBEngine: Load layer list_layer
2026-06-04T12:32:42.756Z [L0]: 6/4 [0]12:32:42.384 D/CLayout SBEngine: Creating object 0x825e75e4 in 0,800,493,1039 id 201(NotificationLayer.infinite_26)
2026-06-04T12:32:42.757Z [L0]: 6/4 [0]12:32:42.384 D/CLayout SBEngine: Creating object 0x825e7618 in 22,0,471,239 id 202(null)
2026-06-04T12:32:42.758Z [L0]: 6/4 [0]12:32:42.384 D/CLayout SBEngine: Creating object 0x825e764c in 36,14,443,58 id 203(NotificationLayer.infinite_26.title)
2026-06-04T12:32:42.759Z [L0]: 6/4 [0]12:32:42.384 D/CLayout SBEngine: Creating object 0x825e7680 in 36,14,515,53 id 204(NotificationLayer.infinite_26.time)
2026-06-04T12:32:42.760Z [L0]: 6/4 [0]12:32:42.384 D/CLayout SBEngine: Creating object 0x825e76b4 in 36,194,443,229 id 205(NotificationLayer.infinite_26.second_title)
2026-06-04T12:32:42.760Z [L0]: 6/4 [0]12:32:42.385 D/CLayout SBEngine: Creating object 0x825e76e8 in 36,324,275,483 id 206(NotificationLayer.infinite_26.content_image)
2026-06-04T12:32:42.762Z [L0]: 6/4 [0]12:32:42.385 D/CLayout SBEngine: Creating object 0x8256c274 in 36,161,443,196 id 207(NotificationLayer.infinite_26.content)
2026-06-04T12:32:42.763Z [L0]: 6/4 [0]12:32:42.385 D/CLayout SBEngine: Creating object 0x8256c2a8 in 36,324,443,339 id 208(NotificationLayer.infinite_26.line)
2026-06-04T12:32:42.764Z [L0]: 6/4 [0]12:32:42.385 D/CLayout SBEngine: Creating object 0x8256c2dc in 36,324,275,483 id 209(NotificationLayer.infinite_26.content_image1)
2026-06-04T12:32:42.765Z [L0]: 6/4 [0]12:32:42.385 D/CLayout SBEngine: Creating object 0x8256c310 in 36,161,443,196 id 210(NotificationLayer.infinite_26.content1)
2026-06-04T12:32:42.765Z [L0]: 6/4 [0]12:32:42.385 D/CLayout SBEngine: Creating object 0x8256c344 in 36,324,443,339 id 211(NotificationLayer.infinite_26.line1)
2026-06-04T12:32:42.767Z [L0]: 6/4 [0]12:32:42.386 D/CLayout SBEngine: Creating object 0x8256c378 in 36,324,275,483 id 212(NotificationLayer.infinite_26.content_image2)
2026-06-04T12:32:42.768Z [L0]: 6/4 [0]12:32:42.386 D/CLayout SBEngine: Creating object 0x8256c3ac in 36,161,443,196 id 213(NotificationLayer.infinite_26.content2)
2026-06-04T12:32:42.768Z [L0]: 6/4 [0]12:32:42.387 D/CLayout SBEngine: Creating object 0x8256c3e0 in 36,324,443,339 id 214(NotificationLayer.infinite_26.line2)
2026-06-04T12:32:42.769Z [L0]: 6/4 [0]12:32:42.387 D/CLayout SBEngine: Creating object 0x8256c414 in 36,324,275,483 id 215(NotificationLayer.infinite_26.content_image3)
2026-06-04T12:32:42.770Z [L0]: 6/4 [0]12:32:42.387 D/CLayout SBEngine: Creating object 0x8256c448 in 36,161,443,196 id 216(NotificationLayer.infinite_26.content3)
2026-06-04T12:32:42.771Z [L0]: 6/4 [0]12:32:42.387 D/CLayout SBEngine: Creating object 0x8256c47c in 36,324,443,339 id 217(NotificationLayer.infinite_26.line3)
2026-06-04T12:32:42.771Z [L0]: 6/4 [0]12:32:42.388 D/CLayout SBEngine: Creating object 0x8256c4b0 in 36,324,275,483 id 218(NotificationLayer.infinite_26.content_image4)
2026-06-04T12:32:42.773Z [L0]: 6/4 [0]12:32:42.388 D/CLayout SBEngine: Creating object 0x8256c4e4 in 36,161,443,196 id 219(NotificationLayer.infinite_26.content4)
2026-06-04T12:32:42.774Z [L0]: 6/4 [0]12:32:42.388 D/CLayout SBEngine: Creating object 0x8256c518 in 36,324,443,339 id 220(NotificationLayer.infinite_26.line4)
2026-06-04T12:32:42.775Z [L0]: 6/4 [0]12:32:42.388 D/CLayout SBEngine: Creating object 0x8256c54c in 36,324,275,483 id 221(NotificationLayer.infinite_26.content_image5)
2026-06-04T12:32:42.776Z [L0]: 6/4 [0]12:32:42.388 D/CLayout SBEngine: Creating object 0x8256c580 in 36,161,443,196 id 222(NotificationLayer.infinite_26.content5)
2026-06-04T12:32:42.777Z [L0]: 6/4 [0]12:32:42.388 D/CLayout SBEngine: Creating object 0x8256c5b4 in 36,324,443,339 id 223(NotificationLayer.infinite_26.line5)
2026-06-04T12:32:42.778Z [L0]: 6/4 [0]12:32:42.389 D/CLayout SBEngine: Creating object 0x8256c5e8 in 36,324,275,483 id 224(NotificationLayer.infinite_26.content_image6)
2026-06-04T12:32:42.779Z [L0]: 6/4 [0]12:32:42.389 D/CLayout SBEngine: Creating object 0x8256c61c in 36,161,443,196 id 225(NotificationLayer.infinite_26.content6)
2026-06-04T12:32:42.780Z [L0]: 6/4 [0]12:32:42.389 D/CLayout SBEngine: Creating object 0x8256c650 in 22,242,429,319 id 226(NotificationLayer.infinite_26.textBtn)
2026-06-04T12:32:42.780Z [L0]: 6/4 [0]12:32:42.389 D/CLayout SBEngine: Creating render 0x8256c684 in 14,4,380,63 id 227(NotificationLayer.infinite_26.textBtn:0)
2026-06-04T12:32:42.783Z [L0]: 6/4 [0]12:32:42.389 D/CLayout SBEngine: Creating render 0x8256c6b8 in 367,18,398,49 id 228(NotificationLayer.infinite_26.textBtn:1)
2026-06-04T12:32:42.784Z [L0]: 6/4 [0]12:32:42.389 D/CLayout SBEngine: Creating object 0x8256c6ec in 418,242,457,281 id 229(NotificationLayer.infinite_26.icon_top)
2026-06-04T12:32:42.785Z [L0]: 6/4 [0]12:32:42.390 D/CLayout SBEngine: Creating object 0x8256c720 in 22,0,457,232 id 230(NotificationLayer.infinite_26.notif_bg_color)
2026-06-04T12:32:42.786Z [L0]: 6/4 [0]12:32:42.390 D/CLayout SBEngine: Creating object 0x8256c754 in 22,0,457,279 id 231(NotificationLayer.infinite_26.touch_select)
2026-06-04T12:32:42.787Z [L0]: 6/4 [0]12:32:42.390 D/NOTFWG SBEngine: [addLayoutBranch] add branch NotificationLayer.infinite_26 -2107738652 
2026-06-04T12:32:42.789Z [L0]: 6/4 [0]12:32:42.390 D/CLayout SBEngine: Load layer list_layer
2026-06-04T12:32:42.790Z [L0]: 6/4 [0]12:32:42.390 D/CLayout SBEngine: Creating object 0x8256c788 in 0,800,493,1039 id 201(NotificationLayer.infinite_27)
2026-06-04T12:32:42.791Z [L0]: 6/4 [0]12:32:42.390 D/CLayout SBEngine: Creating object 0x8256c7bc in 22,0,471,239 id 202(null)
2026-06-04T12:32:42.793Z [L0]: 6/4 [0]12:32:42.391 D/CLayout SBEngine: Creating object 0x8256c7f0 in 36,14,443,58 id 203(NotificationLayer.infinite_27.title)
2026-06-04T12:32:42.794Z [L0]: 6/4 [0]12:32:42.391 D/CLayout SBEngine: Creating object 0x8256c824 in 36,14,515,53 id 204(NotificationLayer.infinite_27.time)
2026-06-04T12:32:42.795Z [L0]: 6/4 [0]12:32:42.391 D/CLayout SBEngine: Creating object 0x8256c858 in 36,194,443,229 id 205(NotificationLayer.infinite_27.second_title)
2026-06-04T12:32:42.796Z [L0]: 6/4 [0]12:32:42.392 D/CLayout SBEngine: Creating object 0x8256c88c in 36,324,275,483 id 206(NotificationLayer.infinite_27.content_image)
2026-06-04T12:32:42.797Z [L0]: 6/4 [0]12:32:42.392 D/CLayout SBEngine: Creating object 0x8256c8c0 in 36,161,443,196 id 207(NotificationLayer.infinite_27.content)
2026-06-04T12:32:42.798Z [L0]: 6/4 [0]12:32:42.392 D/CLayout SBEngine: Creating object 0x8256c8f4 in 36,324,443,339 id 208(NotificationLayer.infinite_27.line)
2026-06-04T12:32:42.799Z [L0]: 6/4 [0]12:32:42.392 D/CLayout SBEngine: Creating object 0x8256c928 in 36,324,275,483 id 209(NotificationLayer.infinite_27.content_image1)
2026-06-04T12:32:42.799Z [L0]: 6/4 [0]12:32:42.393 D/CLayout SBEngine: Creating object 0x8256c95c in 36,161,443,196 id 210(NotificationLayer.infinite_27.content1)
2026-06-04T12:32:42.800Z [L0]: 6/4 [0]12:32:42.393 D/CLayout SBEngine: Creating object 0x8256c990 in 36,324,443,339 id 211(NotificationLayer.infinite_27.line1)
2026-06-04T12:32:42.801Z [L0]: 6/4 [0]12:32:42.393 D/CLayout SBEngine: Creating object 0x8256c9c4 in 36,324,275,483 id 212(NotificationLayer.infinite_27.content_image2)
2026-06-04T12:32:42.802Z [L0]: 6/4 [0]12:32:42.393 D/CLayout SBEngine: Creating object 0x8256c9f8 in 36,161,443,196 id 213(NotificationLayer.infinite_27.content2)
2026-06-04T12:32:42.803Z [L0]: 6/4 [0]12:32:42.393 D/CLayout SBEngine: Creating object 0x8256ca2c in 36,324,443,339 id 214(NotificationLayer.infinite_27.line2)
2026-06-04T12:32:42.805Z [L0]: 6/4 [0]12:32:42.393 D/CLayout SBEngine: Creating object 0x8256ca60 in 36,324,275,483 id 215(NotificationLayer.infinite_27.content_image3)
2026-06-04T12:32:42.805Z [L0]: 6/4 [0]12:32:42.393 D/CLayout SBEngine: Creating object 0x8256ca94 in 36,161,443,196 id 216(NotificationLayer.infinite_27.content3)
2026-06-04T12:32:42.806Z [L0]: 6/4 [0]12:32:42.394 D/CLayout SBEngine: Creating object 0x8256cac8 in 36,324,443,339 id 217(NotificationLayer.infinite_27.line3)
2026-06-04T12:32:42.807Z [L0]: 6/4 [0]12:32:42.394 D/CLayout SBEngine: Creating object 0x8256cafc in 36,324,275,483 id 218(NotificationLayer.infinite_27.content_image4)
2026-06-04T12:32:42.808Z [L0]: 6/4 [0]12:32:42.394 D/CLayout SBEngine: Creating object 0x8256cb30 in 36,161,443,196 id 219(NotificationLayer.infinite_27.content4)
2026-06-04T12:32:42.809Z [L0]: 6/4 [0]12:32:42.394 D/CLayout SBEngine: Creating object 0x8256cb64 in 36,324,443,339 id 220(NotificationLayer.infinite_27.line4)
2026-06-04T12:32:42.810Z [L0]: 6/4 [0]12:32:42.394 D/CLayout SBEngine: Creating object 0x8256cb98 in 36,324,275,483 id 221(NotificationLayer.infinite_27.content_image5)
2026-06-04T12:32:42.811Z [L0]: 6/4 [0]12:32:42.394 D/CLayout SBEngine: Creating object 0x8256cbcc in 36,161,443,196 id 222(NotificationLayer.infinite_27.content5)
2026-06-04T12:32:42.812Z [L0]: 6/4 [0]12:32:42.394 D/CLayout SBEngine: Creating object 0x8256cc00 in 36,324,443,339 id 223(NotificationLayer.infinite_27.line5)
2026-06-04T12:32:42.812Z [L0]: 6/4 [0]12:32:42.395 D/CLayout SBEngine: Creating object 0x8256cc34 in 36,324,275,483 id 224(NotificationLayer.infinite_27.content_image6)
2026-06-04T12:32:42.814Z [L0]: 6/4 [0]12:32:42.395 D/CLayout SBEngine: Creating object 0x8256cc68 in 36,161,443,196 id 225(NotificationLayer.infinite_27.content6)
2026-06-04T12:32:42.815Z [L0]: 6/4 [0]12:32:42.395 D/CLayout SBEngine: Creating object 0x8256cc9c in 22,242,429,319 id 226(NotificationLayer.infinite_27.textBtn)
2026-06-04T12:32:42.815Z [L0]: 6/4 [0]12:32:42.395 D/CLayout SBEngine: Creating render 0x8256ccd0 in 14,4,380,63 id 227(NotificationLayer.infinite_27.textBtn:0)
2026-06-04T12:32:42.816Z [L0]: 6/4 [0]12:32:42.395 D/CLayout SBEngine: Creating render 0x8256cd04 in 367,18,398,49 id 228(NotificationLayer.infinite_27.textBtn:1)
2026-06-04T12:32:42.816Z [L0]: 6/4 [0]12:32:42.396 D/CLayout SBEngine: Creating object 0x8256cd38 in 418,242,457,281 id 229(NotificationLayer.infinite_27.icon_top)
2026-06-04T12:32:42.817Z [L0]: 6/4 [0]12:32:42.396 D/CLayout SBEngine: Creating object 0x8256cd6c in 22,0,457,232 id 230(NotificationLayer.infinite_27.notif_bg_color)
2026-06-04T12:32:42.818Z [L0]: 6/4 [0]12:32:42.397 D/CLayout SBEngine: Creating object 0x8256cda0 in 22,0,457,279 id 231(NotificationLayer.infinite_27.touch_select)
2026-06-04T12:32:42.820Z [L0]: 6/4 [0]12:32:42.397 D/NOTFWG SBEngine: [addLayoutBranch] add branch NotificationLayer.infinite_27 -2108242040 
2026-06-04T12:32:42.820Z [L0]: 6/4 [0]12:32:42.397 I/MList SBEngine: itemInitItem update item eid:0
2026-06-04T12:32:42.820Z [L0]: 6/4 [0]12:32:42.397 W/NOTFWG SBEngine: settingList_updateItem error 0
2026-06-04T12:32:42.821Z [L0]: 6/4 [0]12:32:42.398 I/MList SBEngine: itemInitItem update item eid:1
2026-06-04T12:32:42.821Z [L0]: 6/4 [0]12:32:42.398 W/NOTFWG SBEngine: settingList_updateItem idx=1,itemGroupPath=NotificationLayer.item_1,itemLevel=0,itemidx=1
2026-06-04T12:32:42.823Z [L0]: 6/4 [0]12:32:42.398 I/MList SBEngine: relayout2 updateByAnchor: lv 0,idx 0, y 0,h 101
2026-06-04T12:32:42.823Z [L0]: 6/4 [0]12:32:42.398 I/MList SBEngine: lv 0,idx 1,y 132,h 110,eid:1
2026-06-04T12:32:42.824Z [L0]: 6/4 [0]12:32:42.399 I/MList SBEngine: objLayout lv 0,idx 1, y 132,h 110, eid:1 path:item_1,visible:1 CanMovex: 0
2026-06-04T12:32:42.825Z [L0]: 6/4 [0]12:32:42.400 I/MList SBEngine: relayout2 finished
2026-06-04T12:32:42.825Z [L0]: 6/4 [0]12:32:42.401 W/NOTFWG SBEngine: [setFocusItemDetailToFlow] No valid list item
2026-06-04T12:32:42.826Z [L0]: 6/4 [0]12:32:42.401 I/MListFocus SBEngine: mList_bgMode_showFocus user set 1 true
2026-06-04T12:32:42.827Z [L0]: 6/4 [0]12:32:42.402 W/NOTFWG SBEngine: =======setNotificationInfo all_item=0
2026-06-04T12:32:42.828Z [L0]: 6/4 [0]12:32:42.403 W/NOTFWG SBEngine: =======setNotificationInfo all_item=0
2026-06-04T12:32:42.829Z [L0]: 6/4 [0]12:32:42.404 I/LANCH SBEngine: launcherSetScrollDisable g_launcher_scroll_disable = 0
2026-06-04T12:32:42.829Z [L0]: 6/4 [0]12:32:42.404 D/LANCH SBEngine: launcher onScreenResume
2026-06-04T12:32:42.830Z [L0]: 6/4 [0]12:32:42.404 D/CLayout SBEngine: >>gr_notify_callback_context event=gre.screenhide.post from LauncherScreen to JsApp8_Screen
2026-06-04T12:32:42.830Z [L0]: 6/4 [0]12:32:42.404 D/sb_screen_adapter SBEngine: onSBScreenPostDestory JsApp8_Screen
2026-06-04T12:32:42.832Z [L0]: 6/4 [0]12:32:42.405 I/js_view SBEngine: onScreenPostDestory screenContext 0x81c234b8
2026-06-04T12:32:42.833Z [L0]: 6/4 [0]12:32:42.405 I/js_view SBEngine: js_get_app_screen_ctx: found screen(JsApp8_Screen)
2026-06-04T12:32:42.833Z [L0]: 6/4 [0]12:32:42.405 I/js_rt_screen_app SBEngine: [js_screen_app_on_destroy] destory_app 1 rt_cell->pcid 1000000002
2026-06-04T12:32:42.834Z [L0]: 6/4 [0]12:32:42.405 I/js_runtime SBEngine: malloc_size:1208792 before destory page
2026-06-04T12:32:42.834Z [L0]: 6/4 [0]12:32:42.405 I/jsRtApkMng SBEngine: js_rt_DestoryContiner: pcid(1000000002)
2026-06-04T12:32:42.835Z [L0]: 6/4 [0]12:32:42.405 D/jsRtApkMng SBEngine: switch_currentApp: same pid: 16 (appid 0010C8D9)
2026-06-04T12:32:42.836Z [L0]: 6/4 [0]12:32:42.405 D/js_timer SBEngine: _timer_on_destroy pcid(1000000002)
2026-06-04T12:32:42.837Z [L0]: 6/4 [0]12:32:42.405 D/JsMsgBus SBEngine: _on_rt_destroy pcid: 1000000002
2026-06-04T12:32:42.838Z [L0]: 6/4 [0]12:32:42.405 D/JS_SETTING SBEngine: _onAppDestroyed pcid(1000000002)
2026-06-04T12:32:42.838Z [L0]: 6/4 [0]12:32:42.406 D/js_ui SBEngine: js_delete_widget2 name:JsTemplate.image, id:552
2026-06-04T12:32:42.839Z [L0]: 6/4 [0]12:32:42.406 D/js_ui SBEngine: js_delete_widget2 name:JsTemplate.text, id:553
2026-06-04T12:32:42.841Z [L0]: 6/4 [0]12:32:42.406 D/js_ui SBEngine: js_delete_widget2 name:JsTemplate.text, id:554
2026-06-04T12:32:42.841Z [L0]: 6/4 [0]12:32:42.406 D/js_ui SBEngine: js_delete_widget2 name:JsTemplate.image, id:555
2026-06-04T12:32:42.842Z [L0]: 6/4 [0]12:32:42.406 D/js_ui SBEngine: js_delete_widget2 name:JsTemplate.image, id:556
2026-06-04T12:32:42.842Z [L0]: 6/4 [0]12:32:42.406 D/js_ui SBEngine: js_delete_widget2 name:JsTemplate.image, id:557
2026-06-04T12:32:42.843Z [L0]: 6/4 [0]12:32:42.406 D/js_ui SBEngine: js_delete_widget2 name:JsTemplate.text, id:558
2026-06-04T12:32:42.843Z [L0]: 6/4 [0]12:32:42.406 D/js_ui SBEngine: js_delete_widget2 name:JsTemplate.group, id:551
2026-06-04T12:32:42.844Z [L0]: 6/4 [0]12:32:42.407 D/JS_BLEFT SBEngine: _file_transfer_destroy pcid(1000000002)
2026-06-04T12:32:42.844Z [L0]: 6/4 [0]12:32:42.407 D/jsMedia SBEngine: js_media_destory pcid(1000000002)
2026-06-04T12:32:42.845Z [L0]: 6/4 [0]12:32:42.407 D/JsSysApi SBEngine: _onJsAppDestroy pcid(1000000002)
2026-06-04T12:32:42.847Z [L0]: 6/4 [0]12:32:42.407 D/JsOnlineVAD SBEngine: _onJsAppDestroy pcid(1000000002)
2026-06-04T12:32:42.847Z [L0]: 6/4 [0]12:32:42.408 I/jsRtApkMng SBEngine: js_rt_DestoryApp: pcid(1000000002)
2026-06-04T12:32:42.848Z [L0]: 6/4 [0]12:32:42.408 D/jsRtApkMng SBEngine: switch_currentApp: same pid: 16 (appid 0010C8D9)
2026-06-04T12:32:42.849Z [L0]: 6/4 [0]12:32:42.408 D/js_rt_app SBEngine: runAppFunc: run App: onDestory
2026-06-04T12:32:42.850Z [L0]: 6/4 [0]12:32:42.408 D/js_rt_app SBEngine: runAppFunc: run App: onDestroy
2026-06-04T12:32:42.851Z [L0]: 6/4 [0]12:32:42.408 D/jsRtApkMng SBEngine: [js_rt_pcid_set] 1000000002 -> 1000000000
2026-06-04T12:32:42.851Z [L0]: 6/4 [0]12:32:42.409 D/jsMmStat SBEngine: [js_mm_stat_ctx_set] pcid: 1000000002 -> 1000000000
2026-06-04T12:32:42.853Z [L0]: 6/4 [0]12:32:42.409 D/jsMmStat SBEngine: get_mid found mid 0
2026-06-04T12:32:42.853Z [L0]: 6/4 [0]12:32:42.409 I/quickjs-libc SBEngine: app on destroy invoke 
2026-06-04T12:32:42.854Z [L0]: 6/4 [0]12:32:42.411 D/js_timer SBEngine: _timer_on_destroy pcid(1000000000)
2026-06-04T12:32:42.855Z [L0]: 6/4 [0]12:32:42.411 D/JsMsgBus SBEngine: _on_rt_destroy pcid: 1000000000
2026-06-04T12:32:42.856Z [L0]: 6/4 [0]12:32:42.411 W/jsapp_sp SBEngine: [js_app_srv_wf_get_node] not found for appid[0010c8d9]
2026-06-04T12:32:42.857Z [L0]: 6/4 [0]12:32:42.412 D/JS_SETTING SBEngine: _onAppDestroyed pcid(1000000000)
2026-06-04T12:32:42.858Z [L0]: 6/4 [0]12:32:42.412 D/js_ui SBEngine: js_widget_destroy_class_proto JsTemplate.group
2026-06-04T12:32:42.858Z [L0]: 6/4 [0]12:32:42.412 D/js_ui SBEngine: js_widget_destroy_class_proto JsTemplate.text
2026-06-04T12:32:42.859Z [L0]: 6/4 [0]12:32:42.412 D/JS_BLEFT SBEngine: _file_transfer_destroy pcid(1000000000)
2026-06-04T12:32:42.861Z [L0]: 6/4 [0]12:32:42.412 D/jsMedia SBEngine: js_media_destory pcid(1000000000)
2026-06-04T12:32:42.862Z [L0]: 6/4 [0]12:32:42.412 D/JsSysApi SBEngine: _onJsAppDestroy pcid(1000000000)
2026-06-04T12:32:42.862Z [L0]: 6/4 [0]12:32:42.412 D/JsOnlineVAD SBEngine: _onJsAppDestroy pcid(1000000000)
2026-06-04T12:32:42.863Z [L0]: 6/4 [0]12:32:42.413 I/jsRtApkMng SBEngine: switch_currentApp: reset to pid: 2 (appid 2DFF)
2026-06-04T12:32:42.864Z [L0]: 6/4 [0]12:32:42.413 D/jsMmStat SBEngine: [js_mm_stat_ctx_set] pcid: 1000000000 -> 200000001
2026-06-04T12:32:42.865Z [L0]: 6/4 [0]12:32:42.413 I/js_runtime SBEngine: malloc_size:1188360 after destory app
2026-06-04T12:32:42.866Z [L0]: 6/4 [0]12:32:42.413 D/js_rt_screen_common SBEngine: js_screen_destory_app: run GC
2026-06-04T12:32:42.868Z [L0]: 6/4 [0]12:32:42.425 I/js_runtime SBEngine: malloc_size:1162900 after destory page
2026-06-04T12:32:42.868Z [L0]: 6/4 [0]12:32:42.425 D/jsRtApkMng SBEngine: js_rt_get_appid: app_p is NULL, pcid(1000000000)
2026-06-04T12:32:42.869Z [L0]: 6/4 [0]12:32:42.425 D/jsMmStat SBEngine: _mm_check_running appid 1099993 pid 16 stopped!
2026-06-04T12:32:42.870Z [L0]: 6/4 [0]12:32:42.425 I/jsMmStat SBEngine: [0] appid:00002DFF pid:  2 count:  786 total:  56876 peak:  65916 bytes
2026-06-04T12:32:42.872Z [L0]: 6/4 [0]12:32:42.425 I/jsMmStat SBEngine: [0] appid:00000001 pid:  0 count:17249 total:1087676 peak:1410148 bytes
2026-06-04T12:32:42.873Z [L0]: 6/4 [0]12:32:42.425 I/js_rt_screen_app SBEngine: _release_layer cell_p 0x800430eb release JsAppEmpty4 , type 5
2026-06-04T12:32:42.874Z [L0]: 6/4 [0]12:32:42.426 I/js_rt_screen_app SBEngine: [js_screen_app_on_destroy] destorying app, current cell is set to NULL
2026-06-04T12:32:42.875Z [L0]: 6/4 [0]12:32:42.426 D/CLayout SBEngine: context 3 destruction complete!
2026-06-04T12:32:42.876Z [L0]: 6/4 [0]12:32:42.426 I/js_view SBEngine: onScreenPostDestory screen JsApp8_Screen detach layer JsAppEmpty4
2026-06-04T12:32:42.877Z [L0]: 6/4 [0]12:32:42.426 I/js_view SBEngine: onScreenPostDestory end
2026-06-04T12:32:42.878Z [L0]: 6/4 [0]12:32:42.426 D/CLayout SBEngine: context 0 destruction complete!
2026-06-04T12:32:42.879Z [L0]: 6/4 [0]12:32:42.443 I/SB SBEngine: stop deletion list timer.
2026-06-04T12:32:42.879Z [L0]: 6/4 [0]12:32:42.444 D/CLayout SBEngine: >>gr_notify_callback_context event=gre.screenshow.pre from LauncherScreen to JsApp9_Screen
2026-06-04T12:32:42.880Z [L0]: 6/4 [0]12:32:42.445 D/sb_screen_adapter SBEngine: onSBScreenPreCreate JsApp9_Screen
2026-06-04T12:32:42.882Z [L0]: 6/4 [0]12:32:42.445 D/CLayout SBEngine: [_load_file_to_memory] stat '/storage/system/resources/styles/JsApp9_Screen.bstyle' failed!
2026-06-04T12:32:42.883Z [L0]: 6/4 [0]12:32:42.445 I/js_view SBEngine: onScreenPreCreate start, screenContext 0x81b201e4
2026-06-04T12:32:42.884Z [L0]: 6/4 [0]12:32:42.445 I/js_view SBEngine: js_get_app_screen_ctx: found screen(JsApp9_Screen)
2026-06-04T12:32:42.885Z [L0]: 6/4 [0]12:32:42.446 I/js_rt_screen_app SBEngine: _get_layer_name allocate JsAppEmpty5, type 5
2026-06-04T12:32:42.886Z [L0]: 6/4 [0]12:32:42.446 I/js_view SBEngine: onScreenPreCreate screen[JsApp9_Screen] requeset new cntr context id[2]
2026-06-04T12:32:42.888Z [L0]: 6/4 [0]12:32:42.446 I/js_view SBEngine: onScreenPreCreate layer JsAppEmpty5 attach to screen JsApp9_Screen 
2026-06-04T12:32:42.889Z [L0]: 6/4 [0]12:32:42.446 I/js_rt_screen_app SBEngine: [js_screen_app_on_create] cell_p 0x80043125 current_cell->pcid ffffffffffffffff cell_p->arg->pcid 1000000002
2026-06-04T12:32:42.890Z [L0]: 6/4 [0]12:32:42.446 I/js_rt_screen_app SBEngine: js_screen_app_on_create: pcid(FFFFFFFFFFFFFFFF), launch type(1) current_cell set to 0x8004311c
2026-06-04T12:32:42.890Z [L0]: 6/4 [0]12:32:42.446 D/js_rt_screen SBEngine: js_set_working_rtcell cell 0x8004311c
2026-06-04T12:32:42.891Z [L0]: 6/4 [0]12:32:42.447 W/js_rt_screen_common SBEngine: js_screen_run_continer: container type:0 pcid(1000000002) from arg
2026-06-04T12:32:42.892Z [L0]: 6/4 [0]12:32:42.447 D/jsRtApkMng SBEngine: js_rt_get_appid: app_p is NULL, pcid(1000000002)
2026-06-04T12:32:42.894Z [L0]: 6/4 [0]12:32:42.447 W/js_rt_screen_common SBEngine: js_screen_run_continer: restart appid(1099993)
2026-06-04T12:32:42.896Z [L0]: 6/4 [0]12:32:42.447 D/js_rt_screen SBEngine: js_set_working_rtcell cell 0x8004311c
2026-06-04T12:32:42.897Z [L0]: 6/4 [0]12:32:42.448 I/js_runtime SBEngine: malloc_size:1162900 before load app
2026-06-04T12:32:42.898Z [L0]: 6/4 [0]12:32:42.448 D/jsMmStat SBEngine: get_mid found mid 1
2026-06-04T12:32:42.899Z [L0]: 6/4 [0]12:32:42.448 D/jsMmStat SBEngine: [js_mm_stat_ctx_set] pcid: 200000001 -> 0
2026-06-04T12:32:42.900Z [L0]: 6/4 [0]12:32:42.448 D/jsMmStat SBEngine: get_mid found mid 1
2026-06-04T12:32:42.901Z [L0]: 6/4 [0]12:32:42.448 D/js_timer SBEngine: _timer_on_init pcid(1100000000)
2026-06-04T12:32:42.902Z [L0]: 6/4 [0]12:32:42.449 D/jsMmStat SBEngine: [js_mm_stat_ctx_set] pcid: 0 -> 1100000000
2026-06-04T12:32:42.903Z [L0]: 6/4 [0]12:32:42.449 D/jsRtApkMng SBEngine: switch_currentApp: pid: 2 -> 17 (appid 10C8D9)
2026-06-04T12:32:42.904Z [L0]: 6/4 [0]12:32:42.449 I/jsRtApkMng SBEngine: [js_rt_loadApp2] path: /storage/data/js_apps/0010C8D9/app.js
2026-06-04T12:32:42.905Z [L0]: 6/4 [0]12:32:42.449 D/jsRtApkMng SBEngine: [js_rt_pcid_set] 1000000000 -> 1100000000
2026-06-04T12:32:42.906Z [L0]: 6/4 [0]12:32:42.449 I/js_native.h SBEngine: eval_buf path:/storage/data/js_apps/0010C8D9/app.js, eval_buff(1013)
2026-06-04T12:32:42.907Z [L0]: 6/4 [0]12:32:42.449 I/jsMmStat SBEngine: [mm_stat_node_new] add node, pid: 17
2026-06-04T12:32:42.908Z [L0]: 6/4 [0]12:32:42.449 D/jsMmStat SBEngine: get_mid alloc mid 0
2026-06-04T12:32:42.909Z [L0]: 6/4 [0]12:32:42.453 I/quickjs-libc SBEngine: current filepath: /app.js 
2026-06-04T12:32:42.910Z [L0]: 6/4 [0]12:32:42.456 D/JS_SETTING SBEngine: sim_get_config_path: config file: /storage/system/simulator_cfg.json
2026-06-04T12:32:42.911Z [L0]: 6/4 [0]12:32:42.456 D/js_fs_common SBEngine: js_read_file: file: /storage/system/simulator_cfg.json
2026-06-04T12:32:42.911Z [L0]: 6/4 [0]12:32:42.461 I/JS_FS SBEngine: js_fs_open2: /storage/data/js_apps/0010C8D9/assets/raw/locale/TID.btxt, fd:7, flags: 0
2026-06-04T12:32:42.913Z [L0]: 6/4 [0]12:32:42.461 I/JS_FS SBEngine: js_fs_close2 vfs_close fd:7 ret:0
2026-06-04T12:32:42.936Z [L0]: 6/4 [0]12:32:42.467 I/jsRtApkMng SBEngine: perf_resize 16
2026-06-04T12:32:42.937Z [L0]: 6/4 [0]12:32:42.470 D/jsRtApkMng SBEngine: perf_alloc 1/16
2026-06-04T12:32:42.938Z [L0]: 6/4 [0]12:32:42.471 D/jsRtApkMng SBEngine: perf_update evalTime 18 ms
2026-06-04T12:32:42.940Z [L0]: 6/4 [0]12:32:42.471 I/jsRtApkMng SBEngine: [js_rt_loadApp2] api-level: 300, pcid: 1100000000
2026-06-04T12:32:42.941Z [L0]: 6/4 [0]12:32:42.471 D/js_rt_app SBEngine: runAppFunc: run App: onCreate
2026-06-04T12:32:42.942Z [L0]: 6/4 [0]12:32:42.471 I/quickjs-libc SBEngine: app on create invoke 
2026-06-04T12:32:42.944Z [L0]: 6/4 [0]12:32:42.471 D/jsRtApkMng SBEngine: perf_update createTime 0 ms
2026-06-04T12:32:42.945Z [L0]: 6/4 [0]12:32:42.471 I/js_runtime SBEngine: malloc_size:1185204 after load app
2026-06-04T12:32:42.945Z [L0]: 6/4 [0]12:32:42.471 I/js_runtime SBEngine: malloc_size:1185204 before load page
2026-06-04T12:32:42.946Z [L0]: 6/4 [0]12:32:42.472 D/jsRtApkMng SBEngine: js_rt_loadContiner: pcid(1100000000) type:0 file:page/home/home
2026-06-04T12:32:42.948Z [L0]: 6/4 [0]12:32:42.472 W/PluginLst SBEngine: js_plugin_get_info: Warning: index 0 >= plugin count 0
2026-06-04T12:32:42.949Z [L0]: 6/4 [0]12:32:42.472 I/jsRtApkMng SBEngine: jsapp_check_keyboard(0x10c8d9) is 0  file:page/home/home
2026-06-04T12:32:42.949Z [L0]: 6/4 [0]12:32:42.472 D/js_timer SBEngine: _timer_on_init pcid(1100000001)
2026-06-04T12:32:42.950Z [L0]: 6/4 [0]12:32:42.472 D/jsMmStat SBEngine: [js_mm_stat_ctx_set] pcid: 1100000000 -> 1100000001
2026-06-04T12:32:42.951Z [L0]: 6/4 [0]12:32:42.472 D/jsRtApkMng SBEngine: switch_currentApp: same pid: 17 (appid 0010C8D9)
2026-06-04T12:32:42.952Z [L0]: 6/4 [0]12:32:42.472 D/jsMmStat SBEngine: get_mid found mid 1
2026-06-04T12:32:42.953Z [L0]: 6/4 [0]12:32:42.472 I/jsMmStat SBEngine: [mm_stat_node_del] pid: 16
2026-06-04T12:32:42.954Z [L0]: 6/4 [0]12:32:42.472 D/jsRtApkMng SBEngine: switch_currentContainer: cid: 0 -> 1
2026-06-04T12:32:42.955Z [L0]: 6/4 [0]12:32:42.472 I/jsRtApkMng SBEngine: [js_rt_loadContiner2] path: /storage/data/js_apps/0010C8D9/page/home/home.js
2026-06-04T12:32:42.956Z [L0]: 6/4 [0]12:32:42.473 D/jsRtApkMng SBEngine: [js_rt_pcid_set] 1100000000 -> 1100000001
2026-06-04T12:32:42.956Z [L0]: 6/4 [0]12:32:42.473 I/js_native.h SBEngine: eval_buf path:/storage/data/js_apps/0010C8D9/page/home/home.js, eval_buff(7778)
2026-06-04T12:32:42.957Z [L0]: 6/4 [0]12:32:42.485 I/quickjs-libc SBEngine: current filepath: /page/home/home.js 
2026-06-04T12:32:42.958Z [L0]: 6/4 [0]12:32:42.491 I/amPERMSN SBEngine: amQueryPermissions get 3 permission authed.
2026-06-04T12:32:42.958Z [L0]: 6/4 [0]12:32:42.492 I/JS_FS SBEngine: js_fs_open2: /storage/data/js_apps/data/0010C8D9/__$$localstorage$$__, fd:7, flags: 0X40
2026-06-04T12:32:42.959Z [L0]: 6/4 [0]12:32:42.492 I/JS_FS SBEngine: js_fs_close2 vfs_close fd:7 ret:0
2026-06-04T12:32:42.961Z [L0]: 6/4 [0]12:32:42.496 D/jsRtApkMng SBEngine: perf_alloc 2/16
2026-06-04T12:32:42.962Z [L0]: 6/4 [0]12:32:42.496 D/jsRtApkMng SBEngine: perf_update evalTime 24 ms
2026-06-04T12:32:42.963Z [L0]: 6/4 [0]12:32:42.496 D/jsRtApkMng SBEngine: js_rt_loadContiner: succeed, appid(0010C8D9) pcid(1100000001)
2026-06-04T12:32:42.964Z [L0]: 6/4 [0]12:32:42.496 D/js_rt_continer SBEngine: runContinerFunc: run Continer func: onInit
2026-06-04T12:32:42.965Z [L0]: 6/4 [0]12:32:42.497 D/jsRtApkMng SBEngine: perf_update initTime 1 ms
2026-06-04T12:32:42.966Z [L0]: 6/4 [0]12:32:42.497 D/js_rt_continer SBEngine: runContinerFunc: run Continer func: onDataRestore
2026-06-04T12:32:42.967Z [L0]: 6/4 [0]12:32:42.498 D/js_rt_continer SBEngine: runContinerFunc: run Continer func: build
2026-06-04T12:32:42.968Z [L0]: 6/4 [0]12:32:42.499 D/js_ui SBEngine: js_widget_setup_class_proto JsTemplate.group
2026-06-04T12:32:42.969Z [L0]: 6/4 [0]12:32:42.499 D/js_ui SBEngine: js_create_widget2 name:JsTemplate.group, id:559, widget JsAppEmpty5.jsw_559
2026-06-04T12:32:42.969Z [L0]: 6/4 [0]12:32:42.501 D/js_ui SBEngine: js_create_widget2 name:JsTemplate.image, id:560, widget JsAppEmpty5.jsw_559.jsw_560
2026-06-04T12:32:42.970Z [L0]: 6/4 [0]12:32:42.502 D/js_ui SBEngine: js_widget_setup_class_proto JsTemplate.text
2026-06-04T12:32:42.971Z [L0]: 6/4 [0]12:32:42.503 D/js_ui SBEngine: js_create_widget2 name:JsTemplate.text, id:561, widget JsAppEmpty5.jsw_559.jsw_561
2026-06-04T12:32:42.972Z [L0]: 6/4 [0]12:32:42.504 D/js_ui SBEngine: js_create_widget2 name:JsTemplate.text, id:562, widget JsAppEmpty5.jsw_559.jsw_562
2026-06-04T12:32:42.973Z [L0]: 6/4 [0]12:32:42.506 D/js_ui SBEngine: js_create_widget2 name:JsTemplate.image, id:563, widget JsAppEmpty5.jsw_559.jsw_563
2026-06-04T12:32:42.974Z [L0]: 6/4 [0]12:32:42.508 D/js_ui SBEngine: js_create_widget2 name:JsTemplate.image, id:564, widget JsAppEmpty5.jsw_559.jsw_564
2026-06-04T12:32:42.974Z [L0]: 6/4 [0]12:32:42.509 D/js_ui SBEngine: js_create_widget2 name:JsTemplate.image, id:565, widget JsAppEmpty5.jsw_559.jsw_565
2026-06-04T12:32:42.975Z [L0]: 6/4 [0]12:32:42.510 D/js_ui SBEngine: js_create_widget2 name:JsTemplate.text, id:566, widget JsAppEmpty5.jsw_559.jsw_566
2026-06-04T12:32:42.977Z [L0]: 6/4 [0]12:32:42.511 D/jsRtApkMng SBEngine: perf_update buildTime 14 ms
2026-06-04T12:32:42.978Z [L0]: 6/4 [0]12:32:42.511 I/js_runtime SBEngine: malloc_size:1208936 after load page
2026-06-04T12:32:42.979Z [L0]: 6/4 [0]12:32:42.511 I/js_view SBEngine: onScreenPreCreate end
2026-06-04T12:32:42.979Z [L0]: 6/4 [0]12:32:42.511 D/CLayout SBEngine: >>gr_notify_callback_context event=gre.screenhide.pre from JsApp9_Screen to LauncherScreen
2026-06-04T12:32:42.980Z [L0]: 6/4 [0]12:32:42.511 D/sb_screen_adapter SBEngine: onSBScreenPreDestory LauncherScreen
2026-06-04T12:32:42.981Z [L0]: 6/4 [0]12:32:42.511 D/wf_js_layer SBEngine: updateDataOnInactive start
2026-06-04T12:32:42.982Z [L0]: 6/4 [0]12:32:42.511 D/js_rt_screen_common SBEngine: js_screen_suspend_app: screen suspend. pcid(200000001)
2026-06-04T12:32:42.984Z [L0]: 6/4 [0]12:32:42.512 I/jsRtApkMng SBEngine: js_rt_SuspendApp: pcid(200000001)
2026-06-04T12:32:42.985Z [L0]: 6/4 [0]12:32:42.512 D/jsMmStat SBEngine: [js_mm_stat_ctx_set] pcid: 1100000001 -> 200000001
2026-06-04T12:32:42.986Z [L0]: 6/4 [0]12:32:42.512 D/jsRtApkMng SBEngine: switch_currentApp: pid: 17 -> 2 (appid 2DFF)
2026-06-04T12:32:42.986Z [L0]: 6/4 [0]12:32:42.512 D/js_rt_continer SBEngine: runContinerFunc: run Continer func: onPause
2026-06-04T12:32:42.987Z [L0]: 6/4 [0]12:32:42.512 D/jsMmStat SBEngine: get_mid found mid 1
2026-06-04T12:32:42.988Z [L0]: 6/4 [0]12:32:42.512 D/jsRtApkMng SBEngine: [js_rt_pcid_set] 1100000001 -> 200000001
2026-06-04T12:32:42.989Z [L0]: 6/4 [0]12:32:42.513 D/js_timer SBEngine: _timer_on_pause pcid(200000001)
2026-06-04T12:32:42.991Z [L0]: 6/4 [0]12:32:42.513 D/JS_SETTING SBEngine: js_setting_pause (200000001)
2026-06-04T12:32:42.992Z [L0]: 6/4 [0]12:32:42.514 I/wf_simluator_data SBEngine: StData_unregisterListner: use current thread
2026-06-04T12:32:42.993Z [L0]: 6/4 [0]12:32:42.514 I/wf_simluator_data SBEngine: listener[0x10166f85] un register successfully
2026-06-04T12:32:42.993Z [L0]: 6/4 [0]12:32:42.514 D/step_data_manager SBEngine: _un_regist unregist sensor server 
2026-06-04T12:32:42.994Z [L0]: 6/4 [0]12:32:42.514 I/wf_simluator_data SBEngine: StData_unregisterListner: use current thread
2026-06-04T12:32:42.995Z [L0]: 6/4 [0]12:32:42.514 I/wf_simluator_data SBEngine: listener[0x101689dd] un register successfully
2026-06-04T12:32:42.996Z [L0]: 6/4 [0]12:32:42.514 D/jswea SBEngine: _un_regist unregist sensor server 
2026-06-04T12:32:42.997Z [L0]: 6/4 [0]12:32:42.514 I/wf_simluator_data SBEngine: StData_unregisterListner: use current thread
2026-06-04T12:32:42.998Z [L0]: 6/4 [0]12:32:42.515 I/wf_simluator_data SBEngine: listener[0x1016a9b9] un register successfully
2026-06-04T12:32:42.998Z [L0]: 6/4 [0]12:32:42.515 D/battey_data_manager SBEngine: _un_regist unregist sensor server 
2026-06-04T12:32:43.000Z [L0]: 6/4 [0]12:32:42.515 I/wf_simluator_data SBEngine: StData_unregisterListner: use current thread
2026-06-04T12:32:43.001Z [L0]: 6/4 [0]12:32:42.515 I/wf_simluator_data SBEngine: listener[0x10163699] un register successfully
2026-06-04T12:32:43.002Z [L0]: 6/4 [0]12:32:42.515 D/calorie_data_manager SBEngine: _un_regist unregist sensor server 
2026-06-04T12:32:43.002Z [L0]: 6/4 [0]12:32:42.515 I/wf_simluator_data SBEngine: StData_unregisterListner: use current thread
2026-06-04T12:32:43.004Z [L0]: 6/4 [0]12:32:42.515 I/wf_simluator_data SBEngine: listener[0x10163d1d] un register successfully
2026-06-04T12:32:43.005Z [L0]: 6/4 [0]12:32:42.515 E/MessageManger SBEngine: error listener 0x10169dd1
2026-06-04T12:32:43.006Z [L0]: 6/4 [0]12:32:42.515 I/quickjs-libc SBEngine: ui pause 
2026-06-04T12:32:43.007Z [L0]: 6/4 [0]12:32:42.516 D/js_sensor SBEngine: _pause_resume_process: sensor id: 0
2026-06-04T12:32:43.008Z [L0]: 6/4 [0]12:32:42.516 I/SYS_STAT_PT SBEngine: System_unregisterSPListner: use current thread
2026-06-04T12:32:43.009Z [L0]: 6/4 [0]12:32:42.516 I/widget_time_image SBEngine: touch JSW_EO_TIME_UPDATE 1
2026-06-04T12:32:43.010Z [L0]: 6/4 [0]12:32:42.516 D/timer_data_manager SBEngine: _regist timeConfig.repeatTime 800
2026-06-04T12:32:43.010Z [L0]: 6/4 [0]12:32:42.516 E/MessageManger SBEngine: error listener 0x10169dd1
2026-06-04T12:32:43.011Z [L0]: 6/4 [0]12:32:42.517 D/wf_js_layer SBEngine: updateDataOnInactive end
2026-06-04T12:32:43.012Z [L0]: 6/4 [0]12:32:42.517 D/LANCH SBEngine: launcher onScreenPause
2026-06-04T12:32:43.013Z [L0]: 6/4 [0]12:32:42.517 D/LANCH SBEngine: launcher onScreenPreDestory
2026-06-04T12:32:43.014Z [L0]: 6/4 [0]12:32:42.517 I/SASSTWG SBEngine: [onContainerPreDestroy] enter
2026-06-04T12:32:43.016Z [L0]: 6/4 [0]12:32:42.517 I/SASSTWG SBEngine: g_smartIndexBuff is null or saved!!! func:saveSmartContainer LINE:1247
2026-06-04T12:32:43.016Z [L0]: 6/4 [0]12:32:42.517 I/SASSTWG SBEngine: [onContainerPreDestroy] end
2026-06-04T12:32:43.017Z [L0]: 6/4 [0]12:32:42.517 D/sb_screen_adapter SBEngine: OnDataSave LauncherScreen
2026-06-04T12:32:43.018Z [L0]: Recv buf length = 1460, ofs = 0
2026-06-04T12:32:43.020Z [L0]: Recv buf length = 2920, ofs = 0
2026-06-04T12:32:43.021Z [L0]: Recv buf length = 4380, ofs = 0
2026-06-04T12:32:43.021Z [L0]: Recv buf length = 5840, ofs = 0
2026-06-04T12:32:43.022Z [L0]: Recv buf length = 7300, ofs = 0
2026-06-04T12:32:43.023Z [L0]: Recv buf length = 8760, ofs = 0
2026-06-04T12:32:43.024Z [L0]: Recv buf length = 10220, ofs = 0
2026-06-04T12:32:43.025Z [L0]: Recv buf length = 11680, ofs = 0
2026-06-04T12:32:43.026Z [L0]: Recv buf length = 13140, ofs = 0
2026-06-04T12:32:43.027Z [L0]: Recv buf length = 14600, ofs = 0
2026-06-04T12:32:43.028Z [L0]: Recv buf length = 16060, ofs = 0
2026-06-04T12:32:43.029Z [L0]: Recv buf length = 17520, ofs = 0
2026-06-04T12:32:43.029Z [L0]: Recv buf length = 18980, ofs = 0
2026-06-04T12:32:43.032Z [L0]: Recv buf length = 20440, ofs = 0
2026-06-04T12:32:43.033Z [L0]: Recv buf length = 21900, ofs = 0
2026-06-04T12:32:43.033Z [L0]: Recv buf length = 23360, ofs = 0
2026-06-04T12:32:43.035Z [L0]: Recv buf length = 24820, ofs = 0
2026-06-04T12:32:43.036Z [L0]: Recv buf length = 26280, ofs = 0
2026-06-04T12:32:43.036Z [L0]: Recv buf length = 27740, ofs = 0
2026-06-04T12:32:43.038Z [L0]: Recv buf length = 29200, ofs = 0
2026-06-04T12:32:43.039Z [L0]: Recv buf length = 30660, ofs = 0
2026-06-04T12:32:43.041Z [L0]: Recv buf length = 32120, ofs = 0
2026-06-04T12:32:43.041Z [L0]: Recv buf length = 33580, ofs = 0
2026-06-04T12:32:43.042Z [L0]: Recv buf length = 35040, ofs = 0
2026-06-04T12:32:43.043Z [L0]: Recv buf length = 36500, ofs = 0
2026-06-04T12:32:43.044Z [L0]: Recv buf length = 37960, ofs = 0
2026-06-04T12:32:43.044Z [L0]: Recv buf length = 39420, ofs = 0
2026-06-04T12:32:43.046Z [L0]: Recv buf length = 40880, ofs = 0
2026-06-04T12:32:43.047Z [L0]: Recv buf length = 42340, ofs = 0
2026-06-04T12:32:43.048Z [L0]: Recv buf length = 43800, ofs = 0
2026-06-04T12:32:43.049Z [L0]: Recv buf length = 45260, ofs = 0
2026-06-04T12:32:43.051Z [L0]: Recv buf length = 46720, ofs = 0
2026-06-04T12:32:43.052Z [L0]: Recv buf length = 48180, ofs = 0
2026-06-04T12:32:43.053Z [L0]: Recv buf length = 49640, ofs = 0
2026-06-04T12:32:43.054Z [L0]: Recv buf length = 51100, ofs = 0
2026-06-04T12:32:43.054Z [L0]: Recv buf length = 52560, ofs = 0
2026-06-04T12:32:43.056Z [L0]: Recv buf length = 54020, ofs = 0
2026-06-04T12:32:43.057Z [L0]: Recv buf length = 55480, ofs = 0
2026-06-04T12:32:43.058Z [L0]: Recv buf length = 56940, ofs = 0
2026-06-04T12:32:43.059Z [L0]: Recv buf length = 58400, ofs = 0
2026-06-04T12:32:43.060Z [L0]: Recv buf length = 59860, ofs = 0
2026-06-04T12:32:43.061Z [L0]: Recv buf length = 61320, ofs = 0
2026-06-04T12:32:43.061Z [L0]: Recv buf length = 62780, ofs = 0
2026-06-04T12:32:43.062Z [L0]: Recv buf length = 64240, ofs = 0
2026-06-04T12:32:43.063Z [L0]: Recv buf length = 65700, ofs = 0
2026-06-04T12:32:43.064Z [L0]: Recv buf length = 67160, ofs = 0
2026-06-04T12:32:43.065Z [L0]: Recv buf length = 68620, ofs = 0
2026-06-04T12:32:43.066Z [L0]: Recv buf length = 70080, ofs = 0
2026-06-04T12:32:43.067Z [L0]: Recv buf length = 71540, ofs = 0
2026-06-04T12:32:43.068Z [L0]: Recv buf length = 73000, ofs = 0
2026-06-04T12:32:43.069Z [L0]: Recv buf length = 74460, ofs = 0
2026-06-04T12:32:43.071Z [L0]: Recv buf length = 75920, ofs = 0
2026-06-04T12:32:43.071Z [L0]: Recv buf length = 77380, ofs = 0
2026-06-04T12:32:43.072Z [L0]: Recv buf length = 78840, ofs = 0
2026-06-04T12:32:43.073Z [L0]: Recv buf length = 80300, ofs = 0
2026-06-04T12:32:43.074Z [L0]: Recv buf length = 81760, ofs = 0
2026-06-04T12:32:43.075Z [L0]: Recv buf length = 83220, ofs = 0
2026-06-04T12:32:43.077Z [L0]: Recv buf length = 84680, ofs = 0
2026-06-04T12:32:43.078Z [L0]: Recv buf length = 86140, ofs = 0
2026-06-04T12:32:43.078Z [L0]: Recv buf length = 87600, ofs = 0
2026-06-04T12:32:43.079Z [L0]: Recv buf length = 89060, ofs = 0
2026-06-04T12:32:43.080Z [L0]: Recv buf length = 90520, ofs = 0
2026-06-04T12:32:43.082Z [L0]: Recv buf length = 91980, ofs = 0
2026-06-04T12:32:43.083Z [L0]: Recv buf length = 93440, ofs = 0
2026-06-04T12:32:43.084Z [L0]: Recv buf length = 94900, ofs = 0
2026-06-04T12:32:43.085Z [L0]: Recv buf length = 96360, ofs = 0
2026-06-04T12:32:43.085Z [L0]: Recv buf length = 97820, ofs = 0
2026-06-04T12:32:43.086Z [L0]: Recv buf length = 99280, ofs = 0
2026-06-04T12:32:43.087Z [L0]: Recv buf length = 100740, ofs = 0
2026-06-04T12:32:43.087Z [L0]: Recv buf length = 102200, ofs = 0
2026-06-04T12:32:43.089Z [L0]: Recv buf length = 103660, ofs = 0
2026-06-04T12:32:43.090Z [L0]: Recv buf length = 105120, ofs = 0
2026-06-04T12:32:43.091Z [L0]: Recv buf length = 106580, ofs = 0
2026-06-04T12:32:43.091Z [L0]: Recv buf length = 108040, ofs = 0
2026-06-04T12:32:43.092Z [L0]: Recv buf length = 109500, ofs = 0
2026-06-04T12:32:43.093Z [L0]: Recv buf length = 110960, ofs = 0
2026-06-04T12:32:43.094Z [L0]: Recv buf length = 112420, ofs = 0
2026-06-04T12:32:43.095Z [L0]: Recv buf length = 113880, ofs = 0
2026-06-04T12:32:43.097Z [L0]: Recv buf length = 115340, ofs = 0
2026-06-04T12:32:43.098Z [L0]: Recv buf length = 116800, ofs = 0
2026-06-04T12:32:43.099Z [L0]: Recv buf length = 118260, ofs = 0
2026-06-04T12:32:43.101Z [L0]: Recv buf length = 119720, ofs = 0
2026-06-04T12:32:43.102Z [L0]: Recv buf length = 121180, ofs = 0
2026-06-04T12:32:43.102Z [L0]: Recv buf length = 122640, ofs = 0
2026-06-04T12:32:43.104Z [L0]: Recv buf length = 124100, ofs = 0
2026-06-04T12:32:43.106Z [L0]: Recv buf length = 125560, ofs = 0
2026-06-04T12:32:43.106Z [L0]: Recv buf length = 127020, ofs = 0
2026-06-04T12:32:43.107Z [L0]: Recv buf length = 128480, ofs = 0
2026-06-04T12:32:43.108Z [L0]: Recv buf length = 129940, ofs = 0
2026-06-04T12:32:43.108Z [L0]: Recv buf length = 131400, ofs = 0
2026-06-04T12:32:43.109Z [L0]: Recv buf length = 132860, ofs = 0
2026-06-04T12:32:43.110Z [L0]: Recv buf length = 134320, ofs = 0
2026-06-04T12:32:43.112Z [L0]: Recv buf length = 135780, ofs = 0
2026-06-04T12:32:43.113Z [L0]: Recv buf length = 137240, ofs = 0
2026-06-04T12:32:43.114Z [L0]: Recv buf length = 138700, ofs = 0
2026-06-04T12:32:43.115Z [L0]: Recv buf length = 140160, ofs = 0
2026-06-04T12:32:43.117Z [L0]: Recv buf length = 141620, ofs = 0
2026-06-04T12:32:43.117Z [L0]: Recv buf length = 143080, ofs = 0
2026-06-04T12:32:43.118Z [L0]: Recv buf length = 144540, ofs = 0
2026-06-04T12:32:43.119Z [L0]: Recv buf length = 146000, ofs = 0
2026-06-04T12:32:43.119Z [L0]: Recv buf length = 147460, ofs = 0
2026-06-04T12:32:43.121Z [L0]: Recv buf length = 148920, ofs = 0
2026-06-04T12:32:43.122Z [L0]: Recv buf length = 150380, ofs = 0
2026-06-04T12:32:43.123Z [L0]: Recv buf length = 151840, ofs = 0
2026-06-04T12:32:43.124Z [L0]: Recv buf length = 153300, ofs = 0
2026-06-04T12:32:43.125Z [L0]: Recv buf length = 154760, ofs = 0
2026-06-04T12:32:43.126Z [L0]: Recv buf length = 156220, ofs = 0
2026-06-04T12:32:43.126Z [L0]: Recv buf length = 157680, ofs = 0
2026-06-04T12:32:43.128Z [L0]: Recv buf length = 159140, ofs = 0
2026-06-04T12:32:43.128Z [L0]: Recv buf length = 160600, ofs = 0
2026-06-04T12:32:43.129Z [L0]: Recv buf length = 162060, ofs = 0
2026-06-04T12:32:43.130Z [L0]: Recv buf length = 163520, ofs = 0
2026-06-04T12:32:43.131Z [L0]: Recv buf length = 164980, ofs = 0
2026-06-04T12:32:43.133Z [L0]: Recv buf length = 166440, ofs = 0
2026-06-04T12:32:43.133Z [L0]: Recv buf length = 167900, ofs = 0
2026-06-04T12:32:43.134Z [L0]: Recv buf length = 169360, ofs = 0
2026-06-04T12:32:43.136Z [L0]: Recv buf length = 170820, ofs = 0
2026-06-04T12:32:43.137Z [L0]: Recv buf length = 172280, ofs = 0
2026-06-04T12:32:43.138Z [L0]: Recv buf length = 173740, ofs = 0
2026-06-04T12:32:43.139Z [L0]: Recv buf length = 175200, ofs = 0
2026-06-04T12:32:43.139Z [L0]: Recv buf length = 176660, ofs = 0
2026-06-04T12:32:43.140Z [L0]: Recv buf length = 178120, ofs = 0
2026-06-04T12:32:43.142Z [L0]: Recv buf length = 179580, ofs = 0
2026-06-04T12:32:43.143Z [L0]: Recv buf length = 181040, ofs = 0
2026-06-04T12:32:43.144Z [L0]: Recv buf length = 182500, ofs = 0
2026-06-04T12:32:43.144Z [L0]: Recv buf length = 183960, ofs = 0
2026-06-04T12:32:43.146Z [L0]: Recv buf length = 185420, ofs = 0
2026-06-04T12:32:43.147Z [L0]: Recv buf length = 186880, ofs = 0
2026-06-04T12:32:43.148Z [L0]: Recv buf length = 188340, ofs = 0
2026-06-04T12:32:43.149Z [L0]: Recv buf length = 189800, ofs = 0
2026-06-04T12:32:43.151Z [L0]: Recv buf length = 191260, ofs = 0
2026-06-04T12:32:43.152Z [L0]: Recv buf length = 192720, ofs = 0
2026-06-04T12:32:43.153Z [L0]: Recv buf length = 194180, ofs = 0
2026-06-04T12:32:43.154Z [L0]: Recv buf length = 195640, ofs = 0
2026-06-04T12:32:43.155Z [L0]: Recv buf length = 197100, ofs = 0
2026-06-04T12:32:43.156Z [L0]: Recv buf length = 198560, ofs = 0
2026-06-04T12:32:43.157Z [L0]: Recv buf length = 200020, ofs = 0
2026-06-04T12:32:43.158Z [L0]: Recv buf length = 201480, ofs = 0
2026-06-04T12:32:43.159Z [L0]: Recv buf length = 202940, ofs = 0
2026-06-04T12:32:43.160Z [L0]: Recv buf length = 204400, ofs = 0
2026-06-04T12:32:43.161Z [L0]: Recv buf length = 205860, ofs = 0
2026-06-04T12:32:43.163Z [L0]: Recv buf length = 207320, ofs = 0
2026-06-04T12:32:43.164Z [L0]: Recv buf length = 208780, ofs = 0
2026-06-04T12:32:43.164Z [L0]: Recv buf length = 210240, ofs = 0
2026-06-04T12:32:43.165Z [L0]: Recv buf length = 211700, ofs = 0
2026-06-04T12:32:43.166Z [L0]: Recv buf length = 213160, ofs = 0
2026-06-04T12:32:43.168Z [L0]: Recv buf length = 214620, ofs = 0
2026-06-04T12:32:43.168Z [L0]: Recv buf length = 216080, ofs = 0
2026-06-04T12:32:43.169Z [L0]: Recv buf length = 217540, ofs = 0
2026-06-04T12:32:43.170Z [L0]: Recv buf length = 219000, ofs = 0
2026-06-04T12:32:43.171Z [L0]: Recv buf length = 220460, ofs = 0
2026-06-04T12:32:43.173Z [L0]: Recv buf length = 221920, ofs = 0
2026-06-04T12:32:43.174Z [L0]: Recv buf length = 223380, ofs = 0
2026-06-04T12:32:43.174Z [L0]: Recv buf length = 224840, ofs = 0
2026-06-04T12:32:43.175Z [L0]: Recv buf length = 226300, ofs = 0
2026-06-04T12:32:43.176Z [L0]: Recv buf length = 227760, ofs = 0
2026-06-04T12:32:43.177Z [L0]: Recv buf length = 229220, ofs = 0
2026-06-04T12:32:43.178Z [L0]: Recv buf length = 230680, ofs = 0
2026-06-04T12:32:43.179Z [L0]: Recv buf length = 232140, ofs = 0
2026-06-04T12:32:43.180Z [L0]: Recv buf length = 233600, ofs = 0
2026-06-04T12:32:43.181Z [L0]: Recv buf length = 235060, ofs = 0
2026-06-04T12:32:43.181Z [L0]: Recv buf length = 236520, ofs = 0
2026-06-04T12:32:43.181Z [L0]: Recv buf length = 237980, ofs = 0
2026-06-04T12:32:43.182Z [L0]: Recv buf length = 239440, ofs = 0
2026-06-04T12:32:43.184Z [L0]: Recv buf length = 240900, ofs = 0
2026-06-04T12:32:43.185Z [L0]: Recv buf length = 242360, ofs = 0
2026-06-04T12:32:43.186Z [L0]: Recv buf length = 243820, ofs = 0
2026-06-04T12:32:43.187Z [L0]: Recv buf length = 245280, ofs = 0
2026-06-04T12:32:43.188Z [L0]: Recv buf length = 246740, ofs = 0
2026-06-04T12:32:43.189Z [L0]: Recv buf length = 248200, ofs = 0
2026-06-04T12:32:43.190Z [L0]: Recv buf length = 249660, ofs = 0
2026-06-04T12:32:43.191Z [L0]: Recv buf length = 251120, ofs = 0
2026-06-04T12:32:43.192Z [L0]: Recv buf length = 252580, ofs = 0
2026-06-04T12:32:43.193Z [L0]: Recv buf length = 254040, ofs = 0
2026-06-04T12:32:43.193Z [L0]: Recv buf length = 255500, ofs = 0
2026-06-04T12:32:43.194Z [L0]: Recv buf length = 256960, ofs = 0
2026-06-04T12:32:43.195Z [L0]: Recv buf length = 258420, ofs = 0
2026-06-04T12:32:43.196Z [L0]: Recv buf length = 259880, ofs = 0
2026-06-04T12:32:43.198Z [L0]: Recv buf length = 261340, ofs = 0
2026-06-04T12:32:43.199Z [L0]: Recv buf length = 262800, ofs = 0
2026-06-04T12:32:43.199Z [L0]: Recv buf length = 264260, ofs = 0
2026-06-04T12:32:43.200Z [L0]: Recv buf length = 265720, ofs = 0
2026-06-04T12:32:43.201Z [L0]: Recv buf length = 267180, ofs = 0
2026-06-04T12:32:43.203Z [L0]: Recv buf length = 268640, ofs = 0
2026-06-04T12:32:43.204Z [L0]: Recv buf length = 270100, ofs = 0
2026-06-04T12:32:43.205Z [L0]: Recv buf length = 271560, ofs = 0
2026-06-04T12:32:43.205Z [L0]: Recv buf length = 273020, ofs = 0
2026-06-04T12:32:43.206Z [L0]: Recv buf length = 274480, ofs = 0
2026-06-04T12:32:43.208Z [L0]: Recv buf length = 275940, ofs = 0
2026-06-04T12:32:43.209Z [L0]: Recv buf length = 277400, ofs = 0
2026-06-04T12:32:43.210Z [L0]: Recv buf length = 278860, ofs = 0
2026-06-04T12:32:43.210Z [L0]: Recv buf length = 280320, ofs = 0
2026-06-04T12:32:43.211Z [L0]: Recv buf length = 281780, ofs = 0
2026-06-04T12:32:43.212Z [L0]: Recv buf length = 283240, ofs = 0
2026-06-04T12:32:43.214Z [L0]: Recv buf length = 284700, ofs = 0
2026-06-04T12:32:43.214Z [L0]: Recv buf length = 286160, ofs = 0
2026-06-04T12:32:43.215Z [L0]: Recv buf length = 287620, ofs = 0
2026-06-04T12:32:43.216Z [L0]: Recv buf length = 289080, ofs = 0
2026-06-04T12:32:43.217Z [L0]: Recv buf length = 290540, ofs = 0
2026-06-04T12:32:43.218Z [L0]: Recv buf length = 292000, ofs = 0
2026-06-04T12:32:43.219Z [L0]: Recv buf length = 293460, ofs = 0
2026-06-04T12:32:43.219Z [L0]: Recv buf length = 294920, ofs = 0
2026-06-04T12:32:43.220Z [L0]: Recv buf length = 296380, ofs = 0
2026-06-04T12:32:43.220Z [L0]: Recv buf length = 297840, ofs = 0
2026-06-04T12:32:43.221Z [L0]: Recv buf length = 299300, ofs = 0
2026-06-04T12:32:43.222Z [L0]: Recv buf length = 300760, ofs = 0
2026-06-04T12:32:43.223Z [L0]: Recv buf length = 302220, ofs = 0
2026-06-04T12:32:43.224Z [L0]: Recv buf length = 303680, ofs = 0
2026-06-04T12:32:43.225Z [L0]: Recv buf length = 305140, ofs = 0
2026-06-04T12:32:43.226Z [L0]: Recv buf length = 306600, ofs = 0
2026-06-04T12:32:43.226Z [L0]: Recv buf length = 308060, ofs = 0
2026-06-04T12:32:43.228Z [L0]: Recv buf length = 309520, ofs = 0
2026-06-04T12:32:43.229Z [L0]: Recv buf length = 310980, ofs = 0
2026-06-04T12:32:43.230Z [L0]: Recv buf length = 312440, ofs = 0
2026-06-04T12:32:43.230Z [L0]: Recv buf length = 313900, ofs = 0
2026-06-04T12:32:43.231Z [L0]: Recv buf length = 315360, ofs = 0
2026-06-04T12:32:43.232Z [L0]: Recv buf length = 316820, ofs = 0
2026-06-04T12:32:43.233Z [L0]: Recv buf length = 318280, ofs = 0
2026-06-04T12:32:43.234Z [L0]: Recv buf length = 319740, ofs = 0
2026-06-04T12:32:43.235Z [L0]: Recv buf length = 321200, ofs = 0
2026-06-04T12:32:43.235Z [L0]: Recv buf length = 322660, ofs = 0
2026-06-04T12:32:43.236Z [L0]: Recv buf length = 324120, ofs = 0
2026-06-04T12:32:43.237Z [L0]: Recv buf length = 325580, ofs = 0
2026-06-04T12:32:43.239Z [L0]: Recv buf length = 327040, ofs = 0
2026-06-04T12:32:43.240Z [L0]: Recv buf length = 328500, ofs = 0
2026-06-04T12:32:43.241Z [L0]: Recv buf length = 329960, ofs = 0
2026-06-04T12:32:43.242Z [L0]: Recv buf length = 331420, ofs = 0
2026-06-04T12:32:43.242Z [L0]: Recv buf length = 332880, ofs = 0
2026-06-04T12:32:43.243Z [L0]: Recv buf length = 334340, ofs = 0
2026-06-04T12:32:43.245Z [L0]: Recv buf length = 335800, ofs = 0
2026-06-04T12:32:43.246Z [L0]: Recv buf length = 337260, ofs = 0
2026-06-04T12:32:43.248Z [L0]: Recv buf length = 338720, ofs = 0
2026-06-04T12:32:43.248Z [L0]: Recv buf length = 340180, ofs = 0
2026-06-04T12:32:43.249Z [L0]: Recv buf length = 341640, ofs = 0
2026-06-04T12:32:43.250Z [L0]: Recv buf length = 343100, ofs = 0
2026-06-04T12:32:43.251Z [L0]: Recv buf length = 344560, ofs = 0
2026-06-04T12:32:43.252Z [L0]: Recv buf length = 346020, ofs = 0
2026-06-04T12:32:43.253Z [L0]: Recv buf length = 347480, ofs = 0
2026-06-04T12:32:43.254Z [L0]: Recv buf length = 348940, ofs = 0
2026-06-04T12:32:43.255Z [L0]: Recv buf length = 350400, ofs = 0
2026-06-04T12:32:43.256Z [L0]: Recv buf length = 351860, ofs = 0
2026-06-04T12:32:43.257Z [L0]: Recv buf length = 353320, ofs = 0
2026-06-04T12:32:43.258Z [L0]: Recv buf length = 354780, ofs = 0
2026-06-04T12:32:43.259Z [L0]: Recv buf length = 356240, ofs = 0
2026-06-04T12:32:43.260Z [L0]: Recv buf length = 357700, ofs = 0
2026-06-04T12:32:43.261Z [L0]: Recv buf length = 359160, ofs = 0
2026-06-04T12:32:43.262Z [L0]: Recv buf length = 360620, ofs = 0
2026-06-04T12:32:43.262Z [L0]: Recv buf length = 362080, ofs = 0
2026-06-04T12:32:43.264Z [L0]: Recv buf length = 363540, ofs = 0
2026-06-04T12:32:43.265Z [L0]: Recv buf length = 365000, ofs = 0
2026-06-04T12:32:43.265Z [L0]: Recv buf length = 366460, ofs = 0
2026-06-04T12:32:43.266Z [L0]: Recv buf length = 367920, ofs = 0
2026-06-04T12:32:43.266Z [L0]: Recv buf length = 369380, ofs = 0
2026-06-04T12:32:43.267Z [L0]: Recv buf length = 370840, ofs = 0
2026-06-04T12:32:43.268Z [L0]: Recv buf length = 372300, ofs = 0
2026-06-04T12:32:43.268Z [L0]: Recv buf length = 373760, ofs = 0
2026-06-04T12:32:43.270Z [L0]: Recv buf length = 375220, ofs = 0
2026-06-04T12:32:43.271Z [L0]: Recv buf length = 376680, ofs = 0
2026-06-04T12:32:43.272Z [L0]: Recv buf length = 378140, ofs = 0
2026-06-04T12:32:43.273Z [L0]: Recv buf length = 379600, ofs = 0
2026-06-04T12:32:43.274Z [L0]: Recv buf length = 381060, ofs = 0
2026-06-04T12:32:43.275Z [L0]: Recv buf length = 382520, ofs = 0
2026-06-04T12:32:43.276Z [L0]: Recv buf length = 383980, ofs = 0
2026-06-04T12:32:43.277Z [L0]: Recv buf length = 385440, ofs = 0
2026-06-04T12:32:43.278Z [L0]: Recv buf length = 386900, ofs = 0
2026-06-04T12:32:43.279Z [L0]: Recv buf length = 388360, ofs = 0
2026-06-04T12:32:43.280Z [L0]: Recv buf length = 389820, ofs = 0
2026-06-04T12:32:43.281Z [L0]: Recv buf length = 391280, ofs = 0
2026-06-04T12:32:43.281Z [L0]: Recv buf length = 392740, ofs = 0
2026-06-04T12:32:43.282Z [L0]: Recv buf length = 394200, ofs = 0
2026-06-04T12:32:43.284Z [L0]: Recv buf length = 395660, ofs = 0
2026-06-04T12:32:43.285Z [L0]: Recv buf length = 397120, ofs = 0
2026-06-04T12:32:43.286Z [L0]: Recv buf length = 398580, ofs = 0
2026-06-04T12:32:43.287Z [L0]: Recv buf length = 400040, ofs = 0
2026-06-04T12:32:43.288Z [L0]: Recv buf length = 401500, ofs = 0
2026-06-04T12:32:43.289Z [L0]: Recv buf length = 402960, ofs = 0
2026-06-04T12:32:43.289Z [L0]: Recv buf length = 404420, ofs = 0
2026-06-04T12:32:43.290Z [L0]: Recv buf length = 405880, ofs = 0
2026-06-04T12:32:43.291Z [L0]: Recv buf length = 407340, ofs = 0
2026-06-04T12:32:43.293Z [L0]: Recv buf length = 408800, ofs = 0
2026-06-04T12:32:43.293Z [L0]: Recv buf length = 410260, ofs = 0
2026-06-04T12:32:43.294Z [L0]: Recv buf length = 411720, ofs = 0
2026-06-04T12:32:43.295Z [L0]: Recv buf length = 413180, ofs = 0
2026-06-04T12:32:43.296Z [L0]: Recv buf length = 414640, ofs = 0
2026-06-04T12:32:43.297Z [L0]: Recv buf length = 416100, ofs = 0
2026-06-04T12:32:43.298Z [L0]: Recv buf length = 417560, ofs = 0
2026-06-04T12:32:43.298Z [L0]: Recv buf length = 419020, ofs = 0
2026-06-04T12:32:43.299Z [L0]: Recv buf length = 420480, ofs = 0
2026-06-04T12:32:43.301Z [L0]: Recv buf length = 421940, ofs = 0
2026-06-04T12:32:43.301Z [L0]: Recv buf length = 423400, ofs = 0
2026-06-04T12:32:43.302Z [L0]: Recv buf length = 424860, ofs = 0
2026-06-04T12:32:43.303Z [L0]: Recv buf length = 426320, ofs = 0
2026-06-04T12:32:43.303Z [L0]: Recv buf length = 427780, ofs = 0
2026-06-04T12:32:43.304Z [L0]: Recv buf length = 429240, ofs = 0
2026-06-04T12:32:43.305Z [L0]: Recv buf length = 430700, ofs = 0
2026-06-04T12:32:43.306Z [L0]: Recv buf length = 432160, ofs = 0
2026-06-04T12:32:43.307Z [L0]: Recv buf length = 433620, ofs = 0
2026-06-04T12:32:43.308Z [L0]: Recv buf length = 435080, ofs = 0
2026-06-04T12:32:43.309Z [L0]: Recv buf length = 436540, ofs = 0
2026-06-04T12:32:43.310Z [L0]: Recv buf length = 438000, ofs = 0
2026-06-04T12:32:43.310Z [L0]: Recv buf length = 439460, ofs = 0
2026-06-04T12:32:43.311Z [L0]: Recv buf length = 440920, ofs = 0
2026-06-04T12:32:43.313Z [L0]: Recv buf length = 442380, ofs = 0
2026-06-04T12:32:43.313Z [L0]: Recv buf length = 443840, ofs = 0
2026-06-04T12:32:43.314Z [L0]: Recv buf length = 445300, ofs = 0
2026-06-04T12:32:43.315Z [L0]: Recv buf length = 446760, ofs = 0
2026-06-04T12:32:43.316Z [L0]: Recv buf length = 448220, ofs = 0
2026-06-04T12:32:43.318Z [L0]: Recv buf length = 449680, ofs = 0
2026-06-04T12:32:43.318Z [L0]: Recv buf length = 451140, ofs = 0
2026-06-04T12:32:43.319Z [L0]: Recv buf length = 452600, ofs = 0
2026-06-04T12:32:43.321Z [L0]: Recv buf length = 454060, ofs = 0
2026-06-04T12:32:43.321Z [L0]: Recv buf length = 455520, ofs = 0
2026-06-04T12:32:43.322Z [L0]: Recv buf length = 456980, ofs = 0
2026-06-04T12:32:43.322Z [L0]: Recv buf length = 458440, ofs = 0
2026-06-04T12:32:43.323Z [L0]: Recv buf length = 459900, ofs = 0
2026-06-04T12:32:43.324Z [L0]: Recv buf length = 461360, ofs = 0
2026-06-04T12:32:43.325Z [L0]: Recv buf length = 462820, ofs = 0
2026-06-04T12:32:43.326Z [L0]: Recv buf length = 464280, ofs = 0
2026-06-04T12:32:43.327Z [L0]: Recv buf length = 465740, ofs = 0
2026-06-04T12:32:43.328Z [L0]: Recv buf length = 467200, ofs = 0
2026-06-04T12:32:43.329Z [L0]: Recv buf length = 468660, ofs = 0
2026-06-04T12:32:43.330Z [L0]: Recv buf length = 470120, ofs = 0
2026-06-04T12:32:43.330Z [L0]: Recv buf length = 471580, ofs = 0
2026-06-04T12:32:43.331Z [L0]: Recv buf length = 473040, ofs = 0
2026-06-04T12:32:43.332Z [L0]: Recv buf length = 474500, ofs = 0
2026-06-04T12:32:43.334Z [L0]: Recv buf length = 475960, ofs = 0
2026-06-04T12:32:43.334Z [L0]: Recv buf length = 477420, ofs = 0
2026-06-04T12:32:43.335Z [L0]: Recv buf length = 478880, ofs = 0
2026-06-04T12:32:43.336Z [L0]: Recv buf length = 480340, ofs = 0
2026-06-04T12:32:43.337Z [L0]: Recv buf length = 481800, ofs = 0
2026-06-04T12:32:43.338Z [L0]: Recv buf length = 483260, ofs = 0
2026-06-04T12:32:43.338Z [L0]: Recv buf length = 484720, ofs = 0
2026-06-04T12:32:43.339Z [L0]: Recv buf length = 486180, ofs = 0
2026-06-04T12:32:43.340Z [L0]: Recv buf length = 487640, ofs = 0
2026-06-04T12:32:43.340Z [L0]: Recv buf length = 489100, ofs = 0
2026-06-04T12:32:43.342Z [L0]: Recv buf length = 490560, ofs = 0
2026-06-04T12:32:43.343Z [L0]: Recv buf length = 492020, ofs = 0
2026-06-04T12:32:43.344Z [L0]: Recv buf length = 493480, ofs = 0
2026-06-04T12:32:43.344Z [L0]: Recv buf length = 494940, ofs = 0
2026-06-04T12:32:43.346Z [L0]: Recv buf length = 496400, ofs = 0
2026-06-04T12:32:43.347Z [L0]: Recv buf length = 497860, ofs = 0
2026-06-04T12:32:43.348Z [L0]: Recv buf length = 499320, ofs = 0
2026-06-04T12:32:43.349Z [L0]: Recv buf length = 500780, ofs = 0
2026-06-04T12:32:43.349Z [L0]: Recv buf length = 502240, ofs = 0
2026-06-04T12:32:43.351Z [L0]: Recv buf length = 503700, ofs = 0
2026-06-04T12:32:43.351Z [L0]: Recv buf length = 505160, ofs = 0
2026-06-04T12:32:43.352Z [L0]: Recv buf length = 506620, ofs = 0
2026-06-04T12:32:43.353Z [L0]: Recv buf length = 508080, ofs = 0
2026-06-04T12:32:43.355Z [L0]: Recv buf length = 509540, ofs = 0
2026-06-04T12:32:43.356Z [L0]: Recv buf length = 511000, ofs = 0
2026-06-04T12:32:43.356Z [L0]: Recv buf length = 512460, ofs = 0
2026-06-04T12:32:43.357Z [L0]: Recv buf length = 513920, ofs = 0
2026-06-04T12:32:43.358Z [L0]: Recv buf length = 515380, ofs = 0
2026-06-04T12:32:43.358Z [L0]: Recv buf length = 516840, ofs = 0
2026-06-04T12:32:43.360Z [L0]: Recv buf length = 518300, ofs = 0
2026-06-04T12:32:43.361Z [L0]: Recv buf length = 519760, ofs = 0
2026-06-04T12:32:43.361Z [L0]: Recv buf length = 521220, ofs = 0
2026-06-04T12:32:43.362Z [L0]: Recv buf length = 522680, ofs = 0
2026-06-04T12:32:43.363Z [L0]: Recv buf length = 524140, ofs = 0
2026-06-04T12:32:43.363Z [L0]: Recv buf length = 525600, ofs = 0
2026-06-04T12:32:43.365Z [L0]: Recv buf length = 527060, ofs = 0
2026-06-04T12:32:43.366Z [L0]: Recv buf length = 528520, ofs = 0
2026-06-04T12:32:43.367Z [L0]: Recv buf length = 529980, ofs = 0
2026-06-04T12:32:43.369Z [L0]: Recv buf length = 531440, ofs = 0
2026-06-04T12:32:43.370Z [L0]: Recv buf length = 532900, ofs = 0
2026-06-04T12:32:43.371Z [L0]: Recv buf length = 534360, ofs = 0
2026-06-04T12:32:43.372Z [L0]: Recv buf length = 535820, ofs = 0
2026-06-04T12:32:43.372Z [L0]: Recv buf length = 537280, ofs = 0
2026-06-04T12:32:43.373Z [L0]: Recv buf length = 538740, ofs = 0
2026-06-04T12:32:43.375Z [L0]: Recv buf length = 540200, ofs = 0
2026-06-04T12:32:43.375Z [L0]: Recv buf length = 541660, ofs = 0
2026-06-04T12:32:43.376Z [L0]: Recv buf length = 543120, ofs = 0
2026-06-04T12:32:43.377Z [L0]: Recv buf length = 544580, ofs = 0
2026-06-04T12:32:43.378Z [L0]: Recv buf length = 546040, ofs = 0
2026-06-04T12:32:43.379Z [L0]: Recv buf length = 547500, ofs = 0
2026-06-04T12:32:43.380Z [L0]: Recv buf length = 548960, ofs = 0
2026-06-04T12:32:43.381Z [L0]: Recv buf length = 550420, ofs = 0
2026-06-04T12:32:43.381Z [L0]: Recv buf length = 551880, ofs = 0
2026-06-04T12:32:43.383Z [L0]: Recv buf length = 553340, ofs = 0
2026-06-04T12:32:43.383Z [L0]: Recv buf length = 554800, ofs = 0
2026-06-04T12:32:43.384Z [L0]: Recv buf length = 556260, ofs = 0
2026-06-04T12:32:43.385Z [L0]: Recv buf length = 557720, ofs = 0
2026-06-04T12:32:43.386Z [L0]: Recv buf length = 559180, ofs = 0
2026-06-04T12:32:43.387Z [L0]: Recv buf length = 560640, ofs = 0
2026-06-04T12:32:43.388Z [L0]: Recv buf length = 562100, ofs = 0
2026-06-04T12:32:43.389Z [L0]: Recv buf length = 563560, ofs = 0
2026-06-04T12:32:43.390Z [L0]: Recv buf length = 565020, ofs = 0
2026-06-04T12:32:43.391Z [L0]: Recv buf length = 566480, ofs = 0
2026-06-04T12:32:43.392Z [L0]: Recv buf length = 567940, ofs = 0
2026-06-04T12:32:43.393Z [L0]: Recv buf length = 569400, ofs = 0
2026-06-04T12:32:43.394Z [L0]: Recv buf length = 570860, ofs = 0
2026-06-04T12:32:43.395Z [L0]: Recv buf length = 572320, ofs = 0
2026-06-04T12:32:43.396Z [L0]: Recv buf length = 573780, ofs = 0
2026-06-04T12:32:43.396Z [L0]: Recv buf length = 575240, ofs = 0
2026-06-04T12:32:43.397Z [L0]: Recv buf length = 576700, ofs = 0
2026-06-04T12:32:43.398Z [L0]: Recv buf length = 578160, ofs = 0
2026-06-04T12:32:43.398Z [L0]: Recv buf length = 579620, ofs = 0
2026-06-04T12:32:43.399Z [L0]: Recv buf length = 581080, ofs = 0
2026-06-04T12:32:43.400Z [L0]: Recv buf length = 582540, ofs = 0
2026-06-04T12:32:43.401Z [L0]: Recv buf length = 584000, ofs = 0
2026-06-04T12:32:43.402Z [L0]: Recv buf length = 585460, ofs = 0
2026-06-04T12:32:43.403Z [L0]: Recv buf length = 586920, ofs = 0
2026-06-04T12:32:43.404Z [L0]: Recv buf length = 588380, ofs = 0
2026-06-04T12:32:43.404Z [L0]: Recv buf length = 589840, ofs = 0
2026-06-04T12:32:43.405Z [L0]: Recv buf length = 591300, ofs = 0
2026-06-04T12:32:43.407Z [L0]: Recv buf length = 592760, ofs = 0
2026-06-04T12:32:43.408Z [L0]: Recv buf length = 594220, ofs = 0
2026-06-04T12:32:43.408Z [L0]: Recv buf length = 595680, ofs = 0
2026-06-04T12:32:43.409Z [L0]: Recv buf length = 597140, ofs = 0
2026-06-04T12:32:43.409Z [L0]: Recv buf length = 598600, ofs = 0
2026-06-04T12:32:43.410Z [L0]: Recv buf length = 600060, ofs = 0
2026-06-04T12:32:43.411Z [L0]: Recv buf length = 601520, ofs = 0
2026-06-04T12:32:43.413Z [L0]: Recv buf length = 602980, ofs = 0
2026-06-04T12:32:43.413Z [L0]: Recv buf length = 604440, ofs = 0
2026-06-04T12:32:43.414Z [L0]: Recv buf length = 605900, ofs = 0
2026-06-04T12:32:43.415Z [L0]: Recv buf length = 607360, ofs = 0
2026-06-04T12:32:43.416Z [L0]: Recv buf length = 608820, ofs = 0
2026-06-04T12:32:43.417Z [L0]: Recv buf length = 610280, ofs = 0
2026-06-04T12:32:43.417Z [L0]: Recv buf length = 611740, ofs = 0
2026-06-04T12:32:43.418Z [L0]: Recv buf length = 613200, ofs = 0
2026-06-04T12:32:43.419Z [L0]: Recv buf length = 614660, ofs = 0
2026-06-04T12:32:43.419Z [L0]: Recv buf length = 616120, ofs = 0
2026-06-04T12:32:43.420Z [L0]: Recv buf length = 617580, ofs = 0
2026-06-04T12:32:43.422Z [L0]: Recv buf length = 619040, ofs = 0
2026-06-04T12:32:43.423Z [L0]: Recv buf length = 620500, ofs = 0
2026-06-04T12:32:43.424Z [L0]: Recv buf length = 621960, ofs = 0
2026-06-04T12:32:43.424Z [L0]: Recv buf length = 623420, ofs = 0
2026-06-04T12:32:43.426Z [L0]: Recv buf length = 624880, ofs = 0
2026-06-04T12:32:43.428Z [L0]: Recv buf length = 626340, ofs = 0
2026-06-04T12:32:43.429Z [L0]: Recv buf length = 627800, ofs = 0
2026-06-04T12:32:43.430Z [L0]: Recv buf length = 629260, ofs = 0
2026-06-04T12:32:43.430Z [L0]: Recv buf length = 630720, ofs = 0
2026-06-04T12:32:43.432Z [L0]: Recv buf length = 632180, ofs = 0
2026-06-04T12:32:43.434Z [L0]: Recv buf length = 633640, ofs = 0
2026-06-04T12:32:43.435Z [L0]: Recv buf length = 635100, ofs = 0
2026-06-04T12:32:43.436Z [L0]: Recv buf length = 636560, ofs = 0
2026-06-04T12:32:43.438Z [L0]: Recv buf length = 638020, ofs = 0
2026-06-04T12:32:43.439Z [L0]: Recv buf length = 639480, ofs = 0
2026-06-04T12:32:43.440Z [L0]: Recv buf length = 640940, ofs = 0
2026-06-04T12:32:43.440Z [L0]: Recv buf length = 642400, ofs = 0
2026-06-04T12:32:43.441Z [L0]: Recv buf length = 643860, ofs = 0
2026-06-04T12:32:43.443Z [L0]: Recv buf length = 645320, ofs = 0
2026-06-04T12:32:43.444Z [L0]: Recv buf length = 646780, ofs = 0
2026-06-04T12:32:43.445Z [L0]: Recv buf length = 648240, ofs = 0
2026-06-04T12:32:43.445Z [L0]: Recv buf length = 649700, ofs = 0
2026-06-04T12:32:43.446Z [L0]: Recv buf length = 651160, ofs = 0
2026-06-04T12:32:43.448Z [L0]: Recv buf length = 652620, ofs = 0
2026-06-04T12:32:43.449Z [L0]: Recv buf length = 654080, ofs = 0
2026-06-04T12:32:43.449Z [L0]: Recv buf length = 655540, ofs = 0
2026-06-04T12:32:43.452Z [L0]: Recv buf length = 657000, ofs = 0
2026-06-04T12:32:43.452Z [L0]: Recv buf length = 658460, ofs = 0
2026-06-04T12:32:43.453Z [L0]: Recv buf length = 659920, ofs = 0
2026-06-04T12:32:43.453Z [L0]: Recv buf length = 661380, ofs = 0
2026-06-04T12:32:43.454Z [L0]: Recv buf length = 662840, ofs = 0
2026-06-04T12:32:43.455Z [L0]: Recv buf length = 664300, ofs = 0
2026-06-04T12:32:43.457Z [L0]: Recv buf length = 665760, ofs = 0
2026-06-04T12:32:43.458Z [L0]: Recv buf length = 667220, ofs = 0
2026-06-04T12:32:43.459Z [L0]: Recv buf length = 668680, ofs = 0
2026-06-04T12:32:43.460Z [L0]: Recv buf length = 670140, ofs = 0
2026-06-04T12:32:43.461Z [L0]: Recv buf length = 671600, ofs = 0
2026-06-04T12:32:43.462Z [L0]: Recv buf length = 673060, ofs = 0
2026-06-04T12:32:43.463Z [L0]: Recv buf length = 674520, ofs = 0
2026-06-04T12:32:43.464Z [L0]: Recv buf length = 675980, ofs = 0
2026-06-04T12:32:43.465Z [L0]: Recv buf length = 677440, ofs = 0
2026-06-04T12:32:43.466Z [L0]: Recv buf length = 678900, ofs = 0
2026-06-04T12:32:43.467Z [L0]: Recv buf length = 680360, ofs = 0
2026-06-04T12:32:43.468Z [L0]: Recv buf length = 681820, ofs = 0
2026-06-04T12:32:43.468Z [L0]: Recv buf length = 683280, ofs = 0
2026-06-04T12:32:43.470Z [L0]: Recv buf length = 684740, ofs = 0
2026-06-04T12:32:43.471Z [L0]: Recv buf length = 686200, ofs = 0
2026-06-04T12:32:43.472Z [L0]: Recv buf length = 687660, ofs = 0
2026-06-04T12:32:43.473Z [L0]: Recv buf length = 689120, ofs = 0
2026-06-04T12:32:43.474Z [L0]: Recv buf length = 690580, ofs = 0
2026-06-04T12:32:43.475Z [L0]: Recv buf length = 692040, ofs = 0
2026-06-04T12:32:43.476Z [L0]: Recv buf length = 693500, ofs = 0
2026-06-04T12:32:43.477Z [L0]: Recv buf length = 694960, ofs = 0
2026-06-04T12:32:43.478Z [L0]: Recv buf length = 696420, ofs = 0
2026-06-04T12:32:43.480Z [L0]: Recv buf length = 697880, ofs = 0
2026-06-04T12:32:43.480Z [L0]: Recv buf length = 699340, ofs = 0
2026-06-04T12:32:43.482Z [L0]: Recv buf length = 700800, ofs = 0
2026-06-04T12:32:43.483Z [L0]: Recv buf length = 702260, ofs = 0
2026-06-04T12:32:43.484Z [L0]: Recv buf length = 703720, ofs = 0
2026-06-04T12:32:43.485Z [L0]: Recv buf length = 705180, ofs = 0
2026-06-04T12:32:43.485Z [L0]: Recv buf length = 706640, ofs = 0
2026-06-04T12:32:43.486Z [L0]: Recv buf length = 708100, ofs = 0
2026-06-04T12:32:43.488Z [L0]: Recv buf length = 709560, ofs = 0
2026-06-04T12:32:43.489Z [L0]: Recv buf length = 711020, ofs = 0
2026-06-04T12:32:43.490Z [L0]: Recv buf length = 712480, ofs = 0
2026-06-04T12:32:43.491Z [L0]: Recv buf length = 713940, ofs = 0
2026-06-04T12:32:43.492Z [L0]: Recv buf length = 715400, ofs = 0
2026-06-04T12:32:43.493Z [L0]: Recv buf length = 716860, ofs = 0
2026-06-04T12:32:43.494Z [L0]: Recv buf length = 718320, ofs = 0
2026-06-04T12:32:43.495Z [L0]: Recv buf length = 719780, ofs = 0
2026-06-04T12:32:43.496Z [L0]: Recv buf length = 721240, ofs = 0
2026-06-04T12:32:43.497Z [L0]: Recv buf length = 722700, ofs = 0
2026-06-04T12:32:43.499Z [L0]: Recv buf length = 724160, ofs = 0
2026-06-04T12:32:43.501Z [L0]: Recv buf length = 725620, ofs = 0
2026-06-04T12:32:43.501Z [L0]: Recv buf length = 727080, ofs = 0
2026-06-04T12:32:43.503Z [L0]: Recv buf length = 728540, ofs = 0
2026-06-04T12:32:43.504Z [L0]: Recv buf length = 730000, ofs = 0
2026-06-04T12:32:43.505Z [L0]: Recv buf length = 731460, ofs = 0
2026-06-04T12:32:43.506Z [L0]: Recv buf length = 732920, ofs = 0
2026-06-04T12:32:43.508Z [L0]: Recv buf length = 734380, ofs = 0
2026-06-04T12:32:43.509Z [L0]: Recv buf length = 735840, ofs = 0
2026-06-04T12:32:43.509Z [L0]: Recv buf length = 737300, ofs = 0
2026-06-04T12:32:43.511Z [L0]: Recv buf length = 738760, ofs = 0
2026-06-04T12:32:43.512Z [L0]: Recv buf length = 740220, ofs = 0
2026-06-04T12:32:43.513Z [L0]: Recv buf length = 741680, ofs = 0
2026-06-04T12:32:43.514Z [L0]: Recv buf length = 743140, ofs = 0
2026-06-04T12:32:43.515Z [L0]: Recv buf length = 744600, ofs = 0
2026-06-04T12:32:43.516Z [L0]: Recv buf length = 746060, ofs = 0
2026-06-04T12:32:43.517Z [L0]: Recv buf length = 747520, ofs = 0
2026-06-04T12:32:43.518Z [L0]: Recv buf length = 748980, ofs = 0
2026-06-04T12:32:43.518Z [L0]: Recv buf length = 750440, ofs = 0
2026-06-04T12:32:43.520Z [L0]: Recv buf length = 751900, ofs = 0
2026-06-04T12:32:43.521Z [L0]: Recv buf length = 753360, ofs = 0
2026-06-04T12:32:43.522Z [L0]: Recv buf length = 754820, ofs = 0
2026-06-04T12:32:43.523Z [L0]: Recv buf length = 756280, ofs = 0
2026-06-04T12:32:43.524Z [L0]: Recv buf length = 757740, ofs = 0
2026-06-04T12:32:43.525Z [L0]: Recv buf length = 759200, ofs = 0
2026-06-04T12:32:43.526Z [L0]: Recv buf length = 760660, ofs = 0
2026-06-04T12:32:43.526Z [L0]: Recv buf length = 762120, ofs = 0
2026-06-04T12:32:43.527Z [L0]: Recv buf length = 763580, ofs = 0
2026-06-04T12:32:43.529Z [L0]: Recv buf length = 765040, ofs = 0
2026-06-04T12:32:43.530Z [L0]: Recv buf length = 766500, ofs = 0
2026-06-04T12:32:43.531Z [L0]: Recv buf length = 767960, ofs = 0
2026-06-04T12:32:43.532Z [L0]: Recv buf length = 769420, ofs = 0
2026-06-04T12:32:43.533Z [L0]: Recv buf length = 770880, ofs = 0
2026-06-04T12:32:43.534Z [L0]: Recv buf length = 772340, ofs = 0
2026-06-04T12:32:43.535Z [L0]: Recv buf length = 773800, ofs = 0
2026-06-04T12:32:43.537Z [L0]: Recv buf length = 775260, ofs = 0
2026-06-04T12:32:43.538Z [L0]: Recv buf length = 776720, ofs = 0
2026-06-04T12:32:43.538Z [L0]: Recv buf length = 778180, ofs = 0
2026-06-04T12:32:43.540Z [L0]: Recv buf length = 779640, ofs = 0
2026-06-04T12:32:43.541Z [L0]: Recv buf length = 781100, ofs = 0
2026-06-04T12:32:43.542Z [L0]: Recv buf length = 782560, ofs = 0
2026-06-04T12:32:43.544Z [L0]: Recv buf length = 784020, ofs = 0
2026-06-04T12:32:43.545Z [L0]: Recv buf length = 785480, ofs = 0
2026-06-04T12:32:43.546Z [L0]: Recv buf length = 786940, ofs = 0
2026-06-04T12:32:43.547Z [L0]: Recv buf length = 788400, ofs = 0
2026-06-04T12:32:43.547Z [L0]: Recv buf length = 789860, ofs = 0
2026-06-04T12:32:43.549Z [L0]: Recv buf length = 791320, ofs = 0
2026-06-04T12:32:43.550Z [L0]: Recv buf length = 792780, ofs = 0
2026-06-04T12:32:43.551Z [L0]: Recv buf length = 794240, ofs = 0
2026-06-04T12:32:43.552Z [L0]: Recv buf length = 795700, ofs = 0
2026-06-04T12:32:43.554Z [L0]: Recv buf length = 797160, ofs = 0
2026-06-04T12:32:43.555Z [L0]: Recv buf length = 798620, ofs = 0
2026-06-04T12:32:43.555Z [L0]: Recv buf length = 800080, ofs = 0
2026-06-04T12:32:43.556Z [L0]: Recv buf length = 801540, ofs = 0
2026-06-04T12:32:43.557Z [L0]: Recv buf length = 803000, ofs = 0
2026-06-04T12:32:43.558Z [L0]: Recv buf length = 804460, ofs = 0
2026-06-04T12:32:43.560Z [L0]: Recv buf length = 805920, ofs = 0
2026-06-04T12:32:43.561Z [L0]: Recv buf length = 807380, ofs = 0
2026-06-04T12:32:43.561Z [L0]: Recv buf length = 808840, ofs = 0
2026-06-04T12:32:43.562Z [L0]: Recv buf length = 810300, ofs = 0
2026-06-04T12:32:43.563Z [L0]: Recv buf length = 811760, ofs = 0
2026-06-04T12:32:43.564Z [L0]: Recv buf length = 813220, ofs = 0
2026-06-04T12:32:43.565Z [L0]: Recv buf length = 814680, ofs = 0
2026-06-04T12:32:43.566Z [L0]: Recv buf length = 816140, ofs = 0
2026-06-04T12:32:43.568Z [L0]: Recv buf length = 817600, ofs = 0
2026-06-04T12:32:43.569Z [L0]: Recv buf length = 819060, ofs = 0
2026-06-04T12:32:43.570Z [L0]: Recv buf length = 820520, ofs = 0
2026-06-04T12:32:43.571Z [L0]: Recv buf length = 821980, ofs = 0
2026-06-04T12:32:43.572Z [L0]: Recv buf length = 823440, ofs = 0
2026-06-04T12:32:43.574Z [L0]: Recv buf length = 824900, ofs = 0
2026-06-04T12:32:43.575Z [L0]: Recv buf length = 826360, ofs = 0
2026-06-04T12:32:43.575Z [L0]: Recv buf length = 827820, ofs = 0
2026-06-04T12:32:43.577Z [L0]: Recv buf length = 829280, ofs = 0
2026-06-04T12:32:43.578Z [L0]: Recv buf length = 830740, ofs = 0
2026-06-04T12:32:43.579Z [L0]: Recv buf length = 832200, ofs = 0
2026-06-04T12:32:43.579Z [L0]: Recv buf length = 833660, ofs = 0
2026-06-04T12:32:43.580Z [L0]: Recv buf length = 835120, ofs = 0
2026-06-04T12:32:43.582Z [L0]: Recv buf length = 836580, ofs = 0
2026-06-04T12:32:43.583Z [L0]: Recv buf length = 838040, ofs = 0
2026-06-04T12:32:43.583Z [L0]: Recv buf length = 839500, ofs = 0
2026-06-04T12:32:43.585Z [L0]: Recv buf length = 840960, ofs = 0
2026-06-04T12:32:43.586Z [L0]: Recv buf length = 842420, ofs = 0
2026-06-04T12:32:43.586Z [L0]: Recv buf length = 843880, ofs = 0
2026-06-04T12:32:43.587Z [L0]: Recv buf length = 845340, ofs = 0
2026-06-04T12:32:43.589Z [L0]: Recv buf length = 846800, ofs = 0
2026-06-04T12:32:43.589Z [L0]: Recv buf length = 848260, ofs = 0
2026-06-04T12:32:43.590Z [L0]: Recv buf length = 849720, ofs = 0
2026-06-04T12:32:43.591Z [L0]: Recv buf length = 851180, ofs = 0
2026-06-04T12:32:43.593Z [L0]: Recv buf length = 852640, ofs = 0
2026-06-04T12:32:43.594Z [L0]: Recv buf length = 854100, ofs = 0
2026-06-04T12:32:43.594Z [L0]: Recv buf length = 855560, ofs = 0
2026-06-04T12:32:43.595Z [L0]: Recv buf length = 857020, ofs = 0
2026-06-04T12:32:43.596Z [L0]: Recv buf length = 858480, ofs = 0
2026-06-04T12:32:43.599Z [L0]: Recv buf length = 859940, ofs = 0
2026-06-04T12:32:43.599Z [L0]: Recv buf length = 861400, ofs = 0
2026-06-04T12:32:43.600Z [L0]: Recv buf length = 862860, ofs = 0
2026-06-04T12:32:43.601Z [L0]: Recv buf length = 864320, ofs = 0
2026-06-04T12:32:43.602Z [L0]: Recv buf length = 865780, ofs = 0
2026-06-04T12:32:43.602Z [L0]: Recv buf length = 867240, ofs = 0
2026-06-04T12:32:43.604Z [L0]: Recv buf length = 868700, ofs = 0
2026-06-04T12:32:43.605Z [L0]: Recv buf length = 870160, ofs = 0
2026-06-04T12:32:43.606Z [L0]: Recv buf length = 871620, ofs = 0
2026-06-04T12:32:43.607Z [L0]: Recv buf length = 873080, ofs = 0
2026-06-04T12:32:43.607Z [L0]: Recv buf length = 874540, ofs = 0
2026-06-04T12:32:43.608Z [L0]: Recv buf length = 876000, ofs = 0
2026-06-04T12:32:43.610Z [L0]: Recv buf length = 877460, ofs = 0
2026-06-04T12:32:43.611Z [L0]: Recv buf length = 878920, ofs = 0
2026-06-04T12:32:43.611Z [L0]: Recv buf length = 880380, ofs = 0
2026-06-04T12:32:43.612Z [L0]: Recv buf length = 881840, ofs = 0
2026-06-04T12:32:43.613Z [L0]: Recv buf length = 883300, ofs = 0
2026-06-04T12:32:43.614Z [L0]: Recv buf length = 884760, ofs = 0
2026-06-04T12:32:43.615Z [L0]: Recv buf length = 886220, ofs = 0
2026-06-04T12:32:43.616Z [L0]: Recv buf length = 887680, ofs = 0
2026-06-04T12:32:43.618Z [L0]: Recv buf length = 889140, ofs = 0
2026-06-04T12:32:43.619Z [L0]: Recv buf length = 890600, ofs = 0
2026-06-04T12:32:43.619Z [L0]: Recv buf length = 892060, ofs = 0
2026-06-04T12:32:43.621Z [L0]: Recv buf length = 893520, ofs = 0
2026-06-04T12:32:43.622Z [L0]: Recv buf length = 894980, ofs = 0
2026-06-04T12:32:43.623Z [L0]: Recv buf length = 896440, ofs = 0
2026-06-04T12:32:43.624Z [L0]: Recv buf length = 897900, ofs = 0
2026-06-04T12:32:43.625Z [L0]: Recv buf length = 899360, ofs = 0
2026-06-04T12:32:43.626Z [L0]: Recv buf length = 900820, ofs = 0
2026-06-04T12:32:43.627Z [L0]: Recv buf length = 902280, ofs = 0
2026-06-04T12:32:43.629Z [L0]: Recv buf length = 903740, ofs = 0
2026-06-04T12:32:43.630Z [L0]: Recv buf length = 905200, ofs = 0
2026-06-04T12:32:43.631Z [L0]: Recv buf length = 906660, ofs = 0
2026-06-04T12:32:43.632Z [L0]: Recv buf length = 908120, ofs = 0
2026-06-04T12:32:43.633Z [L0]: Recv buf length = 909580, ofs = 0
2026-06-04T12:32:43.634Z [L0]: Recv buf length = 911040, ofs = 0
2026-06-04T12:32:43.635Z [L0]: Recv buf length = 912500, ofs = 0
2026-06-04T12:32:43.636Z [L0]: Recv buf length = 913960, ofs = 0
2026-06-04T12:32:43.636Z [L0]: Recv buf length = 915420, ofs = 0
2026-06-04T12:32:43.637Z [L0]: Recv buf length = 916880, ofs = 0
2026-06-04T12:32:43.638Z [L0]: Recv buf length = 918340, ofs = 0
2026-06-04T12:32:43.639Z [L0]: Recv buf length = 919800, ofs = 0
2026-06-04T12:32:43.640Z [L0]: Recv buf length = 921260, ofs = 0
2026-06-04T12:32:43.641Z [L0]: Recv buf length = 922720, ofs = 0
2026-06-04T12:32:43.642Z [L0]: Recv buf length = 924180, ofs = 0
2026-06-04T12:32:43.643Z [L0]: Recv buf length = 925640, ofs = 0
2026-06-04T12:32:43.644Z [L0]: Recv buf length = 927100, ofs = 0
2026-06-04T12:32:43.645Z [L0]: Recv buf length = 928560, ofs = 0
2026-06-04T12:32:43.646Z [L0]: Recv buf length = 930020, ofs = 0
2026-06-04T12:32:43.647Z [L0]: Recv buf length = 931480, ofs = 0
2026-06-04T12:32:43.649Z [L0]: Recv buf length = 932940, ofs = 0
2026-06-04T12:32:43.649Z [L0]: Recv buf length = 934400, ofs = 0
2026-06-04T12:32:43.650Z [L0]: Recv buf length = 935860, ofs = 0
2026-06-04T12:32:43.651Z [L0]: Recv buf length = 937320, ofs = 0
2026-06-04T12:32:43.651Z [L0]: Recv buf length = 938780, ofs = 0
2026-06-04T12:32:43.653Z [L0]: Recv buf length = 940240, ofs = 0
2026-06-04T12:32:43.654Z [L0]: Recv buf length = 941700, ofs = 0
2026-06-04T12:32:43.655Z [L0]: Recv buf length = 943160, ofs = 0
2026-06-04T12:32:43.656Z [L0]: Recv buf length = 944620, ofs = 0
2026-06-04T12:32:43.656Z [L0]: Recv buf length = 946080, ofs = 0
2026-06-04T12:32:43.657Z [L0]: Recv buf length = 947540, ofs = 0
2026-06-04T12:32:43.660Z [L0]: Recv buf length = 949000, ofs = 0
2026-06-04T12:32:43.660Z [L0]: Recv buf length = 950460, ofs = 0
2026-06-04T12:32:43.661Z [L0]: Recv buf length = 951920, ofs = 0
2026-06-04T12:32:43.662Z [L0]: Recv buf length = 953380, ofs = 0
2026-06-04T12:32:43.664Z [L0]: Recv buf length = 954840, ofs = 0
2026-06-04T12:32:43.665Z [L0]: Recv buf length = 956300, ofs = 0
2026-06-04T12:32:43.665Z [L0]: Recv buf length = 957760, ofs = 0
2026-06-04T12:32:43.667Z [L0]: Recv buf length = 959220, ofs = 0
2026-06-04T12:32:43.668Z [L0]: Recv buf length = 960680, ofs = 0
2026-06-04T12:32:43.669Z [L0]: Recv buf length = 962140, ofs = 0
2026-06-04T12:32:43.670Z [L0]: Recv buf length = 963600, ofs = 0
2026-06-04T12:32:43.672Z [L0]: Recv buf length = 965060, ofs = 0
2026-06-04T12:32:43.672Z [L0]: Recv buf length = 966520, ofs = 0
2026-06-04T12:32:43.673Z [L0]: Recv buf length = 967980, ofs = 0
2026-06-04T12:32:43.674Z [L0]: Recv buf length = 969440, ofs = 0
2026-06-04T12:32:43.674Z [L0]: Recv buf length = 970900, ofs = 0
2026-06-04T12:32:43.676Z [L0]: Recv buf length = 972360, ofs = 0
2026-06-04T12:32:43.677Z [L0]: Recv buf length = 973820, ofs = 0
2026-06-04T12:32:43.678Z [L0]: Recv buf length = 975280, ofs = 0
2026-06-04T12:32:43.679Z [L0]: Recv buf length = 976740, ofs = 0
2026-06-04T12:32:43.680Z [L0]: Recv buf length = 978200, ofs = 0
2026-06-04T12:32:43.680Z [L0]: Recv buf length = 979660, ofs = 0
2026-06-04T12:32:43.681Z [L0]: Recv buf length = 981120, ofs = 0
2026-06-04T12:32:43.682Z [L0]: Recv buf length = 982580, ofs = 0
2026-06-04T12:32:43.684Z [L0]: Recv buf length = 984040, ofs = 0
2026-06-04T12:32:43.685Z [L0]: Recv buf length = 985500, ofs = 0
2026-06-04T12:32:43.685Z [L0]: Recv buf length = 986960, ofs = 0
2026-06-04T12:32:43.686Z [L0]: Recv buf length = 988420, ofs = 0
2026-06-04T12:32:43.687Z [L0]: Recv buf length = 989880, ofs = 0
2026-06-04T12:32:43.689Z [L0]: Recv buf length = 991340, ofs = 0
2026-06-04T12:32:43.689Z [L0]: Recv buf length = 992800, ofs = 0
2026-06-04T12:32:43.690Z [L0]: Recv buf length = 994260, ofs = 0
2026-06-04T12:32:43.691Z [L0]: Recv buf length = 995720, ofs = 0
2026-06-04T12:32:43.693Z [L0]: Recv buf length = 997180, ofs = 0
2026-06-04T12:32:43.694Z [L0]: Recv buf length = 998640, ofs = 0
2026-06-04T12:32:43.694Z [L0]: Recv buf length = 1000100, ofs = 0
2026-06-04T12:32:43.695Z [L0]: Recv buf length = 1001560, ofs = 0
2026-06-04T12:32:43.696Z [L0]: Recv buf length = 1003020, ofs = 0
2026-06-04T12:32:43.697Z [L0]: Recv buf length = 1004480, ofs = 0
2026-06-04T12:32:43.698Z [L0]: Recv buf length = 1005940, ofs = 0
2026-06-04T12:32:43.699Z [L0]: Recv buf length = 1007400, ofs = 0
2026-06-04T12:32:43.701Z [L0]: Recv buf length = 1008860, ofs = 0
2026-06-04T12:32:43.702Z [L0]: Recv buf length = 1010320, ofs = 0
2026-06-04T12:32:43.703Z [L0]: Recv buf length = 1011780, ofs = 0
2026-06-04T12:32:43.704Z [L0]: Recv buf length = 1013240, ofs = 0
2026-06-04T12:32:43.704Z [L0]: Recv buf length = 1014700, ofs = 0
2026-06-04T12:32:43.705Z [L0]: Recv buf length = 1016160, ofs = 0
2026-06-04T12:32:43.707Z [L0]: Recv buf length = 1017620, ofs = 0
2026-06-04T12:32:43.708Z [L0]: Recv buf length = 1019080, ofs = 0
2026-06-04T12:32:43.708Z [L0]: Recv buf length = 1020540, ofs = 0
2026-06-04T12:32:43.710Z [L0]: Recv buf length = 1022000, ofs = 0
2026-06-04T12:32:43.711Z [L0]: Recv buf length = 1023460, ofs = 0
2026-06-04T12:32:43.711Z [L0]: Recv buf length = 1024920, ofs = 0
2026-06-04T12:32:43.712Z [L0]: Recv buf length = 1026380, ofs = 0
2026-06-04T12:32:43.713Z [L0]: Recv buf length = 1027840, ofs = 0
2026-06-04T12:32:43.714Z [L0]: Recv buf length = 1029300, ofs = 0
2026-06-04T12:32:43.715Z [L0]: Recv buf length = 1030760, ofs = 0
2026-06-04T12:32:43.715Z [L0]: Recv buf length = 1032220, ofs = 0
2026-06-04T12:32:43.716Z [L0]: Recv buf length = 1033680, ofs = 0
2026-06-04T12:32:43.717Z [L0]: Recv buf length = 1035140, ofs = 0
2026-06-04T12:32:43.719Z [L0]: Recv buf length = 1036600, ofs = 0
2026-06-04T12:32:43.720Z [L0]: Recv buf length = 1038060, ofs = 0
2026-06-04T12:32:43.721Z [L0]: Recv buf length = 1039520, ofs = 0
2026-06-04T12:32:43.721Z [L0]: Recv buf length = 1040980, ofs = 0
2026-06-04T12:32:43.722Z [L0]: Recv buf length = 1042440, ofs = 0
2026-06-04T12:32:43.723Z [L0]: Recv buf length = 1043900, ofs = 0
2026-06-04T12:32:43.724Z [L0]: Recv buf length = 1045360, ofs = 0
2026-06-04T12:32:43.725Z [L0]: Recv buf length = 1046820, ofs = 0
2026-06-04T12:32:43.726Z [L0]: Recv buf length = 1048280, ofs = 0
2026-06-04T12:32:43.726Z [L0]: Recv buf length = 1049740, ofs = 0
2026-06-04T12:32:43.727Z [L0]: Recv buf length = 1051200, ofs = 0
2026-06-04T12:32:43.729Z [L0]: Recv buf length = 1052660, ofs = 0
2026-06-04T12:32:43.730Z [L0]: Recv buf length = 1054120, ofs = 0
2026-06-04T12:32:43.731Z [L0]: Recv buf length = 1055580, ofs = 0
2026-06-04T12:32:43.732Z [L0]: Recv buf length = 1057040, ofs = 0
2026-06-04T12:32:43.732Z [L0]: Recv buf length = 1058500, ofs = 0
2026-06-04T12:32:43.733Z [L0]: Recv buf length = 1059960, ofs = 0
2026-06-04T12:32:43.734Z [L0]: Recv buf length = 1061420, ofs = 0
2026-06-04T12:32:43.735Z [L0]: Recv buf length = 1062880, ofs = 0
2026-06-04T12:32:43.736Z [L0]: Recv buf length = 1064340, ofs = 0
2026-06-04T12:32:43.736Z [L0]: Recv buf length = 1065800, ofs = 0
2026-06-04T12:32:43.737Z [L0]: Recv buf length = 1067260, ofs = 0
2026-06-04T12:32:43.739Z [L0]: Recv buf length = 1068720, ofs = 0
2026-06-04T12:32:43.740Z [L0]: Recv buf length = 1070180, ofs = 0
2026-06-04T12:32:43.740Z [L0]: Recv buf length = 1071640, ofs = 0
2026-06-04T12:32:43.741Z [L0]: Recv buf length = 1073100, ofs = 0
2026-06-04T12:32:43.743Z [L0]: Recv buf length = 1074560, ofs = 0
2026-06-04T12:32:43.744Z [L0]: Recv buf length = 1076020, ofs = 0
2026-06-04T12:32:43.744Z [L0]: Recv buf length = 1077480, ofs = 0
2026-06-04T12:32:43.745Z [L0]: Recv buf length = 1078940, ofs = 0
2026-06-04T12:32:43.746Z [L0]: Recv buf length = 1080400, ofs = 0
2026-06-04T12:32:43.747Z [L0]: Recv buf length = 1081860, ofs = 0
2026-06-04T12:32:43.747Z [L0]: Recv buf length = 1083320, ofs = 0
2026-06-04T12:32:43.748Z [L0]: Recv buf length = 1084780, ofs = 0
2026-06-04T12:32:43.749Z [L0]: Recv buf length = 1086240, ofs = 0
2026-06-04T12:32:43.750Z [L0]: Recv buf length = 1087700, ofs = 0
2026-06-04T12:32:43.751Z [L0]: Recv buf length = 1089160, ofs = 0
2026-06-04T12:32:43.751Z [L0]: Recv buf length = 1090620, ofs = 0
2026-06-04T12:32:43.753Z [L0]: Recv buf length = 1092080, ofs = 0
2026-06-04T12:32:43.754Z [L0]: Recv buf length = 1093540, ofs = 0
2026-06-04T12:32:43.755Z [L0]: Recv buf length = 1095000, ofs = 0
2026-06-04T12:32:43.756Z [L0]: Recv buf length = 1096460, ofs = 0
2026-06-04T12:32:43.756Z [L0]: Recv buf length = 1097920, ofs = 0
2026-06-04T12:32:43.757Z [L0]: Recv buf length = 1099380, ofs = 0
2026-06-04T12:32:43.757Z [L0]: Recv buf length = 1100840, ofs = 0
2026-06-04T12:32:43.759Z [L0]: Recv buf length = 1102300, ofs = 0
2026-06-04T12:32:43.759Z [L0]: Recv buf length = 1103760, ofs = 0
2026-06-04T12:32:43.760Z [L0]: Recv buf length = 1105220, ofs = 0
2026-06-04T12:32:43.760Z [L0]: Recv buf length = 1106680, ofs = 0
2026-06-04T12:32:43.761Z [L0]: Recv buf length = 1108140, ofs = 0
2026-06-04T12:32:43.761Z [L0]: Recv buf length = 1109600, ofs = 0
2026-06-04T12:32:43.762Z [L0]: Recv buf length = 1111060, ofs = 0
2026-06-04T12:32:43.762Z [L0]: Recv buf length = 1112520, ofs = 0
2026-06-04T12:32:43.763Z [L0]: Recv buf length = 1113980, ofs = 0
2026-06-04T12:32:43.763Z [L0]: Recv buf length = 1115440, ofs = 0
2026-06-04T12:32:43.765Z [L0]: Recv buf length = 1116900, ofs = 0
2026-06-04T12:32:43.765Z [L0]: Recv buf length = 1118360, ofs = 0
2026-06-04T12:32:43.766Z [L0]: Recv buf length = 1119820, ofs = 0
2026-06-04T12:32:43.766Z [L0]: Recv buf length = 1121280, ofs = 0
2026-06-04T12:32:43.767Z [L0]: Recv buf length = 1122740, ofs = 0
2026-06-04T12:32:43.768Z [L0]: Recv buf length = 1124200, ofs = 0
2026-06-04T12:32:43.768Z [L0]: Recv buf length = 1125660, ofs = 0
2026-06-04T12:32:43.769Z [L0]: Recv buf length = 1127120, ofs = 0
2026-06-04T12:32:43.769Z [L0]: Recv buf length = 1128580, ofs = 0
2026-06-04T12:32:43.770Z [L0]: Recv buf length = 1130040, ofs = 0
2026-06-04T12:32:43.771Z [L0]: Recv buf length = 1131500, ofs = 0
2026-06-04T12:32:43.771Z [L0]: Recv buf length = 1132960, ofs = 0
2026-06-04T12:32:43.772Z [L0]: Recv buf length = 1134420, ofs = 0
2026-06-04T12:32:43.772Z [L0]: Recv buf length = 1135880, ofs = 0
2026-06-04T12:32:43.773Z [L0]: Recv buf length = 1137340, ofs = 0
2026-06-04T12:32:43.773Z [L0]: Recv buf length = 1138800, ofs = 0
2026-06-04T12:32:43.774Z [L0]: Recv buf length = 1140260, ofs = 0
2026-06-04T12:32:43.774Z [L0]: Recv buf length = 1141720, ofs = 0
2026-06-04T12:32:43.774Z [L0]: Recv buf length = 1143180, ofs = 0
2026-06-04T12:32:43.775Z [L0]: Recv buf length = 1144640, ofs = 0
2026-06-04T12:32:43.775Z [L0]: Recv buf length = 1146100, ofs = 0
2026-06-04T12:32:43.776Z [L0]: Recv buf length = 1147560, ofs = 0
2026-06-04T12:32:43.777Z [L0]: Recv buf length = 1149020, ofs = 0
2026-06-04T12:32:43.778Z [L0]: Recv buf length = 1150480, ofs = 0
2026-06-04T12:32:43.778Z [L0]: Recv buf length = 1151940, ofs = 0
2026-06-04T12:32:43.779Z [L0]: Recv buf length = 1153400, ofs = 0
2026-06-04T12:32:43.779Z [L0]: Recv buf length = 1154860, ofs = 0
2026-06-04T12:32:43.780Z [L0]: Recv buf length = 1156320, ofs = 0
2026-06-04T12:32:43.780Z [L0]: Recv buf length = 1157780, ofs = 0
2026-06-04T12:32:43.781Z [L0]: Recv buf length = 1159240, ofs = 0
2026-06-04T12:32:43.782Z [L0]: Recv buf length = 1160700, ofs = 0
2026-06-04T12:32:43.783Z [L0]: Recv buf length = 1162160, ofs = 0
2026-06-04T12:32:43.784Z [L0]: Recv buf length = 1163620, ofs = 0
2026-06-04T12:32:43.784Z [L0]: Recv buf length = 1165080, ofs = 0
2026-06-04T12:32:43.785Z [L0]: Recv buf length = 1166540, ofs = 0
2026-06-04T12:32:43.785Z [L0]: Recv buf length = 1168000, ofs = 0
2026-06-04T12:32:43.786Z [L0]: Recv buf length = 1169460, ofs = 0
2026-06-04T12:32:43.787Z [L0]: Recv buf length = 1170920, ofs = 0
2026-06-04T12:32:43.788Z [L0]: Recv buf length = 1172380, ofs = 0
2026-06-04T12:32:43.789Z [L0]: Recv buf length = 1173840, ofs = 0
2026-06-04T12:32:43.789Z [L0]: Recv buf length = 1175300, ofs = 0
2026-06-04T12:32:43.790Z [L0]: Recv buf length = 1176760, ofs = 0
2026-06-04T12:32:43.791Z [L0]: Recv buf length = 1178220, ofs = 0
2026-06-04T12:32:44.409Z [L0]: Recv buf length = 1179680, ofs = 06/4 [0]12:32:44.312 I/quickjs-libc SBEngine: app on destroy invoke 
2026-06-04T12:32:44.455Z [L0]: 6/4 [0]12:32:44.358 I/quickjs-libc SBEngine: current filepath: /app.js 
2026-06-04T12:32:44.472Z [L0]: 6/4 [0]12:32:44.375 I/quickjs-libc SBEngine: app on create invoke 
2026-06-04T12:32:44.491Z [L0]: 6/4 [0]12:32:44.395 I/quickjs-libc SBEngine: current filepath: /page/home/home.js 
2026-06-04T12:32:44.527Z [L0]: 6/4 [0]12:32:44.430 I/quickjs-libc SBEngine: ui pause 
2026-06-04T12:32:46.580Z [L0]: 6/4 [0]12:32:46.483 I/quickjs-libc SBEngine: app on destroy invoke 
2026-06-04T12:32:46.628Z [L0]: 6/4 [0]12:32:46.531 I/quickjs-libc SBEngine: current filepath: /app.js 
2026-06-04T12:32:46.643Z [L0]: 6/4 [0]12:32:46.547 I/quickjs-libc SBEngine: app on create invoke 
2026-06-04T12:32:46.661Z [L0]: 6/4 [0]12:32:46.564 I/quickjs-libc SBEngine: current filepath: /page/home/home.js 
2026-06-04T12:32:46.691Z [L0]: ly
2026-06-04T12:32:46.692Z [L0]: 6/4 [0]12:32:46.594 E/MessageManger SBEngine: error listener 0x10169dd1
2026-06-04T12:32:49.250Z [L0]: 6/4 [0]12:32:46.594 I/quickjs-libc SBEngine:25fb628 in 22,0,457,279 id 231(NotificationLayer.infinite_20.touch_select)
2026-06-04T12:32:49.251Z [L0]: 6/4 [0]12:32:49.070 D/NOTFWG SBEngine: [addLayoutBranch] add branch NotificationLayer.infinite_20 -2107658224 
2026-06-04T12:32:49.252Z [L0]: 6/4 [0]12:32:49.071 D/CLayout SBEngine: Load layer list_layer
2026-06-04T12:32:49.255Z [L0]: 6/4 [0]12:32:49.071 D/CLayout SBEngine: Creating object 0x825fb65c in 0,800,493,1039 id 201(NotificationLayer.infinite_21)
2026-06-04T12:32:49.255Z [L0]: 6/4 [0]12:32:49.071 D/CLayout SBEngine: Creating object 0x825fb690 in 22,0,471,239 id 202(null)
2026-06-04T12:32:49.256Z [L0]: 6/4 [0]12:32:49.072 D/CLayout SBEngine: Creating object 0x825fb6c4 in 36,14,443,58 id 203(NotificationLayer.infinite_21.title)
2026-06-04T12:32:49.258Z [L0]: 6/4 [0]12:32:49.072 D/CLayout SBEngine: Creating object 0x825fb6f8 in 36,14,515,53 id 204(NotificationLayer.infinite_21.time)
2026-06-04T12:32:49.259Z [L0]: 6/4 [0]12:32:49.072 D/CLayout SBEngine: Creating object 0x825ee1bc in 36,194,443,229 id 205(NotificationLayer.infinite_21.second_title)
2026-06-04T12:32:49.260Z [L0]: 6/4 [0]12:32:49.072 D/CLayout SBEngine: Creating object 0x825ee1f0 in 36,324,275,483 id 206(NotificationLayer.infinite_21.content_image)
2026-06-04T12:32:49.263Z [L0]: 6/4 [0]12:32:49.073 D/CLayout SBEngine: Creating object 0x825ee224 in 36,161,443,196 id 207(NotificationLayer.infinite_21.content)
2026-06-04T12:32:49.265Z [L0]: 6/4 [0]12:32:49.073 D/CLayout SBEngine: Creating object 0x825ee258 in 36,324,443,339 id 208(NotificationLayer.infinite_21.line)
2026-06-04T12:32:49.265Z [L0]: 6/4 [0]12:32:49.073 D/CLayout SBEngine: Creating object 0x825ee28c in 36,324,275,483 id 209(NotificationLayer.infinite_21.content_image1)
2026-06-04T12:32:49.267Z [L0]: 6/4 [0]12:32:49.073 D/CLayout SBEngine: Creating object 0x825ee2c0 in 36,161,443,196 id 210(NotificationLayer.infinite_21.content1)
2026-06-04T12:32:49.268Z [L0]: 6/4 [0]12:32:49.074 D/CLayout SBEngine: Creating object 0x825ee2f4 in 36,324,443,339 id 211(NotificationLayer.infinite_21.line1)
2026-06-04T12:32:49.269Z [L0]: 6/4 [0]12:32:49.074 D/CLayout SBEngine: Creating object 0x825ee328 in 36,324,275,483 id 212(NotificationLayer.infinite_21.content_image2)
2026-06-04T12:32:49.271Z [L0]: 6/4 [0]12:32:49.074 D/CLayout SBEngine: Creating object 0x825ee35c in 36,161,443,196 id 213(NotificationLayer.infinite_21.content2)
2026-06-04T12:32:49.273Z [L0]: 6/4 [0]12:32:49.075 D/CLayout SBEngine: Creating object 0x825ee390 in 36,324,443,339 id 214(NotificationLayer.infinite_21.line2)
2026-06-04T12:32:49.274Z [L0]: 6/4 [0]12:32:49.075 D/CLayout SBEngine: Creating object 0x825ee3c4 in 36,324,275,483 id 215(NotificationLayer.infinite_21.content_image3)
2026-06-04T12:32:49.274Z [L0]: 6/4 [0]12:32:49.075 D/CLayout SBEngine: Creating object 0x825ee3f8 in 36,161,443,196 id 216(NotificationLayer.infinite_21.content3)
2026-06-04T12:32:49.275Z [L0]: 6/4 [0]12:32:49.076 D/CLayout SBEngine: Creating object 0x825ee42c in 36,324,443,339 id 217(NotificationLayer.infinite_21.line3)
2026-06-04T12:32:49.277Z [L0]: 6/4 [0]12:32:49.076 D/CLayout SBEngine: Creating object 0x825ee460 in 36,324,275,483 id 218(NotificationLayer.infinite_21.content_image4)
2026-06-04T12:32:49.278Z [L0]: 6/4 [0]12:32:49.076 D/CLayout SBEngine: Creating object 0x825ee494 in 36,161,443,196 id 219(NotificationLayer.infinite_21.content4)
2026-06-04T12:32:49.280Z [L0]: 6/4 [0]12:32:49.076 D/CLayout SBEngine: Creating object 0x825ee4c8 in 36,324,443,339 id 220(NotificationLayer.infinite_21.line4)
2026-06-04T12:32:49.283Z [L0]: 6/4 [0]12:32:49.076 D/CLayout SBEngine: Creating object 0x825ee4fc in 36,324,275,483 id 221(NotificationLayer.infinite_21.content_image5)
2026-06-04T12:32:49.284Z [L0]: 6/4 [0]12:32:49.078 D/CLayout SBEngine: Creating object 0x825ee530 in 36,161,443,196 id 222(NotificationLayer.infinite_21.content5)
2026-06-04T12:32:49.287Z [L0]: 6/4 [0]12:32:49.078 D/CLayout SBEngine: Creating object 0x825ee564 in 36,324,443,339 id 223(NotificationLayer.infinite_21.line5)
2026-06-04T12:32:49.288Z [L0]: 6/4 [0]12:32:49.078 D/CLayout SBEngine: Creating object 0x825ee598 in 36,324,275,483 id 224(NotificationLayer.infinite_21.content_image6)
2026-06-04T12:32:49.289Z [L0]: 6/4 [0]12:32:49.078 D/CLayout SBEngine: Creating object 0x825ee5cc in 36,161,443,196 id 225(NotificationLayer.infinite_21.content6)
2026-06-04T12:32:49.290Z [L0]: 6/4 [0]12:32:49.078 D/CLayout SBEngine: Creating object 0x825ee600 in 22,242,429,319 id 226(NotificationLayer.infinite_21.textBtn)
2026-06-04T12:32:49.291Z [L0]: 6/4 [0]12:32:49.078 D/CLayout SBEngine: Creating render 0x825ee634 in 14,4,380,63 id 227(NotificationLayer.infinite_21.textBtn:0)
2026-06-04T12:32:49.292Z [L0]: 6/4 [0]12:32:49.078 D/CLayout SBEngine: Creating render 0x825ee668 in 367,18,398,49 id 228(NotificationLayer.infinite_21.textBtn:1)
2026-06-04T12:32:49.294Z [L0]: 6/4 [0]12:32:49.079 D/CLayout SBEngine: Creating object 0x825ee69c in 418,242,457,281 id 229(NotificationLayer.infinite_21.icon_top)
2026-06-04T12:32:49.295Z [L0]: 6/4 [0]12:32:49.079 D/CLayout SBEngine: Creating object 0x825ee6d0 in 22,0,457,232 id 230(NotificationLayer.infinite_21.notif_bg_color)
2026-06-04T12:32:49.297Z [L0]: 6/4 [0]12:32:49.079 D/CLayout SBEngine: Creating object 0x825ee704 in 22,0,457,279 id 231(NotificationLayer.infinite_21.touch_select)
2026-06-04T12:32:49.298Z [L0]: 6/4 [0]12:32:49.079 D/NOTFWG SBEngine: [addLayoutBranch] add branch NotificationLayer.infinite_21 -2107656612 
2026-06-04T12:32:49.300Z [L0]: 6/4 [0]12:32:49.079 D/CLayout SBEngine: Load layer list_layer
2026-06-04T12:32:49.302Z [L0]: 6/4 [0]12:32:49.079 D/CLayout SBEngine: Creating object 0x825ee738 in 0,800,493,1039 id 201(NotificationLayer.infinite_22)
2026-06-04T12:32:49.303Z [L0]: 6/4 [0]12:32:49.080 D/CLayout SBEngine: Creating object 0x825ee76c in 22,0,471,239 id 202(null)
2026-06-04T12:32:49.304Z [L0]: 6/4 [0]12:32:49.080 D/CLayout SBEngine: Creating object 0x825ee7a0 in 36,14,443,58 id 203(NotificationLayer.infinite_22.title)
2026-06-04T12:32:49.306Z [L0]: 6/4 [0]12:32:49.080 D/CLayout SBEngine: Creating object 0x825ee7d4 in 36,14,515,53 id 204(NotificationLayer.infinite_22.time)
2026-06-04T12:32:49.307Z [L0]: 6/4 [0]12:32:49.080 D/CLayout SBEngine: Creating object 0x825ee808 in 36,194,443,229 id 205(NotificationLayer.infinite_22.second_title)
2026-06-04T12:32:49.308Z [L0]: 6/4 [0]12:32:49.080 D/CLayout SBEngine: Creating object 0x825ee83c in 36,324,275,483 id 206(NotificationLayer.infinite_22.content_image)
2026-06-04T12:32:49.310Z [L0]: 6/4 [0]12:32:49.080 D/CLayout SBEngine: Creating object 0x825ee870 in 36,161,443,196 id 207(NotificationLayer.infinite_22.content)
2026-06-04T12:32:49.313Z [L0]: 6/4 [0]12:32:49.080 D/CLayout SBEngine: Creating object 0x825ee8a4 in 36,324,443,339 id 208(NotificationLayer.infinite_22.line)
2026-06-04T12:32:49.315Z [L0]: 6/4 [0]12:32:49.080 D/CLayout SBEngine: Creating object 0x825ee8d8 in 36,324,275,483 id 209(NotificationLayer.infinite_22.content_image1)
2026-06-04T12:32:49.316Z [L0]: 6/4 [0]12:32:49.081 D/CLayout SBEngine: Creating object 0x825ee90c in 36,161,443,196 id 210(NotificationLayer.infinite_22.content1)
2026-06-04T12:32:49.318Z [L0]: 6/4 [0]12:32:49.081 D/CLayout SBEngine: Creating object 0x825ee940 in 36,324,443,339 id 211(NotificationLayer.infinite_22.line1)
2026-06-04T12:32:49.320Z [L0]: 6/4 [0]12:32:49.081 D/CLayout SBEngine: Creating object 0x825ee974 in 36,324,275,483 id 212(NotificationLayer.infinite_22.content_image2)
2026-06-04T12:32:49.322Z [L0]: 6/4 [0]12:32:49.081 D/CLayout SBEngine: Creating object 0x825ee9a8 in 36,161,443,196 id 213(NotificationLayer.infinite_22.content2)
2026-06-04T12:32:49.323Z [L0]: 6/4 [0]12:32:49.081 D/CLayout SBEngine: Creating object 0x825ee9dc in 36,324,443,339 id 214(NotificationLayer.infinite_22.line2)
2026-06-04T12:32:49.328Z [L0]: 6/4 [0]12:32:49.081 D/CLayout SBEngine: Creating object 0x825eea10 in 36,324,275,483 id 215(NotificationLayer.infinite_22.content_image3)
2026-06-04T12:32:49.330Z [L0]: 6/4 [0]12:32:49.081 D/CLayout SBEngine: Creating object 0x825eea44 in 36,161,443,196 id 216(NotificationLayer.infinite_22.content3)
2026-06-04T12:32:49.332Z [L0]: 6/4 [0]12:32:49.082 D/CLayout SBEngine: Creating object 0x825eea78 in 36,324,443,339 id 217(NotificationLayer.infinite_22.line3)
2026-06-04T12:32:49.334Z [L0]: 6/4 [0]12:32:49.082 D/CLayout SBEngine: Creating object 0x825eeaac in 36,324,275,483 id 218(NotificationLayer.infinite_22.content_image4)
2026-06-04T12:32:49.335Z [L0]: 6/4 [0]12:32:49.082 D/CLayout SBEngine: Creating object 0x825eeae0 in 36,161,443,196 id 219(NotificationLayer.infinite_22.content4)
2026-06-04T12:32:49.337Z [L0]: 6/4 [0]12:32:49.082 D/CLayout SBEngine: Creating object 0x825eeb14 in 36,324,443,339 id 220(NotificationLayer.infinite_22.line4)
2026-06-04T12:32:49.338Z [L0]: 6/4 [0]12:32:49.083 D/CLayout SBEngine: Creating object 0x825eeb48 in 36,324,275,483 id 221(NotificationLayer.infinite_22.content_image5)
2026-06-04T12:32:49.340Z [L0]: 6/4 [0]12:32:49.083 D/CLayout SBEngine: Creating object 0x825eeb7c in 36,161,443,196 id 222(NotificationLayer.infinite_22.content5)
2026-06-04T12:32:49.342Z [L0]: 6/4 [0]12:32:49.083 D/CLayout SBEngine: Creating object 0x825eebb0 in 36,324,443,339 id 223(NotificationLayer.infinite_22.line5)
2026-06-04T12:32:49.344Z [L0]: 6/4 [0]12:32:49.083 D/CLayout SBEngine: Creating object 0x825eebe4 in 36,324,275,483 id 224(NotificationLayer.infinite_22.content_image6)
2026-06-04T12:32:49.345Z [L0]: 6/4 [0]12:32:49.084 D/CLayout SBEngine: Creating object 0x825eec18 in 36,161,443,196 id 225(NotificationLayer.infinite_22.content6)
2026-06-04T12:32:49.347Z [L0]: 6/4 [0]12:32:49.084 D/CLayout SBEngine: Creating object 0x825eec4c in 22,242,429,319 id 226(NotificationLayer.infinite_22.textBtn)
2026-06-04T12:32:49.349Z [L0]: 6/4 [0]12:32:49.084 D/CLayout SBEngine: Creating render 0x825eec80 in 14,4,380,63 id 227(NotificationLayer.infinite_22.textBtn:0)
2026-06-04T12:32:49.350Z [L0]: 6/4 [0]12:32:49.084 D/CLayout SBEngine: Creating render 0x825eecb4 in 367,18,398,49 id 228(NotificationLayer.infinite_22.textBtn:1)
2026-06-04T12:32:49.352Z [L0]: 6/4 [0]12:32:49.084 D/CLayout SBEngine: Creating object 0x825eece8 in 418,242,457,281 id 229(NotificationLayer.infinite_22.icon_top)
2026-06-04T12:32:49.354Z [L0]: 6/4 [0]12:32:49.084 D/CLayout SBEngine: Creating object 0x825eed1c in 22,0,457,232 id 230(NotificationLayer.infinite_22.notif_bg_color)
2026-06-04T12:32:49.355Z [L0]: 6/4 [0]12:32:49.084 D/CLayout SBEngine: Creating object 0x825eed50 in 22,0,457,279 id 231(NotificationLayer.infinite_22.touch_select)
2026-06-04T12:32:49.357Z [L0]: 6/4 [0]12:32:49.085 D/NOTFWG SBEngine: [addLayoutBranch] add branch NotificationLayer.infinite_22 -2107709640 
2026-06-04T12:32:49.358Z [L0]: 6/4 [0]12:32:49.085 D/CLayout SBEngine: Load layer list_layer
2026-06-04T12:32:49.359Z [L0]: 6/4 [0]12:32:49.085 D/CLayout SBEngine: Creating object 0x825eed84 in 0,800,493,1039 id 201(NotificationLayer.infinite_23)
2026-06-04T12:32:49.360Z [L0]: 6/4 [0]12:32:49.085 D/CLayout SBEngine: Creating object 0x825eedb8 in 22,0,471,239 id 202(null)
2026-06-04T12:32:49.362Z [L0]: 6/4 [0]12:32:49.085 D/CLayout SBEngine: Creating object 0x825eedec in 36,14,443,58 id 203(NotificationLayer.infinite_23.title)
2026-06-04T12:32:49.364Z [L0]: 6/4 [0]12:32:49.085 D/CLayout SBEngine: Creating object 0x825eee20 in 36,14,515,53 id 204(NotificationLayer.infinite_23.time)
2026-06-04T12:32:49.365Z [L0]: 6/4 [0]12:32:49.085 D/CLayout SBEngine: Creating object 0x825eee54 in 36,194,443,229 id 205(NotificationLayer.infinite_23.second_title)
2026-06-04T12:32:49.367Z [L0]: 6/4 [0]12:32:49.086 D/CLayout SBEngine: Creating object 0x825eee88 in 36,324,275,483 id 206(NotificationLayer.infinite_23.content_image)
2026-06-04T12:32:49.369Z [L0]: 6/4 [0]12:32:49.086 D/CLayout SBEngine: Creating object 0x825eeebc in 36,161,443,196 id 207(NotificationLayer.infinite_23.content)
2026-06-04T12:32:49.370Z [L0]: 6/4 [0]12:32:49.086 D/CLayout SBEngine: Creating object 0x825eeef0 in 36,324,443,339 id 208(NotificationLayer.infinite_23.line)
2026-06-04T12:32:49.372Z [L0]: 6/4 [0]12:32:49.086 D/CLayout SBEngine: Creating object 0x825eef24 in 36,324,275,483 id 209(NotificationLayer.infinite_23.content_image1)
2026-06-04T12:32:49.374Z [L0]: 6/4 [0]12:32:49.086 D/CLayout SBEngine: Creating object 0x825eef58 in 36,161,443,196 id 210(NotificationLayer.infinite_23.content1)
2026-06-04T12:32:49.376Z [L0]: 6/4 [0]12:32:49.086 D/CLayout SBEngine: Creating object 0x825eef8c in 36,324,443,339 id 211(NotificationLayer.infinite_23.line1)
2026-06-04T12:32:49.377Z [L0]: 6/4 [0]12:32:49.086 D/CLayout SBEngine: Creating object 0x825eefc0 in 36,324,275,483 id 212(NotificationLayer.infinite_23.content_image2)
2026-06-04T12:32:49.379Z [L0]: 6/4 [0]12:32:49.087 D/CLayout SBEngine: Creating object 0x825eeff4 in 36,161,443,196 id 213(NotificationLayer.infinite_23.content2)
2026-06-04T12:32:49.381Z [L0]: 6/4 [0]12:32:49.087 D/CLayout SBEngine: Creating object 0x825ef028 in 36,324,443,339 id 214(NotificationLayer.infinite_23.line2)
2026-06-04T12:32:49.382Z [L0]: 6/4 [0]12:32:49.087 D/CLayout SBEngine: Creating object 0x825ef05c in 36,324,275,483 id 215(NotificationLayer.infinite_23.content_image3)
2026-06-04T12:32:49.384Z [L0]: 6/4 [0]12:32:49.087 D/CLayout SBEngine: Creating object 0x825ef090 in 36,161,443,196 id 216(NotificationLayer.infinite_23.content3)
2026-06-04T12:32:49.386Z [L0]: 6/4 [0]12:32:49.087 D/CLayout SBEngine: Creating object 0x825ef0c4 in 36,324,443,339 id 217(NotificationLayer.infinite_23.line3)
2026-06-04T12:32:49.387Z [L0]: 6/4 [0]12:32:49.087 D/CLayout SBEngine: Creating object 0x825ef0f8 in 36,324,275,483 id 218(NotificationLayer.infinite_23.content_image4)
2026-06-04T12:32:49.389Z [L0]: 6/4 [0]12:32:49.088 D/CLayout SBEngine: Creating object 0x825ef12c in 36,161,443,196 id 219(NotificationLayer.infinite_23.content4)
2026-06-04T12:32:49.390Z [L0]: 6/4 [0]12:32:49.088 D/CLayout SBEngine: Creating object 0x825ef160 in 36,324,443,339 id 220(NotificationLayer.infinite_23.line4)
2026-06-04T12:32:49.392Z [L0]: 6/4 [0]12:32:49.088 D/CLayout SBEngine: Creating object 0x825ef194 in 36,324,275,483 id 221(NotificationLayer.infinite_23.content_image5)
2026-06-04T12:32:49.393Z [L0]: 6/4 [0]12:32:49.088 D/CLayout SBEngine: Creating object 0x825ef1c8 in 36,161,443,196 id 222(NotificationLayer.infinite_23.content5)
2026-06-04T12:32:49.394Z [L0]: 6/4 [0]12:32:49.089 D/CLayout SBEngine: Creating object 0x825ef1fc in 36,324,443,339 id 223(NotificationLayer.infinite_23.line5)
2026-06-04T12:32:49.395Z [L0]: 6/4 [0]12:32:49.089 D/CLayout SBEngine: Creating object 0x825ef230 in 36,324,275,483 id 224(NotificationLayer.infinite_23.content_image6)
2026-06-04T12:32:49.397Z [L0]: 6/4 [0]12:32:49.089 D/CLayout SBEngine: Creating object 0x825ef264 in 36,161,443,196 id 225(NotificationLayer.infinite_23.content6)
2026-06-04T12:32:49.398Z [L0]: 6/4 [0]12:32:49.090 D/CLayout SBEngine: Creating object 0x825ef298 in 22,242,429,319 id 226(NotificationLayer.infinite_23.textBtn)
2026-06-04T12:32:49.399Z [L0]: 6/4 [0]12:32:49.090 D/CLayout SBEngine: Creating render 0x825ef2cc in 14,4,380,63 id 227(NotificationLayer.infinite_23.textBtn:0)
2026-06-04T12:32:49.401Z [L0]: 6/4 [0]12:32:49.090 D/CLayout SBEngine: Creating render 0x825ef300 in 367,18,398,49 id 228(NotificationLayer.infinite_23.textBtn:1)
2026-06-04T12:32:49.403Z [L0]: 6/4 [0]12:32:49.090 D/CLayout SBEngine: Creating object 0x825ef334 in 418,242,457,281 id 229(NotificationLayer.infinite_23.icon_top)
2026-06-04T12:32:49.404Z [L0]: 6/4 [0]12:32:49.091 D/CLayout SBEngine: Creating object 0x825ef368 in 22,0,457,232 id 230(NotificationLayer.infinite_23.notif_bg_color)
2026-06-04T12:32:49.406Z [L0]: 6/4 [0]12:32:49.091 D/CLayout SBEngine: Creating object 0x825ef39c in 22,0,457,279 id 231(NotificationLayer.infinite_23.touch_select)
2026-06-04T12:32:49.407Z [L0]: 6/4 [0]12:32:49.091 D/NOTFWG SBEngine: [addLayoutBranch] add branch NotificationLayer.infinite_23 -2107708028 
2026-06-04T12:32:49.409Z [L0]: 6/4 [0]12:32:49.092 D/CLayout SBEngine: Load layer list_layer
2026-06-04T12:32:49.411Z [L0]: 6/4 [0]12:32:49.092 D/CLayout SBEngine: Creating object 0x825ef3d0 in 0,800,493,1039 id 201(NotificationLayer.infinite_24)
2026-06-04T12:32:49.413Z [L0]: 6/4 [0]12:32:49.092 D/CLayout SBEngine: Creating object 0x825ef404 in 22,0,471,239 id 202(null)
2026-06-04T12:32:49.414Z [L0]: 6/4 [0]12:32:49.092 D/CLayout SBEngine: Creating object 0x825ef438 in 36,14,443,58 id 203(NotificationLayer.infinite_24.title)
2026-06-04T12:32:49.416Z [L0]: 6/4 [0]12:32:49.093 D/CLayout SBEngine: Creating object 0x825ef46c in 36,14,515,53 id 204(NotificationLayer.infinite_24.time)
2026-06-04T12:32:49.417Z [L0]: 6/4 [0]12:32:49.094 D/CLayout SBEngine: Creating object 0x825ef4a0 in 36,194,443,229 id 205(NotificationLayer.infinite_24.second_title)
2026-06-04T12:32:49.419Z [L0]: 6/4 [0]12:32:49.094 D/CLayout SBEngine: Creating object 0x825ef4d4 in 36,324,275,483 id 206(NotificationLayer.infinite_24.content_image)
2026-06-04T12:32:49.421Z [L0]: 6/4 [0]12:32:49.094 D/CLayout SBEngine: Creating object 0x825ef508 in 36,161,443,196 id 207(NotificationLayer.infinite_24.content)
2026-06-04T12:32:49.422Z [L0]: 6/4 [0]12:32:49.095 D/CLayout SBEngine: Creating object 0x825ef53c in 36,324,443,339 id 208(NotificationLayer.infinite_24.line)
2026-06-04T12:32:49.424Z [L0]: 6/4 [0]12:32:49.095 D/CLayout SBEngine: Creating object 0x825ef570 in 36,324,275,483 id 209(NotificationLayer.infinite_24.content_image1)
2026-06-04T12:32:49.425Z [L0]: 6/4 [0]12:32:49.095 D/CLayout SBEngine: Creating object 0x825ef5a4 in 36,161,443,196 id 210(NotificationLayer.infinite_24.content1)
2026-06-04T12:32:49.427Z [L0]: 6/4 [0]12:32:49.095 D/CLayout SBEngine: Creating object 0x825ef5d8 in 36,324,443,339 id 211(NotificationLayer.infinite_24.line1)
2026-06-04T12:32:49.428Z [L0]: 6/4 [0]12:32:49.096 D/CLayout SBEngine: Creating object 0x825ef60c in 36,324,275,483 id 212(NotificationLayer.infinite_24.content_image2)
2026-06-04T12:32:49.429Z [L0]: 6/4 [0]12:32:49.096 D/CLayout SBEngine: Creating object 0x825ef640 in 36,161,443,196 id 213(NotificationLayer.infinite_24.content2)
2026-06-04T12:32:49.431Z [L0]: 6/4 [0]12:32:49.096 D/CLayout SBEngine: Creating object 0x825ef674 in 36,324,443,339 id 214(NotificationLayer.infinite_24.line2)
2026-06-04T12:32:49.432Z [L0]: 6/4 [0]12:32:49.096 D/CLayout SBEngine: Creating object 0x825ef6a8 in 36,324,275,483 id 215(NotificationLayer.infinite_24.content_image3)
2026-06-04T12:32:49.434Z [L0]: 6/4 [0]12:32:49.096 D/CLayout SBEngine: Creating object 0x825ef6dc in 36,161,443,196 id 216(NotificationLayer.infinite_24.content3)
2026-06-04T12:32:49.436Z [L0]: 6/4 [0]12:32:49.096 D/CLayout SBEngine: Creating object 0x825ef710 in 36,324,443,339 id 217(NotificationLayer.infinite_24.line3)
2026-06-04T12:32:49.438Z [L0]: 6/4 [0]12:32:49.097 D/CLayout SBEngine: Creating object 0x825ef744 in 36,324,275,483 id 218(NotificationLayer.infinite_24.content_image4)
2026-06-04T12:32:49.439Z [L0]: 6/4 [0]12:32:49.097 D/CLayout SBEngine: Creating object 0x825ef778 in 36,161,443,196 id 219(NotificationLayer.infinite_24.content4)
2026-06-04T12:32:49.440Z [L0]: 6/4 [0]12:32:49.097 D/CLayout SBEngine: Creating object 0x825ef7ac in 36,324,443,339 id 220(NotificationLayer.infinite_24.line4)
2026-06-04T12:32:49.441Z [L0]: 6/4 [0]12:32:49.097 D/CLayout SBEngine: Creating object 0x825ef7e0 in 36,324,275,483 id 221(NotificationLayer.infinite_24.content_image5)
2026-06-04T12:32:49.443Z [L0]: 6/4 [0]12:32:49.098 D/CLayout SBEngine: Creating object 0x825ef814 in 36,161,443,196 id 222(NotificationLayer.infinite_24.content5)
2026-06-04T12:32:49.444Z [L0]: 6/4 [0]12:32:49.098 D/CLayout SBEngine: Creating object 0x825ef848 in 36,324,443,339 id 223(NotificationLayer.infinite_24.line5)
2026-06-04T12:32:49.446Z [L0]: 6/4 [0]12:32:49.099 D/CLayout SBEngine: Creating object 0x825ef87c in 36,324,275,483 id 224(NotificationLayer.infinite_24.content_image6)
2026-06-04T12:32:49.448Z [L0]: 6/4 [0]12:32:49.099 D/CLayout SBEngine: Creating object 0x825ef8b0 in 36,161,443,196 id 225(NotificationLayer.infinite_24.content6)
2026-06-04T12:32:49.449Z [L0]: 6/4 [0]12:32:49.100 D/CLayout SBEngine: Creating object 0x825ef8e4 in 22,242,429,319 id 226(NotificationLayer.infinite_24.textBtn)
2026-06-04T12:32:49.451Z [L0]: 6/4 [0]12:32:49.100 D/CLayout SBEngine: Creating render 0x825ef918 in 14,4,380,63 id 227(NotificationLayer.infinite_24.textBtn:0)
2026-06-04T12:32:49.453Z [L0]: 6/4 [0]12:32:49.100 D/CLayout SBEngine: Creating render 0x825ef94c in 367,18,398,49 id 228(NotificationLayer.infinite_24.textBtn:1)
2026-06-04T12:32:49.455Z [L0]: 6/4 [0]12:32:49.100 D/CLayout SBEngine: Creating object 0x825ef980 in 418,242,457,281 id 229(NotificationLayer.infinite_24.icon_top)
2026-06-04T12:32:49.456Z [L0]: 6/4 [0]12:32:49.100 D/CLayout SBEngine: Creating object 0x825ef9b4 in 22,0,457,232 id 230(NotificationLayer.infinite_24.notif_bg_color)
2026-06-04T12:32:49.457Z [L0]: 6/4 [0]12:32:49.101 D/CLayout SBEngine: Creating object 0x825ef9e8 in 22,0,457,279 id 231(NotificationLayer.infinite_24.touch_select)
2026-06-04T12:32:49.458Z [L0]: 6/4 [0]12:32:49.101 D/NOTFWG SBEngine: [addLayoutBranch] add branch NotificationLayer.infinite_24 -2107706416 
2026-06-04T12:32:49.460Z [L0]: 6/4 [0]12:32:49.101 D/CLayout SBEngine: Load layer list_layer
2026-06-04T12:32:49.461Z [L0]: 6/4 [0]12:32:49.101 D/CLayout SBEngine: Creating object 0x825efa1c in 0,800,493,1039 id 201(NotificationLayer.infinite_25)
2026-06-04T12:32:49.463Z [L0]: 6/4 [0]12:32:49.101 D/CLayout SBEngine: Creating object 0x825efa50 in 22,0,471,239 id 202(null)
2026-06-04T12:32:49.464Z [L0]: 6/4 [0]12:32:49.102 D/CLayout SBEngine: Creating object 0x825efa84 in 36,14,443,58 id 203(NotificationLayer.infinite_25.title)
2026-06-04T12:32:49.465Z [L0]: 6/4 [0]12:32:49.102 D/CLayout SBEngine: Creating object 0x825efab8 in 36,14,515,53 id 204(NotificationLayer.infinite_25.time)
2026-06-04T12:32:49.467Z [L0]: 6/4 [0]12:32:49.102 D/CLayout SBEngine: Creating object 0x825efaec in 36,194,443,229 id 205(NotificationLayer.infinite_25.second_title)
2026-06-04T12:32:49.468Z [L0]: 6/4 [0]12:32:49.103 D/CLayout SBEngine: Creating object 0x825efb20 in 36,324,275,483 id 206(NotificationLayer.infinite_25.content_image)
2026-06-04T12:32:49.470Z [L0]: 6/4 [0]12:32:49.103 D/CLayout SBEngine: Creating object 0x825efb54 in 36,161,443,196 id 207(NotificationLayer.infinite_25.content)
2026-06-04T12:32:49.472Z [L0]: 6/4 [0]12:32:49.104 D/CLayout SBEngine: Creating object 0x825efb88 in 36,324,443,339 id 208(NotificationLayer.infinite_25.line)
2026-06-04T12:32:49.473Z [L0]: 6/4 [0]12:32:49.104 D/CLayout SBEngine: Creating object 0x825efbbc in 36,324,275,483 id 209(NotificationLayer.infinite_25.content_image1)
2026-06-04T12:32:49.474Z [L0]: 6/4 [0]12:32:49.105 D/CLayout SBEngine: Creating object 0x825efbf0 in 36,161,443,196 id 210(NotificationLayer.infinite_25.content1)
2026-06-04T12:32:49.475Z [L0]: 6/4 [0]12:32:49.105 D/CLayout SBEngine: Creating object 0x825efc24 in 36,324,443,339 id 211(NotificationLayer.infinite_25.line1)
2026-06-04T12:32:49.477Z [L0]: 6/4 [0]12:32:49.105 D/CLayout SBEngine: Creating object 0x825efc58 in 36,324,275,483 id 212(NotificationLayer.infinite_25.content_image2)
2026-06-04T12:32:49.479Z [L0]: 6/4 [0]12:32:49.105 D/CLayout SBEngine: Creating object 0x825efc8c in 36,161,443,196 id 213(NotificationLayer.infinite_25.content2)
2026-06-04T12:32:49.480Z [L0]: 6/4 [0]12:32:49.105 D/CLayout SBEngine: Creating object 0x825efcc0 in 36,324,443,339 id 214(NotificationLayer.infinite_25.line2)
2026-06-04T12:32:49.483Z [L0]: 6/4 [0]12:32:49.106 D/CLayout SBEngine: Creating object 0x825efcf4 in 36,324,275,483 id 215(NotificationLayer.infinite_25.content_image3)
2026-06-04T12:32:49.484Z [L0]: 6/4 [0]12:32:49.106 D/CLayout SBEngine: Creating object 0x825efd28 in 36,161,443,196 id 216(NotificationLayer.infinite_25.content3)
2026-06-04T12:32:49.485Z [L0]: 6/4 [0]12:32:49.106 D/CLayout SBEngine: Creating object 0x825efd5c in 36,324,443,339 id 217(NotificationLayer.infinite_25.line3)
2026-06-04T12:32:49.487Z [L0]: 6/4 [0]12:32:49.107 D/CLayout SBEngine: Creating object 0x825efd90 in 36,324,275,483 id 218(NotificationLayer.infinite_25.content_image4)
2026-06-04T12:32:49.489Z [L0]: 6/4 [0]12:32:49.107 D/CLayout SBEngine: Creating object 0x825efdc4 in 36,161,443,196 id 219(NotificationLayer.infinite_25.content4)
2026-06-04T12:32:49.491Z [L0]: 6/4 [0]12:32:49.107 D/CLayout SBEngine: Creating object 0x825efdf8 in 36,324,443,339 id 220(NotificationLayer.infinite_25.line4)
2026-06-04T12:32:49.492Z [L0]: 6/4 [0]12:32:49.108 D/CLayout SBEngine: Creating object 0x825efe2c in 36,324,275,483 id 221(NotificationLayer.infinite_25.content_image5)
2026-06-04T12:32:49.494Z [L0]: 6/4 [0]12:32:49.108 D/CLayout SBEngine: Creating object 0x825efe60 in 36,161,443,196 id 222(NotificationLayer.infinite_25.content5)
2026-06-04T12:32:49.496Z [L0]: 6/4 [0]12:32:49.108 D/CLayout SBEngine: Creating object 0x825efe94 in 36,324,443,339 id 223(NotificationLayer.infinite_25.line5)
2026-06-04T12:32:49.498Z [L0]: 6/4 [0]12:32:49.108 D/CLayout SBEngine: Creating object 0x825efec8 in 36,324,275,483 id 224(NotificationLayer.infinite_25.content_image6)
2026-06-04T12:32:49.500Z [L0]: 6/4 [0]12:32:49.109 D/CLayout SBEngine: Creating object 0x825efefc in 36,161,443,196 id 225(NotificationLayer.infinite_25.content6)
2026-06-04T12:32:49.502Z [L0]: 6/4 [0]12:32:49.109 D/CLayout SBEngine: Creating object 0x825eff30 in 22,242,429,319 id 226(NotificationLayer.infinite_25.textBtn)
2026-06-04T12:32:49.504Z [L0]: 6/4 [0]12:32:49.109 D/CLayout SBEngine: Creating render 0x825eff64 in 14,4,380,63 id 227(NotificationLayer.infinite_25.textBtn:0)
2026-06-04T12:32:49.506Z [L0]: 6/4 [0]12:32:49.109 D/CLayout SBEngine: Creating render 0x825eff98 in 367,18,398,49 id 228(NotificationLayer.infinite_25.textBtn:1)
2026-06-04T12:32:49.507Z [L0]: 6/4 [0]12:32:49.109 D/CLayout SBEngine: Creating object 0x825effcc in 418,242,457,281 id 229(NotificationLayer.infinite_25.icon_top)
2026-06-04T12:32:49.509Z [L0]: 6/4 [0]12:32:49.109 D/CLayout SBEngine: Creating object 0x825f0000 in 22,0,457,232 id 230(NotificationLayer.infinite_25.notif_bg_color)
2026-06-04T12:32:49.510Z [L0]: 6/4 [0]12:32:49.110 D/CLayout SBEngine: Creating object 0x825f0034 in 22,0,457,279 id 231(NotificationLayer.infinite_25.touch_select)
2026-06-04T12:32:49.511Z [L0]: 6/4 [0]12:32:49.110 D/NOTFWG SBEngine: [addLayoutBranch] add branch NotificationLayer.infinite_25 -2107704804 
2026-06-04T12:32:49.513Z [L0]: 6/4 [0]12:32:49.111 D/CLayout SBEngine: Load layer list_layer
2026-06-04T12:32:49.514Z [L0]: 6/4 [0]12:32:49.111 D/CLayout SBEngine: Creating object 0x825f0068 in 0,800,493,1039 id 201(NotificationLayer.infinite_26)
2026-06-04T12:32:49.516Z [L0]: 6/4 [0]12:32:49.112 D/CLayout SBEngine: Creating object 0x825f009c in 22,0,471,239 id 202(null)
2026-06-04T12:32:49.518Z [L0]: 6/4 [0]12:32:49.112 D/CLayout SBEngine: Creating object 0x825f00d0 in 36,14,443,58 id 203(NotificationLayer.infinite_26.title)
2026-06-04T12:32:49.519Z [L0]: 6/4 [0]12:32:49.112 D/CLayout SBEngine: Creating object 0x825f0104 in 36,14,515,53 id 204(NotificationLayer.infinite_26.time)
2026-06-04T12:32:49.521Z [L0]: 6/4 [0]12:32:49.113 D/CLayout SBEngine: Creating object 0x825f0138 in 36,194,443,229 id 205(NotificationLayer.infinite_26.second_title)
2026-06-04T12:32:49.523Z [L0]: 6/4 [0]12:32:49.113 D/CLayout SBEngine: Creating object 0x825f016c in 36,324,275,483 id 206(NotificationLayer.infinite_26.content_image)
2026-06-04T12:32:49.524Z [L0]: 6/4 [0]12:32:49.113 D/CLayout SBEngine: Creating object 0x825e773c in 36,161,443,196 id 207(NotificationLayer.infinite_26.content)
2026-06-04T12:32:49.526Z [L0]: 6/4 [0]12:32:49.113 D/CLayout SBEngine: Creating object 0x825e7770 in 36,324,443,339 id 208(NotificationLayer.infinite_26.line)
2026-06-04T12:32:49.527Z [L0]: 6/4 [0]12:32:49.113 D/CLayout SBEngine: Creating object 0x825e77a4 in 36,324,275,483 id 209(NotificationLayer.infinite_26.content_image1)
2026-06-04T12:32:49.529Z [L0]: 6/4 [0]12:32:49.113 D/CLayout SBEngine: Creating object 0x825e77d8 in 36,161,443,196 id 210(NotificationLayer.infinite_26.content1)
2026-06-04T12:32:49.531Z [L0]: 6/4 [0]12:32:49.113 D/CLayout SBEngine: Creating object 0x825e780c in 36,324,443,339 id 211(NotificationLayer.infinite_26.line1)
2026-06-04T12:32:49.532Z [L0]: 6/4 [0]12:32:49.114 D/CLayout SBEngine: Creating object 0x825e7840 in 36,324,275,483 id 212(NotificationLayer.infinite_26.content_image2)
2026-06-04T12:32:49.533Z [L0]: 6/4 [0]12:32:49.114 D/CLayout SBEngine: Creating object 0x825e7874 in 36,161,443,196 id 213(NotificationLayer.infinite_26.content2)
2026-06-04T12:32:49.535Z [L0]: 6/4 [0]12:32:49.114 D/CLayout SBEngine: Creating object 0x825e78a8 in 36,324,443,339 id 214(NotificationLayer.infinite_26.line2)
2026-06-04T12:32:49.536Z [L0]: 6/4 [0]12:32:49.114 D/CLayout SBEngine: Creating object 0x825e78dc in 36,324,275,483 id 215(NotificationLayer.infinite_26.content_image3)
2026-06-04T12:32:49.538Z [L0]: 6/4 [0]12:32:49.114 D/CLayout SBEngine: Creating object 0x825e7910 in 36,161,443,196 id 216(NotificationLayer.infinite_26.content3)
2026-06-04T12:32:49.540Z [L0]: 6/4 [0]12:32:49.114 D/CLayout SBEngine: Creating object 0x825e7944 in 36,324,443,339 id 217(NotificationLayer.infinite_26.line3)
2026-06-04T12:32:49.541Z [L0]: 6/4 [0]12:32:49.115 D/CLayout SBEngine: Creating object 0x825e7978 in 36,324,275,483 id 218(NotificationLayer.infinite_26.content_image4)
2026-06-04T12:32:49.543Z [L0]: 6/4 [0]12:32:49.115 D/CLayout SBEngine: Creating object 0x825e79ac in 36,161,443,196 id 219(NotificationLayer.infinite_26.content4)
2026-06-04T12:32:49.545Z [L0]: 6/4 [0]12:32:49.116 D/CLayout SBEngine: Creating object 0x825e79e0 in 36,324,443,339 id 220(NotificationLayer.infinite_26.line4)
2026-06-04T12:32:49.547Z [L0]: 6/4 [0]12:32:49.116 D/CLayout SBEngine: Creating object 0x825e7a14 in 36,324,275,483 id 221(NotificationLayer.infinite_26.content_image5)
2026-06-04T12:32:49.548Z [L0]: 6/4 [0]12:32:49.116 D/CLayout SBEngine: Creating object 0x825e7a48 in 36,161,443,196 id 222(NotificationLayer.infinite_26.content5)
2026-06-04T12:32:49.550Z [L0]: 6/4 [0]12:32:49.117 D/CLayout SBEngine: Creating object 0x825e7a7c in 36,324,443,339 id 223(NotificationLayer.infinite_26.line5)
2026-06-04T12:32:49.552Z [L0]: 6/4 [0]12:32:49.117 D/CLayout SBEngine: Creating object 0x825e7ab0 in 36,324,275,483 id 224(NotificationLayer.infinite_26.content_image6)
2026-06-04T12:32:49.554Z [L0]: 6/4 [0]12:32:49.117 D/CLayout SBEngine: Creating object 0x825e7ae4 in 36,161,443,196 id 225(NotificationLayer.infinite_26.content6)
2026-06-04T12:32:49.555Z [L0]: 6/4 [0]12:32:49.118 D/CLayout SBEngine: Creating object 0x825e7b18 in 22,242,429,319 id 226(NotificationLayer.infinite_26.textBtn)
2026-06-04T12:32:49.558Z [L0]: 6/4 [0]12:32:49.118 D/CLayout SBEngine: Creating render 0x825e7b4c in 14,4,380,63 id 227(NotificationLayer.infinite_26.textBtn:0)
2026-06-04T12:32:49.559Z [L0]: 6/4 [0]12:32:49.118 D/CLayout SBEngine: Creating render 0x825e7b80 in 367,18,398,49 id 228(NotificationLayer.infinite_26.textBtn:1)
2026-06-04T12:32:49.560Z [L0]: 6/4 [0]12:32:49.118 D/CLayout SBEngine: Creating object 0x825e7bb4 in 418,242,457,281 id 229(NotificationLayer.infinite_26.icon_top)
2026-06-04T12:32:49.562Z [L0]: 6/4 [0]12:32:49.118 D/CLayout SBEngine: Creating object 0x825e7be8 in 22,0,457,232 id 230(NotificationLayer.infinite_26.notif_bg_color)
2026-06-04T12:32:49.563Z [L0]: 6/4 [0]12:32:49.119 D/CLayout SBEngine: Creating object 0x825e7c1c in 22,0,457,279 id 231(NotificationLayer.infinite_26.touch_select)
2026-06-04T12:32:49.566Z [L0]: 6/4 [0]12:32:49.119 D/NOTFWG SBEngine: [addLayoutBranch] add branch NotificationLayer.infinite_26 -2107703192 
2026-06-04T12:32:49.567Z [L0]: 6/4 [0]12:32:49.119 D/CLayout SBEngine: Load layer list_layer
2026-06-04T12:32:49.568Z [L0]: 6/4 [0]12:32:49.119 D/CLayout SBEngine: Creating object 0x825e7c50 in 0,800,493,1039 id 201(NotificationLayer.infinite_27)
2026-06-04T12:32:49.570Z [L0]: 6/4 [0]12:32:49.119 D/CLayout SBEngine: Creating object 0x825e7c84 in 22,0,471,239 id 202(null)
2026-06-04T12:32:49.571Z [L0]: 6/4 [0]12:32:49.120 D/CLayout SBEngine: Creating object 0x825e7cb8 in 36,14,443,58 id 203(NotificationLayer.infinite_27.title)
2026-06-04T12:32:49.572Z [L0]: 6/4 [0]12:32:49.120 D/CLayout SBEngine: Creating object 0x825e7cec in 36,14,515,53 id 204(NotificationLayer.infinite_27.time)
2026-06-04T12:32:49.574Z [L0]: 6/4 [0]12:32:49.121 D/CLayout SBEngine: Creating object 0x825e7d20 in 36,194,443,229 id 205(NotificationLayer.infinite_27.second_title)
2026-06-04T12:32:49.575Z [L0]: 6/4 [0]12:32:49.121 D/CLayout SBEngine: Creating object 0x825e7d54 in 36,324,275,483 id 206(NotificationLayer.infinite_27.content_image)
2026-06-04T12:32:49.576Z [L0]: 6/4 [0]12:32:49.121 D/CLayout SBEngine: Creating object 0x825e7d88 in 36,161,443,196 id 207(NotificationLayer.infinite_27.content)
2026-06-04T12:32:49.578Z [L0]: 6/4 [0]12:32:49.122 D/CLayout SBEngine: Creating object 0x825e7dbc in 36,324,443,339 id 208(NotificationLayer.infinite_27.line)
2026-06-04T12:32:49.579Z [L0]: 6/4 [0]12:32:49.122 D/CLayout SBEngine: Creating object 0x825e7df0 in 36,324,275,483 id 209(NotificationLayer.infinite_27.content_image1)
2026-06-04T12:32:49.580Z [L0]: 6/4 [0]12:32:49.122 D/CLayout SBEngine: Creating object 0x825e7e24 in 36,161,443,196 id 210(NotificationLayer.infinite_27.content1)
2026-06-04T12:32:49.580Z [L0]: 6/4 [0]12:32:49.122 D/CLayout SBEngine: Creating object 0x825e7e58 in 36,324,443,339 id 211(NotificationLayer.infinite_27.line1)
2026-06-04T12:32:49.582Z [L0]: 6/4 [0]12:32:49.122 D/CLayout SBEngine: Creating object 0x825e7e8c in 36,324,275,483 id 212(NotificationLayer.infinite_27.content_image2)
2026-06-04T12:32:49.584Z [L0]: 6/4 [0]12:32:49.122 D/CLayout SBEngine: Creating object 0x825e7ec0 in 36,161,443,196 id 213(NotificationLayer.infinite_27.content2)
2026-06-04T12:32:49.586Z [L0]: 6/4 [0]12:32:49.122 D/CLayout SBEngine: Creating object 0x825e7ef4 in 36,324,443,339 id 214(NotificationLayer.infinite_27.line2)
2026-06-04T12:32:49.587Z [L0]: 6/4 [0]12:32:49.123 D/CLayout SBEngine: Creating object 0x825e7f28 in 36,324,275,483 id 215(NotificationLayer.infinite_27.content_image3)
2026-06-04T12:32:49.588Z [L0]: 6/4 [0]12:32:49.123 D/CLayout SBEngine: Creating object 0x825e7f5c in 36,161,443,196 id 216(NotificationLayer.infinite_27.content3)
2026-06-04T12:32:49.589Z [L0]: 6/4 [0]12:32:49.123 D/CLayout SBEngine: Creating object 0x825e7f90 in 36,324,443,339 id 217(NotificationLayer.infinite_27.line3)
2026-06-04T12:32:49.591Z [L0]: 6/4 [0]12:32:49.123 D/CLayout SBEngine: Creating object 0x825e7fc4 in 36,324,275,483 id 218(NotificationLayer.infinite_27.content_image4)
2026-06-04T12:32:49.593Z [L0]: 6/4 [0]12:32:49.124 D/CLayout SBEngine: Creating object 0x825e7ff8 in 36,161,443,196 id 219(NotificationLayer.infinite_27.content4)
2026-06-04T12:32:49.594Z [L0]: 6/4 [0]12:32:49.124 D/CLayout SBEngine: Creating object 0x825e802c in 36,324,443,339 id 220(NotificationLayer.infinite_27.line4)
2026-06-04T12:32:49.596Z [L0]: 6/4 [0]12:32:49.124 D/CLayout SBEngine: Creating object 0x825e8060 in 36,324,275,483 id 221(NotificationLayer.infinite_27.content_image5)
2026-06-04T12:32:49.597Z [L0]: 6/4 [0]12:32:49.124 D/CLayout SBEngine: Creating object 0x825e8094 in 36,161,443,196 id 222(NotificationLayer.infinite_27.content5)
2026-06-04T12:32:49.599Z [L0]: 6/4 [0]12:32:49.124 D/CLayout SBEngine: Creating object 0x825e80c8 in 36,324,443,339 id 223(NotificationLayer.infinite_27.line5)
2026-06-04T12:32:49.600Z [L0]: 6/4 [0]12:32:49.124 D/CLayout SBEngine: Creating object 0x825e80fc in 36,324,275,483 id 224(NotificationLayer.infinite_27.content_image6)
2026-06-04T12:32:49.601Z [L0]: 6/4 [0]12:32:49.125 D/CLayout SBEngine: Creating object 0x825e8130 in 36,161,443,196 id 225(NotificationLayer.infinite_27.content6)
2026-06-04T12:32:49.602Z [L0]: 6/4 [0]12:32:49.126 D/CLayout SBEngine: Creating object 0x825e8164 in 22,242,429,319 id 226(NotificationLayer.infinite_27.textBtn)
2026-06-04T12:32:49.604Z [L0]: 6/4 [0]12:32:49.126 D/CLayout SBEngine: Creating render 0x825e8198 in 14,4,380,63 id 227(NotificationLayer.infinite_27.textBtn:0)
2026-06-04T12:32:49.605Z [L0]: 6/4 [0]12:32:49.126 D/CLayout SBEngine: Creating render 0x825e81cc in 367,18,398,49 id 228(NotificationLayer.infinite_27.textBtn:1)
2026-06-04T12:32:49.607Z [L0]: 6/4 [0]12:32:49.126 D/CLayout SBEngine: Creating object 0x825e8200 in 418,242,457,281 id 229(NotificationLayer.infinite_27.icon_top)
2026-06-04T12:32:49.609Z [L0]: 6/4 [0]12:32:49.126 D/CLayout SBEngine: Creating object 0x825e8234 in 22,0,457,232 id 230(NotificationLayer.infinite_27.notif_bg_color)
2026-06-04T12:32:49.610Z [L0]: 6/4 [0]12:32:49.127 D/CLayout SBEngine: Creating object 0x825e8268 in 22,0,457,279 id 231(NotificationLayer.infinite_27.touch_select)
2026-06-04T12:32:49.611Z [L0]: 6/4 [0]12:32:49.127 D/NOTFWG SBEngine: [addLayoutBranch] add branch NotificationLayer.infinite_27 -2107737008 
2026-06-04T12:32:49.612Z [L0]: 6/4 [0]12:32:49.127 I/MList SBEngine: itemInitItem update item eid:0
2026-06-04T12:32:49.613Z [L0]: 6/4 [0]12:32:49.127 W/NOTFWG SBEngine: settingList_updateItem error 0
2026-06-04T12:32:49.614Z [L0]: 6/4 [0]12:32:49.128 I/MList SBEngine: itemInitItem update item eid:1
2026-06-04T12:32:49.615Z [L0]: 6/4 [0]12:32:49.128 W/NOTFWG SBEngine: settingList_updateItem idx=1,itemGroupPath=NotificationLayer.item_1,itemLevel=0,itemidx=1
2026-06-04T12:32:49.616Z [L0]: 6/4 [0]12:32:49.128 I/MList SBEngine: relayout2 updateByAnchor: lv 0,idx 0, y 0,h 101
2026-06-04T12:32:49.617Z [L0]: 6/4 [0]12:32:49.128 I/MList SBEngine: lv 0,idx 1,y 132,h 110,eid:1
2026-06-04T12:32:49.619Z [L0]: 6/4 [0]12:32:49.129 I/MList SBEngine: objLayout lv 0,idx 1, y 132,h 110, eid:1 path:item_1,visible:1 CanMovex: 0
2026-06-04T12:32:49.620Z [L0]: 6/4 [0]12:32:49.129 I/MList SBEngine: relayout2 finished
2026-06-04T12:32:49.621Z [L0]: 6/4 [0]12:32:49.130 W/NOTFWG SBEngine: [setFocusItemDetailToFlow] No valid list item
2026-06-04T12:32:49.623Z [L0]: 6/4 [0]12:32:49.130 I/MListFocus SBEngine: mList_bgMode_showFocus user set 1 true
2026-06-04T12:32:49.624Z [L0]: 6/4 [0]12:32:49.132 W/NOTFWG SBEngine: =======setNotificationInfo all_item=0
2026-06-04T12:32:49.626Z [L0]: 6/4 [0]12:32:49.133 W/NOTFWG SBEngine: =======setNotificationInfo all_item=0
2026-06-04T12:32:49.628Z [L0]: 6/4 [0]12:32:49.133 I/LANCH SBEngine: launcherSetScrollDisable g_launcher_scroll_disable = 0
2026-06-04T12:32:49.629Z [L0]: 6/4 [0]12:32:49.133 D/LANCH SBEngine: launcher onScreenResume
2026-06-04T12:32:49.630Z [L0]: 6/4 [0]12:32:49.133 D/CLayout SBEngine: >>gr_notify_callback_context event=gre.screenhide.post from LauncherScreen to JsApp11_Screen
2026-06-04T12:32:49.631Z [L0]: 6/4 [0]12:32:49.133 D/sb_screen_adapter SBEngine: onSBScreenPostDestory JsApp11_Screen
2026-06-04T12:32:49.633Z [L0]: 6/4 [0]12:32:49.133 I/js_view SBEngine: onScreenPostDestory screenContext 0x82608160
2026-06-04T12:32:49.634Z [L0]: 6/4 [0]12:32:49.133 I/js_view SBEngine: js_get_app_screen_ctx: found screen(JsApp11_Screen)
2026-06-04T12:32:49.635Z [L0]: 6/4 [0]12:32:49.134 I/js_rt_screen_app SBEngine: [js_screen_app_on_destroy] destory_app 1 rt_cell->pcid 1300000001
2026-06-04T12:32:49.637Z [L0]: 6/4 [0]12:32:49.134 I/js_runtime SBEngine: malloc_size:1208900 before destory page
2026-06-04T12:32:49.638Z [L0]: 6/4 [0]12:32:49.134 I/jsRtApkMng SBEngine: js_rt_DestoryContiner: pcid(1300000001)
2026-06-04T12:32:49.640Z [L0]: 6/4 [0]12:32:49.134 D/jsRtApkMng SBEngine: switch_currentApp: same pid: 19 (appid 0010C8D9)
2026-06-04T12:32:49.641Z [L0]: 6/4 [0]12:32:49.134 D/js_timer SBEngine: _timer_on_destroy pcid(1300000001)
2026-06-04T12:32:49.642Z [L0]: 6/4 [0]12:32:49.134 D/JsMsgBus SBEngine: _on_rt_destroy pcid: 1300000001
2026-06-04T12:32:49.643Z [L0]: 6/4 [0]12:32:49.134 D/JS_SETTING SBEngine: _onAppDestroyed pcid(1300000001)
2026-06-04T12:32:49.644Z [L0]: 6/4 [0]12:32:49.134 D/js_ui SBEngine: js_delete_widget2 name:JsTemplate.image, id:576
2026-06-04T12:32:49.646Z [L0]: 6/4 [0]12:32:49.135 D/js_ui SBEngine: js_delete_widget2 name:JsTemplate.text, id:577
2026-06-04T12:32:49.648Z [L0]: 6/4 [0]12:32:49.135 D/js_ui SBEngine: js_delete_widget2 name:JsTemplate.text, id:578
2026-06-04T12:32:49.649Z [L0]: 6/4 [0]12:32:49.135 D/js_ui SBEngine: js_delete_widget2 name:JsTemplate.image, id:579
2026-06-04T12:32:49.651Z [L0]: 6/4 [0]12:32:49.135 D/js_ui SBEngine: js_delete_widget2 name:JsTemplate.image, id:580
2026-06-04T12:32:49.652Z [L0]: 6/4 [0]12:32:49.135 D/js_ui SBEngine: js_delete_widget2 name:JsTemplate.image, id:581
2026-06-04T12:32:49.654Z [L0]: 6/4 [0]12:32:49.135 D/js_ui SBEngine: js_delete_widget2 name:JsTemplate.text, id:582
2026-06-04T12:32:49.655Z [L0]: 6/4 [0]12:32:49.135 D/js_ui SBEngine: js_delete_widget2 name:JsTemplate.group, id:575
2026-06-04T12:32:49.656Z [L0]: 6/4 [0]12:32:49.136 D/JS_BLEFT SBEngine: _file_transfer_destroy pcid(1300000001)
2026-06-04T12:32:49.658Z [L0]: 6/4 [0]12:32:49.136 D/jsMedia SBEngine: js_media_destory pcid(1300000001)
2026-06-04T12:32:49.659Z [L0]: 6/4 [0]12:32:49.136 D/JsSysApi SBEngine: _onJsAppDestroy pcid(1300000001)
2026-06-04T12:32:49.660Z [L0]: 6/4 [0]12:32:49.136 D/JsOnlineVAD SBEngine: _onJsAppDestroy pcid(1300000001)
2026-06-04T12:32:49.661Z [L0]: 6/4 [0]12:32:49.137 I/jsRtApkMng SBEngine: js_rt_DestoryApp: pcid(1300000001)
2026-06-04T12:32:49.663Z [L0]: 6/4 [0]12:32:49.137 D/jsRtApkMng SBEngine: switch_currentApp: same pid: 19 (appid 0010C8D9)
2026-06-04T12:32:49.665Z [L0]: 6/4 [0]12:32:49.137 D/js_rt_app SBEngine: runAppFunc: run App: onDestory
2026-06-04T12:32:49.666Z [L0]: 6/4 [0]12:32:49.138 D/js_rt_app SBEngine: runAppFunc: run App: onDestroy
2026-06-04T12:32:49.667Z [L0]: 6/4 [0]12:32:49.138 D/jsRtApkMng SBEngine: [js_rt_pcid_set] 1300000001 -> 1300000000
2026-06-04T12:32:49.668Z [L0]: 6/4 [0]12:32:49.138 D/jsMmStat SBEngine: [js_mm_stat_ctx_set] pcid: 1300000001 -> 1300000000
2026-06-04T12:32:49.670Z [L0]: 6/4 [0]12:32:49.138 D/jsMmStat SBEngine: get_mid found mid 0
2026-06-04T12:32:49.671Z [L0]: 6/4 [0]12:32:49.139 I/quickjs-libc SBEngine: app on destroy invoke 
2026-06-04T12:32:49.672Z [L0]: 6/4 [0]12:32:49.139 D/js_timer SBEngine: _timer_on_destroy pcid(1300000000)
2026-06-04T12:32:49.674Z [L0]: 6/4 [0]12:32:49.139 D/JsMsgBus SBEngine: _on_rt_destroy pcid: 1300000000
2026-06-04T12:32:49.676Z [L0]: 6/4 [0]12:32:49.139 W/jsapp_sp SBEngine: [js_app_srv_wf_get_node] not found for appid[0010c8d9]
2026-06-04T12:32:49.677Z [L0]: 6/4 [0]12:32:49.139 D/JS_SETTING SBEngine: _onAppDestroyed pcid(1300000000)
2026-06-04T12:32:49.679Z [L0]: 6/4 [0]12:32:49.139 D/js_ui SBEngine: js_widget_destroy_class_proto JsTemplate.group
2026-06-04T12:32:49.681Z [L0]: 6/4 [0]12:32:49.140 D/js_ui SBEngine: js_widget_destroy_class_proto JsTemplate.text
2026-06-04T12:32:49.682Z [L0]: 6/4 [0]12:32:49.140 D/JS_BLEFT SBEngine: _file_transfer_destroy pcid(1300000000)
2026-06-04T12:32:49.683Z [L0]: 6/4 [0]12:32:49.140 D/jsMedia SBEngine: js_media_destory pcid(1300000000)
2026-06-04T12:32:49.684Z [L0]: 6/4 [0]12:32:49.140 D/JsSysApi SBEngine: _onJsAppDestroy pcid(1300000000)
2026-06-04T12:32:49.685Z [L0]: 6/4 [0]12:32:49.140 D/JsOnlineVAD SBEngine: _onJsAppDestroy pcid(1300000000)
2026-06-04T12:32:49.687Z [L0]: 6/4 [0]12:32:49.140 I/jsRtApkMng SBEngine: switch_currentApp: reset to pid: 2 (appid 2DFF)
2026-06-04T12:32:49.689Z [L0]: 6/4 [0]12:32:49.140 D/jsMmStat SBEngine: [js_mm_stat_ctx_set] pcid: 1300000000 -> 200000001
2026-06-04T12:32:49.690Z [L0]: 6/4 [0]12:32:49.140 I/js_runtime SBEngine: malloc_size:1188396 after destory app
2026-06-04T12:32:51.468Z [L0]: 6/4 [0]12:32:49.140 D/js_rt_screen_common SBEngine: js_screen_destory_app: run GC6/4 [0]12:32:51.371 I/quickjs-libc SBEngine: current filepath: /app.js 
2026-06-04T12:32:51.485Z [L0]: 6/4 [0]12:32:51.388 I/quickjs-libc SBEngine: app on create invoke 
2026-06-04T12:32:51.505Z [L0]: 6/4 [0]12:32:51.407 I/quickjs-libc SBEngine: current filepath: /page/home/home.js 
2026-06-04T12:32:51.538Z [L0]: 6/4 [0]12:32:51.441 I/quickjs-libc SBEngine: ui pause 
2026-06-04T12:32:51.539Z [L0]: 6/4 [0]12:32:51.441 D/js_sensor SBEngine: _pause_resume_process: sensor id: 0
2026-06-04T12:32:51.540Z [L0]: 6/4 [0]12:32:51.441 I/SYS_STAT_PT SBEngine: System_unregisterSPListner: use current thread
2026-06-04T12:32:52.882Z [L0]: 6/4 [0]12:32:52.785 I/quickjs-libc SBEngine: current filepath: /page/select/select.js 
2026-06-04T12:32:53.848Z [L0]: [06/4 [0]12:32:53.751 I/quickjs-libc SBEngine: current filepath: /page/home/home.js 
2026-06-04T12:32:55.345Z [L0]: 6/4 [0]12:32:55.168 I/JS_app_install wbs_proc_poll: js_install2jsapk: /storage/upload/0010C8D9.zip unpack success
2026-06-04T12:32:55.346Z [L0]: 6/4 [0]12:32:55.168 I/JS_JSON wbs_proc_poll: app_parse: /storage/data/js_apps/tmp/app.json parsing...
2026-06-04T12:32:55.348Z [L0]: 6/4 [0]12:32:55.168 D/js_fs_common wbs_proc_poll: js_read_file: file: /storage/data/js_apps/tmp/app.json
2026-06-04T12:32:55.350Z [L0]: 6/4 [0]12:32:55.169 I/JS_JSON wbs_proc_poll: app_parse_v1: appId:1099993 name:StretchCoach, type:app, v_code:2, v_name:1.0.1 vensor:zepp, desc:Stretch coach for post-workout recovery
2026-06-04T12:32:55.352Z [L0]: 6/4 [0]12:32:55.169 E/JS_JSON wbs_proc_poll: EC=006310 js_plugin_info_parse: no data-widget
2026-06-04T12:32:55.353Z [L0]: 6/4 [0]12:32:55.169 I/JS_JSON wbs_proc_poll: app_parse_en_name en_name is StretchCoach
2026-06-04T12:32:55.354Z [L0]: 6/4 [0]12:32:55.170 I/JS_app_manager wbs_proc_poll: [js_api_version_match]str_app_min 3.0, app_min 300 , fw_min 402
2026-06-04T12:32:55.356Z [L0]: 6/4 [0]12:32:55.170 I/js_fs_common wbs_proc_poll: js_deldir, path:/storage/data/js_apps/0010C8D9.old ret:0
2026-06-04T12:32:55.357Z [L0]: 6/4 [0]12:32:55.170 I/JS_app_install wbs_proc_poll: js_mvapp2jsapp install app(StretchCoach-/storage/data/js_apps/0010C8D9) to js_app success
2026-06-04T12:32:55.358Z [L0]: 6/4 [0]12:32:55.170 I/JS_app_install wbs_proc_poll: js_install2jsapk: js_app install success
2026-06-04T12:32:55.360Z [L0]: 6/4 [0]12:32:55.171 I/JS_app_manager wbs_proc_poll: _on_apk_changed apk_type:0 flag:2 appid:1099993
2026-06-04T12:32:55.362Z [L0]: 6/4 [0]12:32:55.171 I/js_manager_event wbs_proc_poll: [_onApkListChanged] appId: 0x10c8d9  flag:2 called
2026-06-04T12:32:55.364Z [L0]: 6/4 [0]12:32:55.171 I/JsAppService wbs_proc_poll: _on_apk_change flag 2 appid(0010C8D9)
2026-06-04T12:32:55.366Z [L0]: 6/4 [0]12:32:55.171 D/JsAppService wbs_proc_poll: [_clear_timeout] 0x81c1dcd8
2026-06-04T12:32:55.368Z [L0]: 6/4 [0]12:32:55.171 D/JsAppService wbs_proc_poll: [_create_timeout] timer: 0x81d53558 ms: 3000
2026-06-04T12:32:55.369Z [L0]: 6/4 [0]12:32:55.172 I/js_init wbs_proc_poll: _app_change_cb flag=2 appid=1099993 
2026-06-04T12:32:55.370Z [L0]: 6/4 [0]12:32:55.172 I/js_init wbs_proc_poll: _app_change_cb process in ui thread ...
2026-06-04T12:32:55.370Z [L0]: 6/4 [0]12:32:55.172 I/JS_app_manager wbs_proc_poll: js_appm_install: id:10C8D9 root_path:/storage/data/js_apps, app_path:0010C8D9
2026-06-04T12:32:55.372Z [L0]: 6/4 [0]12:32:55.174 I/websocketApp wbs_proc_poll: Webserver recv payload length 43
2026-06-04T12:32:55.373Z [L0]: sim_ws_prtcl_parse OK!
2026-06-04T12:32:55.375Z [L0]: 6/4 [0]12:32:55.174 I/JS_app_manager wbs_proc_poll: [js_api_version_match]str_app_min 3.0, app_min 300 , fw_min 402
2026-06-04T12:32:55.376Z [L0]: 6/4 [0]12:32:55.175 D/js_rt_screen_app wbs_proc_poll: [request_rt_cell] JsApp5_Screen
2026-06-04T12:32:55.377Z [L0]: 6/4 [0]12:32:55.175 D/js_rt_screen_common wbs_proc_poll: [js_screen_new_data] cell name: JsApp5_Screen, launch_arg { type:1, pcid:1400000004, appid:1099993 }
2026-06-04T12:32:55.379Z [L0]: 6/4 [0]12:32:55.175 D/js_rt_screen_common wbs_proc_poll: [js_screen_new_data] more launch_arg { file:page/home/home, arg_len:0 }
2026-06-04T12:32:55.382Z [L0]: 6/4 [0]12:32:55.175 I/SB wbs_proc_poll: gre_animation_create_tween: tween default_screen_enter already exist.
2026-06-04T12:32:55.383Z [L0]: 6/4 [0]12:32:55.175 I/SB wbs_proc_poll: gre_animation_create_tween: tween default_screen_exit already exist.
2026-06-04T12:32:55.385Z [L0]: 6/4 [0]12:32:55.175 I/js_rt_screen_app wbs_proc_poll: js_screen_app_lanuch2 start screen by flag 0 
2026-06-04T12:32:55.387Z [L0]: 6/4 [0]12:32:55.176 I/screen_manager wbs_proc_poll: startScreen JsApp5_Screen flag 0 state 1
2026-06-04T12:32:55.389Z [L0]: 6/4 [0]12:32:55.242 I/quickjs-libc SBEngine: current filepath: /page/select/select.js 
2026-06-04T12:32:56.276Z [L0]: 6/4 [0]12:32:56.070 I/SB SBEngine: start deletion list timer, delay=2000, interval = 100 .
2026-06-04T12:32:56.277Z [L0]: 6/4 [0]12:32:56.070 I/screen_manager SBEngine: FLAG_PENDING_NORMAL
2026-06-04T12:32:56.277Z [L0]: 6/4 [0]12:32:56.070 I/screen_manager SBEngine: startScreen JsApp5_Screen flag 0 state 1
2026-06-04T12:32:56.278Z [L0]: 6/4 [0]12:32:56.070 I/screen_manager SBEngine: top screen JsApp4_Screen flag 0.
2026-06-04T12:32:56.279Z [L0]: 6/4 [0]12:32:56.070 I/screen_manager SBEngine: set pri 1 from JsApp4_Screen
2026-06-04T12:32:56.279Z [L0]: 6/4 [0]12:32:56.070 I/screen_manager SBEngine: push JsApp5_Screen 1 to stack.
2026-06-04T12:32:56.280Z [L0]: 6/4 [0]12:32:56.071 D/screen_stack SBEngine: ==============printStackInfo==============
2026-06-04T12:32:56.281Z [L0]: 6/4 [0]12:32:56.071 I/screen_stack SBEngine: Stack Size:5
2026-06-04T12:32:56.282Z [L0]: 6/4 [0]12:32:56.071 I/screen_stack SBEngine: name:JsApp5_Screen, prio:1
2026-06-04T12:32:56.283Z [L0]: 6/4 [0]12:32:56.071 I/screen_stack SBEngine: name:JsApp4_Screen, prio:1
2026-06-04T12:32:56.284Z [L0]: 6/4 [0]12:32:56.071 I/screen_stack SBEngine: name:JsApp3_Screen, prio:1
2026-06-04T12:32:56.284Z [L0]: 6/4 [0]12:32:56.071 I/screen_stack SBEngine: name:JsApp2_Screen, prio:1
2026-06-04T12:32:56.285Z [L0]: 6/4 [0]12:32:56.071 I/screen_stack SBEngine: name:JsApp1_Screen, prio:1
2026-06-04T12:32:56.285Z [L0]: 6/4 [0]12:32:56.071 D/screen_stack SBEngine: ==============printStackInfo==============
2026-06-04T12:32:56.286Z [L0]: 6/4 [0]12:32:56.071 I/screen_manager SBEngine: go JsApp5_Screen flag 0
2026-06-04T12:32:56.287Z [L0]: 6/4 [0]12:32:56.071 I/screen_manager SBEngine: goto screen JsApp5_Screen
2026-06-04T12:32:56.289Z [L0]: 6/4 [0]12:32:56.071 I/sb_screen_engine SBEngine: screen_engine, gotoScreen:JsApp5_Screen
2026-06-04T12:32:56.290Z [L0]: 6/4 [0]12:32:56.072 I/screen_manager SBEngine: _setCurrentScreenInterval JsApp5_Screen
2026-06-04T12:32:56.291Z [L0]: 6/4 [0]12:32:56.072 D/sb_screen_adapter SBEngine: onSBScreenPostCreate JsApp4_Screen
2026-06-04T12:32:56.293Z [L0]: 6/4 [0]12:32:56.072 I/js_view SBEngine: onScreenPostCreate start, screenContext 0x81db64e8
2026-06-04T12:32:56.294Z [L0]: 6/4 [0]12:32:56.072 I/js_view SBEngine: js_get_app_screen_ctx: found screen(JsApp4_Screen)
2026-06-04T12:32:56.296Z [L0]: 6/4 [0]12:32:56.072 D/js_rt_screen SBEngine: js_set_working_rtcell cell 0x80042ffa
2026-06-04T12:32:56.296Z [L0]: 6/4 [0]12:32:56.072 I/jsRtApkMng SBEngine: js_rt_ResumeApp: pcid(1400000004)
2026-06-04T12:32:56.297Z [L0]: 6/4 [0]12:32:56.073 D/jsRtApkMng SBEngine: switch_currentApp: same pid: 20 (appid 0010C8D9)
2026-06-04T12:32:56.298Z [L0]: 6/4 [0]12:32:56.073 I/jsRtApkMng SBEngine: js_rt_postCreate_Continer: pcid(1400000004)
2026-06-04T12:32:56.299Z [L0]: 6/4 [0]12:32:56.073 D/jsRtApkMng SBEngine: switch_currentApp: same pid: 20 (appid 0010C8D9)
2026-06-04T12:32:56.300Z [L0]: 6/4 [0]12:32:56.074 D/js_rt_continer SBEngine: runContinerFunc: run Continer func: onReady
2026-06-04T12:32:56.301Z [L0]: 6/4 [0]12:32:56.074 D/js_view SBEngine: _setLayerScrolling rect: 0 0 479 1093
2026-06-04T12:32:56.303Z [L0]: 6/4 [0]12:32:56.074 I/js_view SBEngine: onScreenPostCreate end
2026-06-04T12:32:56.304Z [L0]: 6/4 [0]12:32:56.075 D/CLayout SBEngine: >>gr_notify_callback_context event=gre.screenhide.post from JsApp4_Screen to JsApp3_Screen
2026-06-04T12:32:56.305Z [L0]: 6/4 [0]12:32:56.075 D/sb_screen_adapter SBEngine: onSBScreenPostDestory JsApp3_Screen
2026-06-04T12:32:56.306Z [L0]: 6/4 [0]12:32:56.075 I/js_view SBEngine: onScreenPostDestory screenContext 0x81e29244
2026-06-04T12:32:56.306Z [L0]: 6/4 [0]12:32:56.075 I/js_view SBEngine: js_get_app_screen_ctx: found screen(JsApp3_Screen)
2026-06-04T12:32:56.307Z [L0]: 6/4 [0]12:32:56.075 I/js_rt_screen_app SBEngine: [js_screen_app_on_destroy] destory_app 0 rt_cell->pcid 1400000003
2026-06-04T12:32:56.308Z [L0]: 6/4 [0]12:32:56.075 I/js_runtime SBEngine: malloc_size:1313420 before destory page
2026-06-04T12:32:56.309Z [L0]: 6/4 [0]12:32:56.075 I/jsRtApkMng SBEngine: js_rt_DestoryContiner: pcid(1400000003)
2026-06-04T12:32:56.310Z [L0]: 6/4 [0]12:32:56.075 D/jsRtApkMng SBEngine: switch_currentApp: same pid: 20 (appid 0010C8D9)
2026-06-04T12:32:56.311Z [L0]: 6/4 [0]12:32:56.075 D/js_timer SBEngine: _timer_on_destroy pcid(1400000003)
2026-06-04T12:32:56.312Z [L0]: 6/4 [0]12:32:56.075 D/JsMsgBus SBEngine: _on_rt_destroy pcid: 1400000003
2026-06-04T12:32:56.313Z [L0]: 6/4 [0]12:32:56.076 D/JS_SETTING SBEngine: _onAppDestroyed pcid(1400000003)
2026-06-04T12:32:56.315Z [L0]: 6/4 [0]12:32:56.076 D/js_ui SBEngine: js_delete_widget2 name:JsTemplate.image, id:662
2026-06-04T12:32:56.315Z [L0]: 6/4 [0]12:32:56.076 D/js_ui SBEngine: js_delete_widget2 name:JsTemplate.text, id:663
2026-06-04T12:32:56.317Z [L0]: 6/4 [0]12:32:56.077 D/js_ui SBEngine: js_delete_widget2 name:JsTemplate.text, id:664
2026-06-04T12:32:56.317Z [L0]: 6/4 [0]12:32:56.077 D/js_ui SBEngine: js_delete_widget2 name:JsTemplate.image, id:665
2026-06-04T12:32:56.318Z [L0]: 6/4 [0]12:32:56.077 D/js_ui SBEngine: js_delete_widget2 name:JsTemplate.image, id:666
2026-06-04T12:32:56.320Z [L0]: 6/4 [0]12:32:56.078 D/js_ui SBEngine: js_delete_widget2 name:JsTemplate.image, id:667
2026-06-04T12:32:56.321Z [L0]: 6/4 [0]12:32:56.078 D/js_ui SBEngine: js_delete_widget2 name:JsTemplate.text, id:668
2026-06-04T12:32:56.323Z [L0]: 6/4 [0]12:32:56.078 D/js_ui SBEngine: js_delete_widget2 name:JsTemplate.group, id:661
2026-06-04T12:32:56.323Z [L0]: 6/4 [0]12:32:56.078 D/JS_BLEFT SBEngine: _file_transfer_destroy pcid(1400000003)
2026-06-04T12:32:56.323Z [L0]: 6/4 [0]12:32:56.078 D/jsMedia SBEngine: js_media_destory pcid(1400000003)
2026-06-04T12:32:56.324Z [L0]: 6/4 [0]12:32:56.078 D/JsSysApi SBEngine: _onJsAppDestroy pcid(1400000003)
2026-06-04T12:32:56.325Z [L0]: 6/4 [0]12:32:56.078 D/JsOnlineVAD SBEngine: _onJsAppDestroy pcid(1400000003)
2026-06-04T12:32:56.327Z [L0]: 6/4 [0]12:32:56.079 I/jsRtApkMng SBEngine: switch_currentContainer: reset to pcid: 1400000004
2026-06-04T12:32:56.327Z [L0]: 6/4 [0]12:32:56.079 D/js_rt_screen_common SBEngine: js_screen_destory_app: run GC
2026-06-04T12:32:56.331Z [L0]: 6/4 [0]12:32:56.089 I/js_runtime SBEngine: malloc_size:1294800 after destory page
2026-06-04T12:32:56.331Z [L0]: 6/4 [0]12:32:56.089 I/js_rt_screen_app SBEngine: _release_layer cell_p 0x80042fc9 release JsAppEmpty5 , type 5
2026-06-04T12:32:56.332Z [L0]: 6/4 [0]12:32:56.090 D/CLayout SBEngine: context 2 destruction complete!
2026-06-04T12:32:56.334Z [L0]: 6/4 [0]12:32:56.090 I/js_view SBEngine: onScreenPostDestory screen JsApp3_Screen detach layer JsAppEmpty5
2026-06-04T12:32:56.336Z [L0]: 6/4 [0]12:32:56.090 I/js_view SBEngine: onScreenPostDestory end
2026-06-04T12:32:56.337Z [L0]: 6/4 [0]12:32:56.090 D/CLayout SBEngine: context 0 destruction complete!
2026-06-04T12:32:56.337Z [L0]: 6/4 [0]12:32:56.105 I/SB SBEngine: stop deletion list timer.
2026-06-04T12:32:56.338Z [L0]: 6/4 [0]12:32:56.106 D/CLayout SBEngine: >>gr_notify_callback_context event=gre.screenshow.pre from JsApp4_Screen to JsApp5_Screen
2026-06-04T12:32:56.340Z [L0]: 6/4 [0]12:32:56.106 D/sb_screen_adapter SBEngine: onSBScreenPreCreate JsApp5_Screen
2026-06-04T12:32:56.341Z [L0]: 6/4 [0]12:32:56.107 D/CLayout SBEngine: [_load_file_to_memory] stat '/storage/system/resources/styles/JsApp5_Screen.bstyle' failed!
2026-06-04T12:32:56.341Z [L0]: 6/4 [0]12:32:56.107 I/js_view SBEngine: onScreenPreCreate start, screenContext 0x82607920
2026-06-04T12:32:56.342Z [L0]: 6/4 [0]12:32:56.107 I/js_view SBEngine: js_get_app_screen_ctx: found screen(JsApp5_Screen)
2026-06-04T12:32:56.343Z [L0]: 6/4 [0]12:32:56.107 I/js_rt_screen_app SBEngine: _get_layer_name allocate JsAppEmpty2, type 5
2026-06-04T12:32:56.345Z [L0]: 6/4 [0]12:32:56.108 I/js_view SBEngine: onScreenPreCreate screen[JsApp5_Screen] requeset new cntr context id[2]
2026-06-04T12:32:56.345Z [L0]: 6/4 [0]12:32:56.108 I/js_view SBEngine: onScreenPreCreate layer JsAppEmpty2 attach to screen JsApp5_Screen 
2026-06-04T12:32:56.347Z [L0]: 6/4 [0]12:32:56.108 I/js_view SBEngine: onScreenPreCreate end
2026-06-04T12:32:56.348Z [L0]: 6/4 [0]12:32:56.108 D/CLayout SBEngine: >>gr_notify_callback_context event=gre.screenhide.pre from JsApp5_Screen to JsApp4_Screen
2026-06-04T12:32:56.349Z [L0]: 6/4 [0]12:32:56.108 D/sb_screen_adapter SBEngine: onSBScreenPreDestory JsApp4_Screen
2026-06-04T12:32:56.351Z [L0]: 6/4 [0]12:32:56.108 I/js_view SBEngine: onScreenPreDestory start screenContext 0x81db64e8
2026-06-04T12:32:56.351Z [L0]: 6/4 [0]12:32:56.108 I/js_view SBEngine: js_get_app_screen_ctx: found screen(JsApp4_Screen)
2026-06-04T12:32:56.352Z [L0]: 6/4 [0]12:32:56.109 I/js_rt_screen_app SBEngine: [js_screen_app_on_predestroy] destory_app 0 current_cell->pcid ffffffffffffffff
2026-06-04T12:32:56.354Z [L0]: 6/4 [0]12:32:56.109 D/js_rt_screen_common SBEngine: js_screen_predestory_app
2026-06-04T12:32:56.355Z [L0]: 6/4 [0]12:32:56.109 I/jsRtApkMng SBEngine: js_rt_preDestoryContiner: pcid(1400000004)
2026-06-04T12:32:56.356Z [L0]: 6/4 [0]12:32:56.109 D/jsRtApkMng SBEngine: switch_currentApp: same pid: 20 (appid 0010C8D9)
2026-06-04T12:32:56.356Z [L0]: 6/4 [0]12:32:56.109 D/js_rt_continer SBEngine: runContinerFunc: run Continer func: onDataSave
2026-06-04T12:32:56.357Z [L0]: 6/4 [0]12:32:56.109 D/js_rt_continer SBEngine: runContinerFunc: run Continer func: onDestory
2026-06-04T12:32:56.358Z [L0]: 6/4 [0]12:32:56.110 D/js_rt_continer SBEngine: runContinerFunc: run Continer func: onDestroy
2026-06-04T12:32:56.358Z [L0]: 6/4 [0]12:32:56.110 D/js_timer SBEngine: _timer_on_destroy pcid(1400000004)
2026-06-04T12:32:56.359Z [L0]: 6/4 [0]12:32:56.111 I/js_rt_screen_app SBEngine: [js_screen_app_on_create] cell_p 0x8004303d current_cell->pcid ffffffffffffffff cell_p->arg->pcid 1400000004
2026-06-04T12:32:56.360Z [L0]: 6/4 [0]12:32:56.111 I/js_rt_screen_app SBEngine: js_screen_app_on_create: pcid(FFFFFFFFFFFFFFFF), launch type(1) current_cell set to 0x80043034
2026-06-04T12:32:56.361Z [L0]: 6/4 [0]12:32:56.112 D/js_rt_screen SBEngine: js_set_working_rtcell cell 0x80043034
2026-06-04T12:32:56.363Z [L0]: 6/4 [0]12:32:56.112 W/js_rt_screen_common SBEngine: js_screen_run_continer: container type:0 pcid(1400000004) from arg
2026-06-04T12:32:56.365Z [L0]: 6/4 [0]12:32:56.112 I/js_runtime SBEngine: malloc_size:1294800 before load page
2026-06-04T12:32:56.366Z [L0]: 6/4 [0]12:32:56.112 D/jsRtApkMng SBEngine: js_rt_loadContiner: pcid(1400000000) type:0 file:page/home/home
2026-06-04T12:32:56.366Z [L0]: 6/4 [0]12:32:56.113 W/PluginLst SBEngine: js_plugin_get_info: Warning: index 0 >= plugin count 0
2026-06-04T12:32:56.367Z [L0]: 6/4 [0]12:32:56.113 I/jsRtApkMng SBEngine: jsapp_check_keyboard(0x10c8d9) is 0  file:page/home/home
2026-06-04T12:32:56.369Z [L0]: 6/4 [0]12:32:56.113 D/jsMmStat SBEngine: [js_mm_stat_ctx_set] pcid: 1400000004 -> 1400000000
2026-06-04T12:32:56.371Z [L0]: 6/4 [0]12:32:56.113 D/jsMmStat SBEngine: get_mid found mid 0
2026-06-04T12:32:56.372Z [L0]: 6/4 [0]12:32:56.113 D/js_timer SBEngine: _timer_on_init pcid(1400000005)
2026-06-04T12:32:56.373Z [L0]: 6/4 [0]12:32:56.113 D/jsMmStat SBEngine: [js_mm_stat_ctx_set] pcid: 1400000000 -> 1400000005
2026-06-04T12:32:56.374Z [L0]: 6/4 [0]12:32:56.113 D/jsRtApkMng SBEngine: switch_currentApp: same pid: 20 (appid 0010C8D9)
2026-06-04T12:32:56.376Z [L0]: 6/4 [0]12:32:56.113 D/jsRtApkMng SBEngine: switch_currentContainer: cid: 4 -> 5
2026-06-04T12:32:56.377Z [L0]: 6/4 [0]12:32:56.113 I/jsRtApkMng SBEngine: [js_rt_loadContiner2] path: /storage/data/js_apps/0010C8D9/page/home/home.js
2026-06-04T12:32:56.378Z [L0]: 6/4 [0]12:32:56.114 D/jsRtApkMng SBEngine: [js_rt_pcid_set] 1400000004 -> 1400000005
2026-06-04T12:32:56.379Z [L0]: 6/4 [0]12:32:56.114 I/js_native.h SBEngine: eval_buf path:/storage/data/js_apps/0010C8D9/page/home/home.js, eval_buff(7778)
2026-06-04T12:32:56.380Z [L0]: 6/4 [0]12:32:56.114 D/jsMmStat SBEngine: get_mid found mid 1
2026-06-04T12:32:56.380Z [L0]: 6/4 [0]12:32:56.129 I/quickjs-libc SBEngine: current filepath: /page/home/home.js 
2026-06-04T12:32:56.381Z [L0]: 6/4 [0]12:32:56.134 I/amPERMSN SBEngine: amQueryPermissions get 3 permission authed.
2026-06-04T12:32:56.382Z [L0]: 6/4 [0]12:32:56.135 I/JS_FS SBEngine: js_fs_open2: /storage/data/js_apps/data/0010C8D9/__$$localstorage$$__, fd:7, flags: 0X40
2026-06-04T12:32:56.382Z [L0]: 6/4 [0]12:32:56.136 I/JS_FS SBEngine: js_fs_close2 vfs_close fd:7 ret:0
2026-06-04T12:32:56.383Z [L0]: 6/4 [0]12:32:56.139 D/jsRtApkMng SBEngine: perf_update evalTime 26 ms
2026-06-04T12:32:56.383Z [L0]: 6/4 [0]12:32:56.140 D/jsRtApkMng SBEngine: js_rt_loadContiner: succeed, appid(0010C8D9) pcid(1400000005)
2026-06-04T12:32:56.384Z [L0]: 6/4 [0]12:32:56.140 D/js_rt_continer SBEngine: runContinerFunc: run Continer func: onInit
2026-06-04T12:32:56.385Z [L0]: 6/4 [0]12:32:56.140 D/jsRtApkMng SBEngine: perf_update initTime 0 ms
2026-06-04T12:32:56.386Z [L0]: 6/4 [0]12:32:56.140 D/js_rt_continer SBEngine: runContinerFunc: run Continer func: onDataRestore
2026-06-04T12:32:56.387Z [L0]: 6/4 [0]12:32:56.141 D/js_rt_continer SBEngine: runContinerFunc: run Continer func: build
2026-06-04T12:32:56.387Z [L0]: 6/4 [0]12:32:56.142 D/js_ui SBEngine: js_create_widget2 name:JsTemplate.group, id:739, widget JsAppEmpty2.jsw_739
2026-06-04T12:32:56.388Z [L0]: 6/4 [0]12:32:56.144 D/js_ui SBEngine: js_create_widget2 name:JsTemplate.image, id:740, widget JsAppEmpty2.jsw_739.jsw_740
2026-06-04T12:32:56.388Z [L0]: 6/4 [0]12:32:56.147 D/js_ui SBEngine: js_create_widget2 name:JsTemplate.text, id:741, widget JsAppEmpty2.jsw_739.jsw_741
2026-06-04T12:32:56.388Z [L0]: 6/4 [0]12:32:56.150 D/js_ui SBEngine: js_create_widget2 name:JsTemplate.text, id:742, widget JsAppEmpty2.jsw_739.jsw_742
2026-06-04T12:32:56.389Z [L0]: 6/4 [0]12:32:56.151 D/js_ui SBEngine: js_create_widget2 name:JsTemplate.image, id:743, widget JsAppEmpty2.jsw_739.jsw_743
2026-06-04T12:32:56.389Z [L0]: 6/4 [0]12:32:56.152 D/js_ui SBEngine: js_create_widget2 name:JsTemplate.image, id:744, widget JsAppEmpty2.jsw_739.jsw_744
2026-06-04T12:32:56.390Z [L0]: 6/4 [0]12:32:56.153 D/js_ui SBEngine: js_create_widget2 name:JsTemplate.image, id:745, widget JsAppEmpty2.jsw_739.jsw_745
2026-06-04T12:32:56.390Z [L0]: 6/4 [0]12:32:56.156 D/js_ui SBEngine: js_create_widget2 name:JsTemplate.text, id:746, widget JsAppEmpty2.jsw_739.jsw_746
2026-06-04T12:32:56.391Z [L0]: 6/4 [0]12:32:56.156 D/jsRtApkMng SBEngine: perf_update buildTime 16 ms
2026-06-04T12:32:56.392Z [L0]: 6/4 [0]12:32:56.156 I/js_runtime SBEngine: malloc_size:1313384 after load page
2026-06-04T12:32:56.394Z [L0]: 6/4 [0]12:32:56.157 D/sb_screen_adapter SBEngine: OnDataSave JsApp4_Screen
2026-06-04T12:32:56.395Z [L0]: 6/4 [0]12:32:56.157 I/js_view SBEngine: onDataSave start, screenContext 0x81db64e8
2026-06-04T12:32:56.396Z [L0]: 6/4 [0]12:32:56.157 I/js_view SBEngine: js_get_app_screen_ctx: found screen(JsApp4_Screen)
2026-06-04T12:32:56.397Z [L0]: 6/4 [0]12:32:56.157 I/js_view SBEngine: onDataSave end
2026-06-04T12:32:56.399Z [L0]: Recv buf length = 1460, ofs = 0
2026-06-04T12:32:56.399Z [L0]: Recv buf length = 2920, ofs = 0
2026-06-04T12:32:57.276Z [L0]: Recv buf length = 4380, ofs = 06/4 [0]12:32:57.111 D/js_fs_common wbs_proc_poll: fs_mkdir /storage/data/js_apps/tmp/assets/animations/ankle
2026-06-04T12:32:57.278Z [L0]: 6/4 [0]12:32:57.126 I/JS_app_install wbs_proc_poll: js_install2jsapk: /storage/upload/0010C8D9.zip unpack success
2026-06-04T12:32:57.279Z [L0]: 6/4 [0]12:32:57.127 I/JS_JSON wbs_proc_poll: app_parse: /storage/data/js_apps/tmp/app.json parsing...
2026-06-04T12:32:57.280Z [L0]: 6/4 [0]12:32:57.127 D/js_fs_common wbs_proc_poll: js_read_file: file: /storage/data/js_apps/tmp/app.json
2026-06-04T12:32:57.281Z [L0]: 6/4 [0]12:32:57.128 I/JS_JSON wbs_proc_poll: app_parse_v1: appId:1099993 name:StretchCoach, type:app, v_code:2, v_name:1.0.1 vensor:zepp, desc:Stretch coach for post-workout recovery
2026-06-04T12:32:57.282Z [L0]: 6/4 [0]12:32:57.128 E/JS_JSON wbs_proc_poll: EC=006310 js_plugin_info_parse: no data-widget
2026-06-04T12:32:57.283Z [L0]: 6/4 [0]12:32:57.128 I/JS_JSON wbs_proc_poll: app_parse_en_name en_name is StretchCoach
2026-06-04T12:32:57.285Z [L0]: 6/4 [0]12:32:57.128 I/JS_app_manager wbs_proc_poll: [js_api_version_match]str_app_min 3.0, app_min 300 , fw_min 402
2026-06-04T12:32:57.287Z [L0]: 6/4 [0]12:32:57.129 I/js_fs_common wbs_proc_poll: js_deldir, path:/storage/data/js_apps/0010C8D9.old ret:0
2026-06-04T12:32:57.288Z [L0]: 6/4 [0]12:32:57.129 I/JS_app_install wbs_proc_poll: js_mvapp2jsapp install app(StretchCoach-/storage/data/js_apps/0010C8D9) to js_app success
2026-06-04T12:32:57.290Z [L0]: 6/4 [0]12:32:57.129 I/JS_app_install wbs_proc_poll: js_install2jsapk: js_app install success
2026-06-04T12:32:57.291Z [L0]: 6/4 [0]12:32:57.129 I/JS_app_manager wbs_proc_poll: _on_apk_changed apk_type:0 flag:2 appid:1099993
2026-06-04T12:32:57.293Z [L0]: 6/4 [0]12:32:57.130 I/js_manager_event wbs_proc_poll: [_onApkListChanged] appId: 0x10c8d9  flag:2 called
2026-06-04T12:32:57.294Z [L0]: 6/4 [0]12:32:57.130 I/JsAppService wbs_proc_poll: _on_apk_change flag 2 appid(0010C8D9)
2026-06-04T12:32:57.296Z [L0]: 6/4 [0]12:32:57.130 D/JsAppService wbs_proc_poll: [_clear_timeout] 0x81d53558
2026-06-04T12:32:57.297Z [L0]: 6/4 [0]12:32:57.130 D/JsAppService wbs_proc_poll: [_create_timeout] timer: 0x81d53558 ms: 3000
2026-06-04T12:32:57.298Z [L0]: 6/4 [0]12:32:57.131 I/js_init wbs_proc_poll: _app_change_cb flag=2 appid=1099993 
2026-06-04T12:32:57.301Z [L0]: 6/4 [0]12:32:57.131 I/js_init wbs_proc_poll: _app_change_cb process in ui thread ...
2026-06-04T12:32:57.302Z [L0]: 6/4 [0]12:32:57.131 I/JS_app_manager wbs_proc_poll: js_appm_install: id:10C8D9 root_path:/storage/data/js_apps, app_path:0010C8D9
2026-06-04T12:32:57.303Z [L0]: 6/4 [0]12:32:57.134 I/websocketApp wbs_proc_poll: Webserver recv payload length 43
2026-06-04T12:32:57.305Z [L0]: sim_ws_prtcl_parse OK!
2026-06-04T12:32:57.307Z [L0]: 6/4 [0]12:32:57.134 I/JS_app_manager wbs_proc_poll: [js_api_version_match]str_app_min 3.0, app_min 300 , fw_min 402
2026-06-04T12:32:57.308Z [L0]: 6/4 [0]12:32:57.134 D/js_rt_screen_app wbs_proc_poll: [request_rt_cell] JsApp7_Screen
2026-06-04T12:32:57.309Z [L0]: 6/4 [0]12:32:57.134 D/js_rt_screen_common wbs_proc_poll: [js_screen_new_data] cell name: JsApp7_Screen, launch_arg { type:1, pcid:1400000006, appid:1099993 }
2026-06-04T12:32:57.310Z [L0]: 6/4 [0]12:32:57.134 D/js_rt_screen_common wbs_proc_poll: [js_screen_new_data] more launch_arg { file:page/home/home, arg_len:0 }
2026-06-04T12:32:57.312Z [L0]: 6/4 [0]12:32:57.134 I/SB wbs_proc_poll: gre_animation_create_tween: tween default_screen_enter already exist.
2026-06-04T12:32:57.313Z [L0]: 6/4 [0]12:32:57.134 I/SB wbs_proc_poll: gre_animation_create_tween: tween default_screen_exit already exist.
2026-06-04T12:32:57.314Z [L0]: 6/4 [0]12:32:57.135 I/js_rt_screen_app wbs_proc_poll: js_screen_app_lanuch2 start screen by flag 0 
2026-06-04T12:32:57.316Z [L0]: 6/4 [0]12:32:57.136 I/screen_manager wbs_proc_poll: startScreen JsApp7_Screen flag 0 state 1
2026-06-04T12:32:57.317Z [L0]: 6/4 [0]12:32:57.169 I/quickjs-libc SBEngine: current filepath: /page/select/select.js 
2026-06-04T12:32:57.319Z [L0]: 6/4 [0]12:32:57.176 I/amPERMSN SBEngine: amQueryPermissions get 3 permission authed.
2026-06-04T12:32:57.320Z [L0]: 6/4 [0]12:32:57.177 I/js_sensor SBEngine: js_createSensor2 new sensor:sport, id:1
2026-06-04T12:32:58.141Z [L0]: 6/4 [0]12:32:58.044 I/quickjs-libc SBEngine: current filepath: /page/home/home.js 
2026-06-04T12:32:59.912Z [L0]: 6/4 [0]12:32:59.815 I/quickjs-libc SBEngine: app on destroy invoke 
2026-06-04T12:32:59.948Z [L0]: [6/4 [0]12:32:59.852 I/quickjs-libc SBEngine: current filepath: /app.js 
2026-06-04T12:32:59.960Z [L0]: 6/4 [0]12:32:59.864 I/quickjs-libc SBEngine: app on create invoke 
2026-06-04T12:32:59.975Z [L0]: 6/4 [0]12:32:59.879 I/quickjs-libc SBEngine: current filepath: /page/home/home.js 
2026-06-04T12:33:01.796Z [L0]: 6/4 [0]12:33:01.699 I/quickjs-libc SBEngine: app on destroy invoke 
2026-06-04T12:33:01.831Z [L0]: 6/4 [0]12:33:01.734 I/quickjs-libc SBEngine: current filepath: /app.js 
2026-06-04T12:33:01.847Z [L0]: 6/4 [0]12:33:01.750 I/quickjs-libc SBEngine: app on create invoke 
2026-06-04T12:33:01.892Z [L0]: 6/4 [0]12:33:01.766 I/quickjs-libc SBEngine: current filepath: /page/home/home.js6/4 [0]12:33:01.795 I/quickjs-libc SBEngine: ui pause 
2026-06-04T12:33:04.148Z [L0]: 6/4 [0]12:33:03.971 W/NOTFWG SBEngine: [setFocusItemDetailToFlow] No valid list item
2026-06-04T12:33:04.150Z [L0]: 6/4 [0]12:33:03.971 I/MListFocus SBEngine: mList_bgMode_showFocus user set 1 true
2026-06-04T12:33:04.152Z [L0]: 6/4 [0]12:33:03.975 D/js_fs_common wbs_proc_poll: fs_mkdir /storage/data/js_apps/tmp/assets/animations/hipflexor
2026-06-04T12:33:04.154Z [L0]: 6/4 [0]12:33:03.976 W/NOTFWG SBEngine: =======setNotificationInfo all_item=0
2026-06-04T12:33:04.156Z [L0]: 6/4 [0]12:33:03.976 W/NOTFWG SBEngine: =======setNotificationInfo all_item=0
2026-06-04T12:33:04.156Z [L0]: 6/4 [0]12:33:03.976 I/LANCH SBEngine: launcherSetScrollDisable g_launcher_scroll_disable = 0
2026-06-04T12:33:04.157Z [L0]: 6/4 [0]12:33:03.976 D/LANCH SBEngine: launcher onScreenResume
2026-06-04T12:33:04.159Z [L0]: 6/4 [0]12:33:03.976 D/CLayout SBEngine: >>gr_notify_callback_context event=gre.screenhide.post from LauncherScreen to JsApp9_Screen
2026-06-04T12:33:04.160Z [L0]: 6/4 [0]12:33:03.977 D/sb_screen_adapter SBEngine: onSBScreenPostDestory JsApp9_Screen
2026-06-04T12:33:04.160Z [L0]: 6/4 [0]12:33:03.977 I/js_view SBEngine: onScreenPostDestory screenContext 0x81ea6990
2026-06-04T12:33:04.162Z [L0]: 6/4 [0]12:33:03.977 I/js_view SBEngine: js_get_app_screen_ctx: found screen(JsApp9_Screen)
2026-06-04T12:33:04.164Z [L0]: 6/4 [0]12:33:03.977 I/js_rt_screen_app SBEngine: [js_screen_app_on_destroy] destory_app 1 rt_cell->pcid 1600000001
2026-06-04T12:33:04.165Z [L0]: 6/4 [0]12:33:03.977 I/js_runtime SBEngine: malloc_size:1208908 before destory page
2026-06-04T12:33:04.166Z [L0]: 6/4 [0]12:33:03.977 I/jsRtApkMng SBEngine: js_rt_DestoryContiner: pcid(1600000001)
2026-06-04T12:33:04.168Z [L0]: 6/4 [0]12:33:03.977 D/jsRtApkMng SBEngine: switch_currentApp: same pid: 22 (appid 0010C8D9)
2026-06-04T12:33:04.169Z [L0]: 6/4 [0]12:33:03.977 D/js_timer SBEngine: _timer_on_destroy pcid(1600000001)
2026-06-04T12:33:04.171Z [L0]: 6/4 [0]12:33:03.977 D/JsMsgBus SBEngine: _on_rt_destroy pcid: 1600000001
2026-06-04T12:33:04.172Z [L0]: 6/4 [0]12:33:03.977 D/JS_SETTING SBEngine: _onAppDestroyed pcid(1600000001)
2026-06-04T12:33:04.174Z [L0]: 6/4 [0]12:33:03.977 D/js_ui SBEngine: js_delete_widget2 name:JsTemplate.image, id:834
2026-06-04T12:33:04.175Z [L0]: 6/4 [0]12:33:03.978 D/js_ui SBEngine: js_delete_widget2 name:JsTemplate.text, id:835
2026-06-04T12:33:04.176Z [L0]: 6/4 [0]12:33:03.978 D/js_ui SBEngine: js_delete_widget2 name:JsTemplate.text, id:836
2026-06-04T12:33:04.177Z [L0]: 6/4 [0]12:33:03.978 D/js_ui SBEngine: js_delete_widget2 name:JsTemplate.image, id:837
2026-06-04T12:33:04.179Z [L0]: 6/4 [0]12:33:03.978 D/js_ui SBEngine: js_delete_widget2 name:JsTemplate.image, id:838
2026-06-04T12:33:04.180Z [L0]: 6/4 [0]12:33:03.979 D/js_ui SBEngine: js_delete_widget2 name:JsTemplate.image, id:839
2026-06-04T12:33:04.180Z [L0]: 6/4 [0]12:33:03.979 D/js_ui SBEngine: js_delete_widget2 name:JsTemplate.text, id:840
2026-06-04T12:33:04.181Z [L0]: 6/4 [0]12:33:03.979 D/js_ui SBEngine: js_delete_widget2 name:JsTemplate.group, id:833
2026-06-04T12:33:04.182Z [L0]: 6/4 [0]12:33:03.980 D/JS_BLEFT SBEngine: _file_transfer_destroy pcid(1600000001)
2026-06-04T12:33:04.182Z [L0]: 6/4 [0]12:33:03.980 D/jsMedia SBEngine: js_media_destory pcid(1600000001)
2026-06-04T12:33:04.184Z [L0]: 6/4 [0]12:33:03.980 D/JsSysApi SBEngine: _onJsAppDestroy pcid(1600000001)
2026-06-04T12:33:04.185Z [L0]: 6/4 [0]12:33:03.980 D/JsOnlineVAD SBEngine: _onJsAppDestroy pcid(1600000001)
2026-06-04T12:33:04.185Z [L0]: 6/4 [0]12:33:03.982 I/jsRtApkMng SBEngine: js_rt_DestoryApp: pcid(1600000001)
2026-06-04T12:33:04.187Z [L0]: 6/4 [0]12:33:03.983 D/jsRtApkMng SBEngine: switch_currentApp: same pid: 22 (appid 0010C8D9)
2026-06-04T12:33:04.188Z [L0]: 6/4 [0]12:33:03.983 D/js_rt_app SBEngine: runAppFunc: run App: onDestory
2026-06-04T12:33:04.190Z [L0]: 6/4 [0]12:33:03.983 D/js_rt_app SBEngine: runAppFunc: run App: onDestroy
2026-06-04T12:33:04.191Z [L0]: 6/4 [0]12:33:03.983 D/jsRtApkMng SBEngine: [js_rt_pcid_set] 1600000001 -> 1600000000
2026-06-04T12:33:04.193Z [L0]: 6/4 [0]12:33:03.983 D/jsMmStat SBEngine: [js_mm_stat_ctx_set] pcid: 1600000001 -> 1600000000
2026-06-04T12:33:04.194Z [L0]: 6/4 [0]12:33:03.984 D/jsMmStat SBEngine: get_mid found mid 0
2026-06-04T12:33:04.195Z [L0]: 6/4 [0]12:33:03.984 I/quickjs-libc SBEngine: app on destroy invoke 
2026-06-04T12:33:04.197Z [L0]: 6/4 [0]12:33:03.984 D/js_timer SBEngine: _timer_on_destroy pcid(1600000000)
2026-06-04T12:33:04.197Z [L0]: 6/4 [0]12:33:03.984 D/JsMsgBus SBEngine: _on_rt_destroy pcid: 1600000000
2026-06-04T12:33:04.199Z [L0]: 6/4 [0]12:33:03.984 W/jsapp_sp SBEngine: [js_app_srv_wf_get_node] not found for appid[0010c8d9]
2026-06-04T12:33:04.200Z [L0]: 6/4 [0]12:33:03.984 D/JS_SETTING SBEngine: _onAppDestroyed pcid(1600000000)
2026-06-04T12:33:04.201Z [L0]: 6/4 [0]12:33:03.985 D/js_ui SBEngine: js_widget_destroy_class_proto JsTemplate.group
2026-06-04T12:33:04.202Z [L0]: 6/4 [0]12:33:03.985 D/js_ui SBEngine: js_widget_destroy_class_proto JsTemplate.text
2026-06-04T12:33:04.204Z [L0]: 6/4 [0]12:33:03.986 D/js_fs_common wbs_proc_poll: fs_mkdir /storage/data/js_apps/tmp/assets/animations/hipcircle
2026-06-04T12:33:04.205Z [L0]: 6/4 [0]12:33:03.986 D/JS_BLEFT SBEngine: _file_transfer_destroy pcid(1600000000)
2026-06-04T12:33:04.206Z [L0]: 6/4 [0]12:33:03.986 D/jsMedia SBEngine: js_media_destory pcid(1600000000)
2026-06-04T12:33:04.209Z [L0]: 6/4 [0]12:33:03.986 D/JsSysApi SBEngine: _onJsAppDestroy pcid(1600000000)
2026-06-04T12:33:04.210Z [L0]: 6/4 [0]12:33:03.986 D/JsOnlineVAD SBEngine: _onJsAppDestroy pcid(1600000000)
2026-06-04T12:33:04.212Z [L0]: 6/4 [0]12:33:03.987 I/jsRtApkMng SBEngine: switch_currentApp: reset to pid: 2 (appid 2DFF)
2026-06-04T12:33:04.212Z [L0]: 6/4 [0]12:33:03.987 D/jsMmStat SBEngine: [js_mm_stat_ctx_set] pcid: 1600000000 -> 200000001
2026-06-04T12:33:04.214Z [L0]: 6/4 [0]12:33:03.987 I/js_runtime SBEngine: malloc_size:1188368 after destory app
2026-06-04T12:33:04.216Z [L0]: 6/4 [0]12:33:03.987 D/js_rt_screen_common SBEngine: js_screen_destory_app: run GC
2026-06-04T12:33:04.217Z [L0]: 6/4 [0]12:33:04.006 D/js_fs_common wbs_proc_poll: fs_mkdir /storage/data/js_apps/tmp/assets/animations/hamstring
2026-06-04T12:33:04.218Z [L0]: 6/4 [0]12:33:04.008 I/js_runtime SBEngine: malloc_size:1162904 after destory page
2026-06-04T12:33:04.219Z [L0]: 6/4 [0]12:33:04.008 D/jsRtApkMng SBEngine: js_rt_get_appid: app_p is NULL, pcid(1600000000)
2026-06-04T12:33:04.220Z [L0]: 6/4 [0]12:33:04.008 D/jsMmStat SBEngine: _mm_check_running appid 1099993 pid 22 stopped!
2026-06-04T12:33:04.222Z [L0]: 6/4 [0]12:33:04.008 I/jsMmStat SBEngine: [0] appid:00002DFF pid:  2 count:  786 total:  56876 peak:  65916 bytes
2026-06-04T12:33:04.224Z [L0]: 6/4 [0]12:33:04.008 I/jsMmStat SBEngine: [0] appid:00000001 pid:  0 count:17249 total:1087676 peak:1410148 bytes
2026-06-04T12:33:04.227Z [L0]: 6/4 [0]12:33:04.008 I/js_rt_screen_app SBEngine: _release_layer cell_p 0x80043125 release JsAppEmpty1 , type 5
2026-06-04T12:33:04.228Z [L0]: 6/4 [0]12:33:04.010 I/js_rt_screen_app SBEngine: [js_screen_app_on_destroy] destorying app, current cell is set to NULL
2026-06-04T12:33:04.230Z [L0]: 6/4 [0]12:33:04.010 D/CLayout SBEngine: context 2 destruction complete!
2026-06-04T12:33:04.231Z [L0]: 6/4 [0]12:33:04.010 I/js_view SBEngine: onScreenPostDestory screen JsApp9_Screen detach layer JsAppEmpty1
2026-06-04T12:33:04.232Z [L0]: 6/4 [0]12:33:04.010 I/js_view SBEngine: onScreenPostDestory end
2026-06-04T12:33:04.233Z [L0]: 6/4 [0]12:33:04.010 D/CLayout SBEngine: context 0 destruction complete!
2026-06-04T12:33:04.235Z [L0]: 6/4 [0]12:33:04.017 D/js_fs_common wbs_proc_poll: fs_mkdir /storage/data/js_apps/tmp/assets/animations/groin
2026-06-04T12:33:04.236Z [L0]: 6/4 [0]12:33:04.028 D/js_fs_common wbs_proc_poll: fs_mkdir /storage/data/js_apps/tmp/assets/animations/glute
2026-06-04T12:33:04.238Z [L0]: 6/4 [0]12:33:04.036 I/SB SBEngine: stop deletion list timer.
2026-06-04T12:33:04.240Z [L0]: 6/4 [0]12:33:04.038 I/SysLock SBEngine: this is system lock
2026-06-04T12:33:04.242Z [L0]: 6/4 [0]12:33:04.038 I/SysLock SBEngine: this is system lock
2026-06-04T12:33:04.244Z [L0]: 6/4 [0]12:33:04.038 D/CLayout SBEngine: >>gr_notify_callback_context event=gre.screenshow.pre from LauncherScreen to JsApp10_Screen
2026-06-04T12:33:04.246Z [L0]: 6/4 [0]12:33:04.038 D/sb_screen_adapter SBEngine: onSBScreenPreCreate JsApp10_Screen
2026-06-04T12:33:04.248Z [L0]: 6/4 [0]12:33:04.039 D/CLayout SBEngine: [_load_file_to_memory] stat '/storage/system/resources/styles/JsApp10_Screen.bstyle' failed!
2026-06-04T12:33:04.250Z [L0]: 6/4 [0]12:33:04.039 I/js_view SBEngine: onScreenPreCreate start, screenContext 0x81ea6990
2026-06-04T12:33:04.251Z [L0]: 6/4 [0]12:33:04.041 D/js_fs_common wbs_proc_poll: fs_mkdir /storage/data/js_apps/tmp/assets/animations/chest
2026-06-04T12:33:04.253Z [L0]: 6/4 [0]12:33:04.041 I/js_view SBEngine: js_get_app_screen_ctx: found screen(JsApp10_Screen)
2026-06-04T12:33:04.253Z [L0]: 6/4 [0]12:33:04.041 I/js_rt_screen_app SBEngine: _get_layer_name allocate JsAppEmpty2, type 5
2026-06-04T12:33:04.255Z [L0]: 6/4 [0]12:33:04.041 I/js_view SBEngine: onScreenPreCreate screen[JsApp10_Screen] requeset new cntr context id[2]
2026-06-04T12:33:04.257Z [L0]: 6/4 [0]12:33:04.042 I/js_view SBEngine: onScreenPreCreate layer JsAppEmpty2 attach to screen JsApp10_Screen 
2026-06-04T12:33:04.259Z [L0]: 6/4 [0]12:33:04.043 I/js_rt_screen_app SBEngine: [js_screen_app_on_create] cell_p 0x8004315f current_cell->pcid ffffffffffffffff cell_p->arg->pcid 1600000001
2026-06-04T12:33:04.260Z [L0]: 6/4 [0]12:33:04.044 I/js_rt_screen_app SBEngine: js_screen_app_on_create: pcid(FFFFFFFFFFFFFFFF), launch type(1) current_cell set to 0x80043156
2026-06-04T12:33:04.261Z [L0]: 6/4 [0]12:33:04.044 D/js_rt_screen SBEngine: js_set_working_rtcell cell 0x80043156
2026-06-04T12:33:04.262Z [L0]: 6/4 [0]12:33:04.044 W/js_rt_screen_common SBEngine: js_screen_run_continer: container type:0 pcid(1600000001) from arg
2026-06-04T12:33:04.264Z [L0]: 6/4 [0]12:33:04.044 D/jsRtApkMng SBEngine: js_rt_get_appid: app_p is NULL, pcid(1600000001)
2026-06-04T12:33:04.265Z [L0]: 6/4 [0]12:33:04.044 W/js_rt_screen_common SBEngine: js_screen_run_continer: restart appid(1099993)
2026-06-04T12:33:04.267Z [L0]: 6/4 [0]12:33:04.044 D/js_rt_screen SBEngine: js_set_working_rtcell cell 0x80043156
2026-06-04T12:33:04.268Z [L0]: 6/4 [0]12:33:04.047 I/js_runtime SBEngine: malloc_size:1162904 before load app
2026-06-04T12:33:04.269Z [L0]: 6/4 [0]12:33:04.047 D/jsMmStat SBEngine: get_mid found mid 1
2026-06-04T12:33:04.270Z [L0]: 6/4 [0]12:33:04.047 D/jsMmStat SBEngine: [js_mm_stat_ctx_set] pcid: 200000001 -> 0
2026-06-04T12:33:04.271Z [L0]: 6/4 [0]12:33:04.048 D/jsMmStat SBEngine: get_mid found mid 1
2026-06-04T12:33:04.273Z [L0]: 6/4 [0]12:33:04.048 D/js_timer SBEngine: _timer_on_init pcid(1700000000)
2026-06-04T12:33:04.275Z [L0]: 6/4 [0]12:33:04.048 D/jsMmStat SBEngine: [js_mm_stat_ctx_set] pcid: 0 -> 1700000000
2026-06-04T12:33:04.277Z [L0]: 6/4 [0]12:33:04.048 D/jsRtApkMng SBEngine: switch_currentApp: pid: 2 -> 23 (appid 10C8D9)
2026-06-04T12:33:04.279Z [L0]: 6/4 [0]12:33:04.048 I/jsRtApkMng SBEngine: [js_rt_loadApp2] path: /storage/data/js_apps/0010C8D9/app.js
2026-06-04T12:33:04.279Z [L0]: 6/4 [0]12:33:04.048 D/jsRtApkMng SBEngine: [js_rt_pcid_set] 1600000000 -> 1700000000
2026-06-04T12:33:04.281Z [L0]: 6/4 [0]12:33:04.048 I/js_native.h SBEngine: eval_buf path:/storage/data/js_apps/0010C8D9/app.js, eval_buff(1013)
2026-06-04T12:33:04.288Z [L0]: 6/4 [0]12:33:04.048 I/jsMmStat SBEngine: [mm_stat_node_new] add node, pid: 23
2026-06-04T12:33:04.290Z [L0]: 6/4 [0]12:33:04.052 D/js_fs_common wbs_proc_poll: fs_mkdir /storage/data/js_apps/tmp/assets/animations/catcow
2026-06-04T12:33:04.292Z [L0]: 6/4 [0]12:33:04.052 D/jsMmStat SBEngine: get_mid alloc mid 0
2026-06-04T12:33:04.294Z [L0]: 6/4 [0]12:33:04.056 I/quickjs-libc SBEngine: current filepath: /app.js 
2026-06-04T12:33:04.296Z [L0]: 6/4 [0]12:33:04.061 D/JS_SETTING SBEngine: sim_get_config_path: config file: /storage/system/simulator_cfg.json
2026-06-04T12:33:04.297Z [L0]: 6/4 [0]12:33:04.061 D/js_fs_common SBEngine: js_read_file: file: /storage/system/simulator_cfg.json
2026-06-04T12:33:04.299Z [L0]: 6/4 [0]12:33:04.068 D/js_fs_common wbs_proc_poll: fs_mkdir /storage/data/js_apps/tmp/assets/animations/calf
2026-06-04T12:33:04.301Z [L0]: 6/4 [0]12:33:04.068 I/JS_FS SBEngine: js_fs_open2: /storage/data/js_apps/0010C8D9/assets/raw/locale/TID.btxt, fd:8, flags: 0
2026-06-04T12:33:04.303Z [L0]: 6/4 [0]12:33:04.069 I/JS_FS SBEngine: js_fs_close2 vfs_close fd:8 ret:0
2026-06-04T12:33:04.304Z [L0]: 6/4 [0]12:33:04.079 I/jsRtApkMng SBEngine: perf_resize 16
2026-06-04T12:33:04.305Z [L0]: 6/4 [0]12:33:04.079 D/jsRtApkMng SBEngine: perf_alloc 1/16
2026-06-04T12:33:04.306Z [L0]: 6/4 [0]12:33:04.079 D/jsRtApkMng SBEngine: perf_update evalTime 30 ms
2026-06-04T12:33:04.308Z [L0]: 6/4 [0]12:33:04.079 I/jsRtApkMng SBEngine: [js_rt_loadApp2] api-level: 300, pcid: 1700000000
2026-06-04T12:33:04.308Z [L0]: 6/4 [0]12:33:04.079 D/js_rt_app SBEngine: runAppFunc: run App: onCreate
2026-06-04T12:33:04.309Z [L0]: 6/4 [0]12:33:04.079 I/quickjs-libc SBEngine: app on create invoke 
2026-06-04T12:33:04.310Z [L0]: 6/4 [0]12:33:04.079 D/jsRtApkMng SBEngine: perf_update createTime 0 ms
2026-06-04T12:33:04.311Z [L0]: 6/4 [0]12:33:04.079 I/js_runtime SBEngine: malloc_size:1185188 after load app
2026-06-04T12:33:04.312Z [L0]: 6/4 [0]12:33:04.080 I/js_runtime SBEngine: malloc_size:1185188 before load page
2026-06-04T12:33:04.315Z [L0]: 6/4 [0]12:33:04.080 D/jsRtApkMng SBEngine: js_rt_loadContiner: pcid(1700000000) type:0 file:page/home/home
2026-06-04T12:33:04.320Z [L0]: 6/4 [0]12:33:04.080 W/PluginLst SBEngine: js_plugin_get_info: Warning: index 0 >= plugin count 0
2026-06-04T12:33:04.321Z [L0]: 6/4 [0]12:33:04.081 I/jsRtApkMng SBEngine: jsapp_check_keyboard(0x10c8d9) is 0  file:page/home/home
2026-06-04T12:33:04.322Z [L0]: 6/4 [0]12:33:04.081 D/js_fs_common wbs_proc_poll: fs_mkdir /storage/data/js_apps/tmp/assets/animations/bicep
2026-06-04T12:33:04.325Z [L0]: 6/4 [0]12:33:04.082 D/js_timer SBEngine: _timer_on_init pcid(1700000001)
2026-06-04T12:33:04.327Z [L0]: 6/4 [0]12:33:04.082 D/jsMmStat SBEngine: [js_mm_stat_ctx_set] pcid: 1700000000 -> 1700000001
2026-06-04T12:33:04.328Z [L0]: 6/4 [0]12:33:04.082 D/jsRtApkMng SBEngine: switch_currentApp: same pid: 23 (appid 0010C8D9)
2026-06-04T12:33:04.330Z [L0]: 6/4 [0]12:33:04.082 D/jsMmStat SBEngine: get_mid found mid 1
2026-06-04T12:33:04.332Z [L0]: 6/4 [0]12:33:04.082 I/jsMmStat SBEngine: [mm_stat_node_del] pid: 22
2026-06-04T12:33:04.334Z [L0]: 6/4 [0]12:33:04.082 D/jsRtApkMng SBEngine: switch_currentContainer: cid: 0 -> 1
2026-06-04T12:33:04.335Z [L0]: 6/4 [0]12:33:04.082 I/jsRtApkMng SBEngine: [js_rt_loadContiner2] path: /storage/data/js_apps/0010C8D9/page/home/home.js
2026-06-04T12:33:04.338Z [L0]: 6/4 [0]12:33:04.083 D/jsRtApkMng SBEngine: [js_rt_pcid_set] 1700000000 -> 1700000001
2026-06-04T12:33:04.340Z [L0]: 6/4 [0]12:33:04.083 I/js_native.h SBEngine: eval_buf path:/storage/data/js_apps/0010C8D9/page/home/home.js, eval_buff(7778)
2026-06-04T12:33:04.341Z [L0]: 6/4 [0]12:33:04.094 D/js_fs_common wbs_proc_poll: fs_mkdir /storage/data/js_apps/tmp/assets/animations/backtwist
2026-06-04T12:33:04.343Z [L0]: 6/4 [0]12:33:04.104 D/js_fs_common wbs_proc_poll: fs_mkdir /storage/data/js_apps/tmp/assets/animations/armcircle
2026-06-04T12:33:04.345Z [L0]: 6/4 [0]12:33:04.110 I/quickjs-libc SBEngine: current filepath: /page/home/home.js 
2026-06-04T12:33:04.346Z [L0]: 6/4 [0]12:33:04.120 D/js_fs_common wbs_proc_poll: fs_mkdir /storage/data/js_apps/tmp/assets/animations/ankle
2026-06-04T12:33:04.347Z [L0]: 6/4 [0]12:33:04.121 I/amPERMSN SBEngine: amQueryPermissions get 3 permission authed.
2026-06-04T12:33:04.348Z [L0]: 6/4 [0]12:33:04.122 I/JS_FS SBEngine: js_fs_open2: /storage/data/js_apps/data/0010C8D9/__$$localstorage$$__, fd:8, flags: 0X40
2026-06-04T12:33:04.351Z [L0]: 6/4 [0]12:33:04.122 I/JS_FS SBEngine: js_fs_close2 vfs_close fd:8 ret:0
2026-06-04T12:33:04.353Z [L0]: 6/4 [0]12:33:04.127 D/jsRtApkMng SBEngine: perf_alloc 2/16
2026-06-04T12:33:04.355Z [L0]: 6/4 [0]12:33:04.127 D/jsRtApkMng SBEngine: perf_update evalTime 45 ms
2026-06-04T12:33:04.357Z [L0]: 6/4 [0]12:33:04.128 D/jsRtApkMng SBEngine: js_rt_loadContiner: succeed, appid(0010C8D9) pcid(1700000001)
2026-06-04T12:33:04.359Z [L0]: 6/4 [0]12:33:04.128 D/js_rt_continer SBEngine: runContinerFunc: run Continer func: onInit
2026-06-04T12:33:04.361Z [L0]: 6/4 [0]12:33:04.130 D/jsRtApkMng SBEngine: perf_update initTime 2 ms
2026-06-04T12:33:04.362Z [L0]: 6/4 [0]12:33:04.131 D/js_rt_continer SBEngine: runContinerFunc: run Continer func: onDataRestore
2026-06-04T12:33:04.364Z [L0]: 6/4 [0]12:33:04.131 D/js_rt_continer SBEngine: runContinerFunc: run Continer func: build
2026-06-04T12:33:04.366Z [L0]: 6/4 [0]12:33:04.133 I/JS_app_install wbs_proc_poll: js_install2jsapk: /storage/upload/0010C8D9.zip unpack success
2026-06-04T12:33:04.366Z [L0]: 6/4 [0]12:33:04.133 I/JS_JSON wbs_proc_poll: app_parse: /storage/data/js_apps/tmp/app.json parsing...
2026-06-04T12:33:04.368Z [L0]: 6/4 [0]12:33:04.133 D/js_fs_common wbs_proc_poll: js_read_file: file: /storage/data/js_apps/tmp/app.json
2026-06-04T12:33:04.369Z [L0]: 6/4 [0]12:33:04.133 I/JS_JSON wbs_proc_poll: app_parse_v1: appId:1099993 name:StretchCoach, type:app, v_code:2, v_name:1.0.1 vensor:zepp, desc:Stretch coach for post-workout recovery
2026-06-04T12:33:04.370Z [L0]: 6/4 [0]12:33:04.134 E/JS_JSON wbs_proc_poll: EC=006310 js_plugin_info_parse: no data-widget
2026-06-04T12:33:04.372Z [L0]: 6/4 [0]12:33:04.134 I/JS_JSON wbs_proc_poll: app_parse_en_name en_name is StretchCoach
2026-06-04T12:33:04.373Z [L0]: 6/4 [0]12:33:04.134 I/JS_app_manager wbs_proc_poll: [js_api_version_match]str_app_min 3.0, app_min 300 , fw_min 402
2026-06-04T12:33:04.373Z [L0]: 6/4 [0]12:33:04.135 I/js_fs_common wbs_proc_poll: js_deldir, path:/storage/data/js_apps/0010C8D9.old ret:0
2026-06-04T12:33:04.376Z [L0]: 6/4 [0]12:33:04.135 I/JS_app_install wbs_proc_poll: js_mvapp2jsapp install app(StretchCoach-/storage/data/js_apps/0010C8D9) to js_app success
2026-06-04T12:33:04.377Z [L0]: 6/4 [0]12:33:04.135 I/JS_app_install wbs_proc_poll: js_install2jsapk: js_app install success
2026-06-04T12:33:04.377Z [L0]: 6/4 [0]12:33:04.135 I/JS_app_manager wbs_proc_poll: _on_apk_changed apk_type:0 flag:2 appid:1099993
2026-06-04T12:33:04.378Z [L0]: 6/4 [0]12:33:04.135 I/js_manager_event wbs_proc_poll: [_onApkListChanged] appId: 0x10c8d9  flag:2 called
2026-06-04T12:33:04.380Z [L0]: 6/4 [0]12:33:04.136 I/JsAppService wbs_proc_poll: _on_apk_change flag 2 appid(0010C8D9)
2026-06-04T12:33:04.382Z [L0]: 6/4 [0]12:33:04.136 D/JsAppService wbs_proc_poll: [_clear_timeout] 0x81d53558
2026-06-04T12:33:04.384Z [L0]: 6/4 [0]12:33:04.136 D/JsAppService wbs_proc_poll: [_create_timeout] timer: 0x81d53558 ms: 3000
2026-06-04T12:33:04.386Z [L0]: 6/4 [0]12:33:04.136 I/js_init wbs_proc_poll: _app_change_cb flag=2 appid=1099993 
2026-06-04T12:33:04.388Z [L0]: 6/4 [0]12:33:04.136 I/js_init wbs_proc_poll: _app_change_cb process in ui thread ...
2026-06-04T12:33:04.390Z [L0]: 6/4 [0]12:33:04.136 I/JS_app_manager wbs_proc_poll: js_appm_install: id:10C8D9 root_path:/storage/data/js_apps, app_path:0010C8D9
2026-06-04T12:33:04.391Z [L0]: 6/4 [0]12:33:04.139 I/websocketApp wbs_proc_poll: Webserver recv payload length 43
2026-06-04T12:33:04.394Z [L0]: sim_ws_prtcl_parse OK!
2026-06-04T12:33:04.395Z [L0]: 6/4 [0]12:33:04.139 I/JS_app_manager wbs_proc_poll: [js_api_version_match]str_app_min 3.0, app_min 300 , fw_min 402
2026-06-04T12:33:04.396Z [L0]: 6/4 [0]12:33:04.140 D/js_rt_screen_app wbs_proc_poll: JsApp9_Screen not on stack! 0
2026-06-04T12:33:04.398Z [L0]: 6/4 [0]12:33:04.140 D/js_rt_screen_app wbs_proc_poll: [request_rt_cell] JsApp11_Screen
2026-06-04T12:33:04.399Z [L0]: 6/4 [0]12:33:04.140 D/js_rt_screen_common wbs_proc_poll: [js_screen_new_data] cell name: JsApp11_Screen, launch_arg { type:1, pcid:1700000001, appid:1099993 }
2026-06-04T12:33:04.400Z [L0]: 6/4 [0]12:33:04.140 D/js_rt_screen_common wbs_proc_poll: [js_screen_new_data] more launch_arg { file:page/home/home, arg_len:0 }
2026-06-04T12:33:04.402Z [L0]: 6/4 [0]12:33:04.140 I/SB wbs_proc_poll: gre_animation_create_tween: tween default_screen_enter already exist.
2026-06-04T12:33:04.404Z [L0]: 6/4 [0]12:33:04.140 I/SB wbs_proc_poll: gre_animation_create_tween: tween default_screen_exit already exist.
2026-06-04T12:33:04.405Z [L0]: 6/4 [0]12:33:04.140 I/js_rt_screen_app wbs_proc_poll: js_screen_app_lanuch2 start screen by flag 0 
2026-06-04T12:33:04.407Z [L0]: 6/4 [0]12:33:04.140 I/screen_manager wbs_proc_poll: startScreen JsApp11_Screen flag 0 state 1
2026-06-04T12:33:04.409Z [L0]: 6/4 [0]12:33:04.142 D/js_ui SBEngine: js_widget_setup_class_proto JsTemplate.group
2026-06-04T12:33:04.411Z [L0]: 6/4 [0]12:33:04.143 D/js_ui SBEngine: js_create_widget2 name:JsTemplate.group, id:841, widget JsAppEmpty2.jsw_841
2026-06-04T12:33:04.413Z [L0]: 6/4 [0]12:33:04.145 D/js_ui SBEngine: js_create_widget2 name:JsTemplate.image, id:842, widget JsAppEmpty2.jsw_841.jsw_842
2026-06-04T12:33:04.414Z [L0]: 6/4 [0]12:33:04.146 D/js_ui SBEngine: js_widget_setup_class_proto JsTemplate.text
2026-06-04T12:33:04.415Z [L0]: 6/4 [0]12:33:04.146 D/js_ui SBEngine: js_create_widget2 name:JsTemplate.text, id:843, widget JsAppEmpty2.jsw_841.jsw_843
2026-06-04T12:33:04.417Z [L0]: 6/4 [0]12:33:04.148 D/js_ui SBEngine: js_create_widget2 name:JsTemplate.text, id:844, widget JsAppEmpty2.jsw_841.jsw_844
2026-06-04T12:33:04.419Z [L0]: 6/4 [0]12:33:04.149 D/js_ui SBEngine: js_create_widget2 name:JsTemplate.image, id:845, widget JsAppEmpty2.jsw_841.jsw_845
2026-06-04T12:33:04.421Z [L0]: 6/4 [0]12:33:04.150 D/js_ui SBEngine: js_create_widget2 name:JsTemplate.image, id:846, widget JsAppEmpty2.jsw_841.jsw_846
2026-06-04T12:33:04.421Z [L0]: 6/4 [0]12:33:04.151 D/js_ui SBEngine: js_create_widget2 name:JsTemplate.image, id:847, widget JsAppEmpty2.jsw_841.jsw_847
2026-06-04T12:33:04.423Z [L0]: 6/4 [0]12:33:04.153 D/js_ui SBEngine: js_create_widget2 name:JsTemplate.text, id:848, widget JsAppEmpty2.jsw_841.jsw_848
2026-06-04T12:33:04.424Z [L0]: 6/4 [0]12:33:04.153 D/jsRtApkMng SBEngine: perf_update buildTime 22 ms
2026-06-04T12:33:04.426Z [L0]: 6/4 [0]12:33:04.153 I/js_runtime SBEngine: malloc_size:1208836 after load page
2026-06-04T12:33:04.428Z [L0]: 6/4 [0]12:33:04.153 I/js_view SBEngine: onScreenPreCreate end
2026-06-04T12:33:04.429Z [L0]: 6/4 [0]12:33:04.154 D/CLayout SBEngine: >>gr_notify_callback_context event=gre.screenhide.pre from JsApp10_Screen to LauncherScreen
2026-06-04T12:33:04.431Z [L0]: 6/4 [0]12:33:04.154 D/sb_screen_adapter SBEngine: onSBScreenPreDestory LauncherScreen
2026-06-04T12:33:04.433Z [L0]: 6/4 [0]12:33:04.154 D/wf_js_layer SBEngine: updateDataOnInactive start
2026-06-04T12:33:04.435Z [L0]: 6/4 [0]12:33:04.154 D/js_rt_screen_common SBEngine: js_screen_suspend_app: screen suspend. pcid(200000001)
2026-06-04T12:33:04.437Z [L0]: 6/4 [0]12:33:04.154 I/jsRtApkMng SBEngine: js_rt_SuspendApp: pcid(200000001)
2026-06-04T12:33:04.438Z [L0]: 6/4 [0]12:33:04.154 D/jsMmStat SBEngine: [js_mm_stat_ctx_set] pcid: 1700000001 -> 200000001
2026-06-04T12:33:04.440Z [L0]: 6/4 [0]12:33:04.155 D/jsRtApkMng SBEngine: switch_currentApp: pid: 23 -> 2 (appid 2DFF)
2026-06-04T12:33:04.441Z [L0]: 6/4 [0]12:33:04.155 D/js_rt_continer SBEngine: runContinerFunc: run Continer func: onPause
2026-06-04T12:33:04.443Z [L0]: 6/4 [0]12:33:04.155 D/jsMmStat SBEngine: get_mid found mid 1
2026-06-04T12:33:04.445Z [L0]: 6/4 [0]12:33:04.155 D/jsRtApkMng SBEngine: [js_rt_pcid_set] 1700000001 -> 200000001
2026-06-04T12:33:04.446Z [L0]: 6/4 [0]12:33:04.155 D/js_timer SBEngine: _timer_on_pause pcid(200000001)
2026-06-04T12:33:04.449Z [L0]: 6/4 [0]12:33:04.155 D/JS_SETTING SBEngine: js_setting_pause (200000001)
2026-06-04T12:33:04.450Z [L0]: 6/4 [0]12:33:04.155 I/wf_simluator_data SBEngine: StData_unregisterListner: use current thread
2026-06-04T12:33:04.452Z [L0]: 6/4 [0]12:33:04.156 I/wf_simluator_data SBEngine: listener[0x10166f85] un register successfully
2026-06-04T12:33:04.453Z [L0]: 6/4 [0]12:33:04.156 D/step_data_manager SBEngine: _un_regist unregist sensor server 
2026-06-04T12:33:04.453Z [L0]: 6/4 [0]12:33:04.156 I/wf_simluator_data SBEngine: StData_unregisterListner: use current thread
2026-06-04T12:33:04.455Z [L0]: 6/4 [0]12:33:04.156 I/wf_simluator_data SBEngine: listener[0x101689dd] un register successfully
2026-06-04T12:33:04.456Z [L0]: 6/4 [0]12:33:04.156 D/jswea SBEngine: _un_regist unregist sensor server 
2026-06-04T12:33:04.457Z [L0]: 6/4 [0]12:33:04.156 I/wf_simluator_data SBEngine: StData_unregisterListner: use current thread
2026-06-04T12:33:04.458Z [L0]: 6/4 [0]12:33:04.156 I/wf_simluator_data SBEngine: listener[0x1016a9b9] un register successfully
2026-06-04T12:33:04.459Z [L0]: 6/4 [0]12:33:04.156 D/battey_data_manager SBEngine: _un_regist unregist sensor server 
2026-06-04T12:33:04.460Z [L0]: 6/4 [0]12:33:04.156 I/wf_simluator_data SBEngine: StData_unregisterListner: use current thread
2026-06-04T12:33:04.460Z [L0]: 6/4 [0]12:33:04.157 I/wf_simluator_data SBEngine: listener[0x10163699] un register successfully
2026-06-04T12:33:04.462Z [L0]: 6/4 [0]12:33:04.157 D/calorie_data_manager SBEngine: _un_regist unregist sensor server 
2026-06-04T12:33:04.464Z [L0]: 6/4 [0]12:33:04.157 I/wf_simluator_data SBEngine: StData_unregisterListner: use current thread
2026-06-04T12:33:04.465Z [L0]: 6/4 [0]12:33:04.157 I/wf_simluator_data SBEngine: listener[0x10163d1d] un register successfully
2026-06-04T12:33:04.466Z [L0]: 6/4 [0]12:33:04.157 E/MessageManger SBEngine: error listener 0x10169dd1
2026-06-04T12:33:04.468Z [L0]: 6/4 [0]12:33:04.157 I/quickjs-libc SBEngine: ui pause 
2026-06-04T12:33:04.469Z [L0]: 6/4 [0]12:33:04.157 D/js_sensor SBEngine: _pause_resume_process: sensor id: 0
2026-06-04T12:33:04.471Z [L0]: 6/4 [0]12:33:04.157 I/SYS_STAT_PT SBEngine: System_unregisterSPListner: use current thread
2026-06-04T12:33:04.472Z [L0]: 6/4 [0]12:33:04.157 I/widget_time_image SBEngine: touch JSW_EO_TIME_UPDATE 1
2026-06-04T12:33:04.475Z [L0]: 6/4 [0]12:33:04.158 D/timer_data_manager SBEngine: _regist timeConfig.repeatTime 800
2026-06-04T12:33:04.477Z [L0]: 6/4 [0]12:33:04.158 E/MessageManger SBEngine: error listener 0x10169dd1
2026-06-04T12:33:04.478Z [L0]: 6/4 [0]12:33:04.158 D/wf_js_layer SBEngine: updateDataOnInactive end
2026-06-04T12:33:04.479Z [L0]: 6/4 [0]12:33:04.158 D/LANCH SBEngine: launcher onScreenPause
2026-06-04T12:33:04.480Z [L0]: 6/4 [0]12:33:04.158 D/LANCH SBEngine: launcher onScreenPreDestory
2026-06-04T12:33:04.481Z [L0]: 6/4 [0]12:33:04.159 I/SASSTWG SBEngine: [onContainerPreDestroy] enter
2026-06-04T12:33:04.483Z [L0]: 6/4 [0]12:33:04.159 I/SASSTWG SBEngine: g_smartIndexBuff is null or saved!!! func:saveSmartContainer LINE:1247
2026-06-04T12:33:04.483Z [L0]: 6/4 [0]12:33:04.159 I/SASSTWG SBEngine: [onContainerPreDestroy] end
2026-06-04T12:33:04.895Z [L0]: 6/4 [0]12:33:04.160 D/sb_screen_adapter SBEngine: OnDataSave LauncherScreen6/4 [0]12:33:04.798 I/quickjs-libc SBEngine: current filepath: /page/home/home.js 
2026-06-04T12:33:07.103Z [L0]: 6/4 [0]12:33:07.004 D/jsRtApkMng SBEngine: [js_rt_pcid_set] 1700000002 -> 1700000000
2026-06-04T12:33:07.104Z [L0]: 6/4 [0]12:33:07.004 D/jsMmStat SBEngine: [js_mm_stat_ctx_set] pcid: 1700000002 -> 1700000000
2026-06-04T12:33:07.105Z [L0]: 6/4 [0]12:33:07.004 D/jsMmStat SBEngine: get_mid found mid 0
2026-06-04T12:33:07.106Z [L0]: 6/4 [0]12:33:07.005 I/quickjs-libc SBEngine: app on destroy invoke 
2026-06-04T12:33:07.108Z [L0]: 6/4 [0]12:33:07.006 D/js_timer SBEngine: _timer_on_destroy pcid(1700000000)
2026-06-04T12:33:07.109Z [L0]: 6/4 [0]12:33:07.006 D/JsMsgBus SBEngine: _on_rt_destroy pcid: 1700000000
2026-06-04T12:33:07.110Z [L0]: 6/4 [0]12:33:07.006 W/jsapp_sp SBEngine: [js_app_srv_wf_get_node] not found for appid[0010c8d9]
2026-06-04T12:33:07.145Z [L0]: 6/4 [0]12:336/4 [0]12:33:07.046 I/quickjs-libc SBEngine: current filepath: /app.js 
2026-06-04T12:33:07.160Z [L0]: 6/4 [0]12:33:07.063 I/quickjs-libc SBEngine: app on create invoke 
2026-06-04T12:33:07.162Z [L0]: 6/4 [0]12:33:07.063 D/jsRtApkMng SBEngine: perf_update createTime 1 ms
2026-06-04T12:33:07.164Z [L0]: 6/4 [0]12:33:07.063 I/js_runtime SBEngine: malloc_size:1185204 after load app
2026-06-04T12:33:07.166Z [L0]: 6/4 [0]12:33:07.063 I/js_runtime SBEngine: malloc_size:1185204 before load page
2026-06-04T12:33:07.167Z [L0]: 6/4 [0]12:33:07.063 D/jsRtApkMng SBEngine: js_rt_loadContiner: pcid(1800000000) type:0 file:page/home/home
2026-06-04T12:33:07.178Z [L0]: 6/46/4 [0]12:33:07.080 I/quickjs-libc SBEngine: current filepath: /page/home/home.js 
2026-06-04T12:33:07.209Z [L0]: 6/4 [0]12:33:07.112 I/quickjs-libc SBEngine: ui pause 
2026-06-04T12:33:11.242Z [L0]: 6/4 [0]12:33:07.112 D/js_sensor SBEngine: _pause_resume_process: sensor id: 06/4 [0]12:33:11.145 I/quickjs-libc SBEngine: app on destroy invoke 
2026-06-04T12:33:11.358Z [L0]: 6/4 [0]12:33:11.261 I/quickjs-libc SBEngine: current filepath: /app.js 
2026-06-04T12:33:11.377Z [L0]: 6/4 [0]12:33:11.281 I/quickjs-libc SBEngine: app on create invoke 
2026-06-04T12:33:11.404Z [L0]: 6/4 [0]12:33:11.308 I/quickjs-libc SBEngine: current filepath: /page/home/home.js 
2026-06-04T12:33:11.441Z [L0]: 32m6/4 [0]12:33:11.344 I/quickjs-libc SBEngine: ui pause 
2026-06-04T12:33:12.065Z [L0]: 6/46/4 [0]12:33:11.968 I/quickjs-libc SBEngine: current filepath: /page/home/home.js 
2026-06-04T12:33:15.879Z [L0]: 6/4 [0]12:33:15.783 I/quickjs-libc SBEngine: app on destroy invoke 
2026-06-04T12:33:15.965Z [L0]: 6/4 [0]12:33:15.868 I/quickjs-libc SBEngine: current filepath: /app.js 
2026-06-04T12:33:15.997Z [L0]: 6/4 [0]12:33:15.900 I/quickjs-libc SBEngine: app on create invoke 
2026-06-04T12:33:16.028Z [L0]: 6/4 [0]12:33:15.931 I/quickjs-libc SBEngine: current filepath: /page/home/home.js 
2026-06-04T12:33:16.084Z [L0]: 6/4 [0]12:33:15.987 I/quickjs-libc SBEngine: ui pause 
2026-06-04T12:33:16.729Z [L0]: 6/4 [0]12:33:16.632 I/quickjs-libc SBEngine: current filepath: /page/home/home.js 
2026-06-04T12:33:20.550Z [L0]: 6/4 [0]12:33:20.453 I/quickjs-libc SBEngine: app on destroy invoke 
2026-06-04T12:33:20.611Z [L0]: 6/4 [0]12:33:20.514 I/quickjs-libc SBEngine: current filepath: /app.js 
2026-06-04T12:33:20.646Z [L0]: 6/4 [0]12:33:20.549 I/quickjs-libc SBEngine: app on create invoke 
2026-06-04T12:33:20.679Z [L0]: 6/4 [0]12:33:20.582 I/quickjs-libc SBEngine: current filepath: /page/home/home.js 
2026-06-04T12:33:20.711Z [L0]: 6/4 [0]12:33:20.615 I/quickjs-libc SBEngine: ui pause 
2026-06-04T12:33:21.317Z [L0]: 6/4 [0]12:33:21.221 I/quickjs-libc SBEngine: current filepath: /page/home/home.js 
2026-06-04T12:33:25.254Z [L0]: 6/4 [0]12:33:25.157 I/quickjs-libc SBEngine: app on destroy invoke 
2026-06-04T12:33:25.344Z [L0]: 6/4 [0]12:33:25.247 I/quickjs-libc SBEngine: current filepath: /app.js 
2026-06-04T12:33:25.357Z [L0]: 6/4 [0]12:33:25.260 I/quickjs-libc SBEngine: app on create invoke 
2026-06-04T12:33:25.372Z [L0]: 6/4 [0]12:33:25.275 I/quickjs-libc SBEngine: current filepath: /page/home/home.js 
2026-06-04T12:33:25.400Z [L0]: 6/4 [0]12:33:25.303 I/quickjs-libc SBEngine: ui pause 
2026-06-04T12:33:25.954Z [L0]: 6/4 [0]12:33:25.857 I/quickjs-libc SBEngine: current filepath: /app.js 
2026-06-04T12:33:25.975Z [L0]: 6/4 [0]12:33:25.878 I/quickjs-libc SBEngine: app on create invoke 
2026-06-04T12:33:25.990Z [L0]: 6/4 [0]12:33:25.894 I/quickjs-libc SBEngine: current filepath: /page/home/home.js 
2026-06-04T12:33:30.442Z [L0]: 6/4 [0]12:33:30.345 I/quickjs-libc SBEngine: app on destroy invoke 
2026-06-04T12:33:30.546Z [L0]: m6/4 [0]12:33:30.449 I/quickjs-libc SBEngine: current filepath: /page/home/home.js 
2026-06-04T12:33:30.578Z [L0]: 6/4 [0]12:33:30.481 I/quickjs-libc SBEngine: ui pause 
2026-06-04T12:33:31.181Z [L0]: 6/4 [0]12:33:31.084 I/quickjs-libc SBEngine: current filepath: /page/home/home.js 
2026-06-04T12:33:35.102Z [L0]: 6/4 [0]12:33:35.005 I/quickjs-libc SBEngine: app on destroy invoke 
2026-06-04T12:33:35.175Z [L0]: 6/4 [0]12:33:35.078 I/quickjs-libc SBEngine: current filepath: /app.js 
2026-06-04T12:33:35.201Z [L0]: 6/4 [0]12:33:35.105 I/quickjs-libc SBEngine: app on create invoke 
2026-06-04T12:33:35.231Z [L0]: 6/4 [0]12:33:35.135 I/quickjs-libc SBEngine: current filepath: /page/home/home.js 
2026-06-04T12:33:40.527Z [L0]: [firmware_simulator]: simulator opening...
2026-06-04T12:33:42.406Z [L0]: 6/4 [0]12:33:42.107 I/quickjs SBEngine: js_trigger_gc *****rt->malloc_gc_threshold is now 1329180, malloc_size 886120
2026-06-04T12:33:42.552Z [L0]: 6/4 [0]12:33:42.252 I/quickjs-libc SBEngine: [jsrt-4.2.0-release.1-402] [2026-06-04T12:33:42.239Z] [jsfwk.debug] [ctx] [-] newCtx{"app":0,"module":0,"appId":1} 
2026-06-04T12:33:42.563Z [L0]: 6/4 [0]12:33:42.263 I/quickjs-libc SBEngine: [jsrt-4.2.0-release.1-402] [2026-06-04T12:33:42.260Z] [jsfwk.debug] [ctx] [-] ctx{"app":0,"module":0,"appId":1}.apply=addFWListener["[Function bound handle]"] 
2026-06-04T12:33:42.574Z [L0]: 6/4 [0]12:33:42.275 I/quickjs-libc SBEngine: [jsrt-4.2.0-release.1-402] [2026-06-04T12:33:42.273Z] [jsfwk.info ] [framework] [-] framework init 
2026-06-04T12:33:42.576Z [L0]: 6/4 [0]12:33:42.277 I/quickjs-libc SBEngine: [jsrt-4.2.0-release.1-402] [2026-06-04T12:33:42.276Z] [jsfwk.info ] [framework] [-] framework version => 4.2 
2026-06-04T12:33:42.578Z [L0]: 6/4 [0]12:33:42.279 I/quickjs-libc SBEngine: [jsrt-4.2.0-release.1-402] [2026-06-04T12:33:42.278Z] [jsfwk.info ] [framework] [-] framework buildDate => 2025-09-19T08:58:30.290Z 
2026-06-04T12:33:42.581Z [L0]: 6/4 [0]12:33:42.282 I/quickjs-libc SBEngine: [jsrt-4.2.0-release.1-402] [2026-06-04T12:33:42.280Z] [jsfwk.info ] [framework] [-] framework commit => b3cc2d2 
2026-06-04T12:33:46.563Z [L0]: 6/4 [0]12:33:46.261 I/quickjs-libc SBEngine: index page.js on build invoke6/4 [0]12:33:46.265 I/quickjs-libc SBEngine: ui pause 
2026-06-04T12:33:53.760Z [L0]: 6/4 [0]12:33:53.461 I/quickjs-libc SBEngine: current filepath: /app.js 
2026-06-04T12:33:53.779Z [L0]: 6/4 [0]12:33:53.480 I/quickjs-libc SBEngine: app on create invoke 
2026-06-04T12:33:53.795Z [L0]: 6/4 [0]12:33:53.497 I/quickjs-libc SBEngine: current filepath: /page/home/home.js 
2026-06-04T12:33:53.825Z [L0]: 6/4 [0]12:33:53.527 E/MessageManger SBEngine: error listener 0x10169dd1
2026-06-04T12:33:53.825Z [L0]: 6/4 [0]12:33:53.527 I/quickjs-libc SBEngine: ui pause 
2026-06-04T12:33:57.420Z [L0]: 6/4 [0]12:33:57.122 I/quickjs-libc SBEngine: app on destroy invoke 
2026-06-04T12:33:57.458Z [L0]: 6/4 [0]12:33:57.160 I/quickjs-libc SBEngine: current filepath: /app.js 
2026-06-04T12:33:57.472Z [L0]: 6/4 [0]12:33:57.174 I/quickjs-libc SBEngine: app on create invoke 
2026-06-04T12:33:57.486Z [L0]: 6/4 [0]12:33:57.188 I/quickjs-libc SBEngine: current filepath: /page/home/home.js 
2026-06-04T12:33:57.512Z [L0]: 6/4 [0]12:33:57.214 I/quickjs-libc SBEngine: ui pause 
2026-06-04T12:33:58.585Z [L0]: 6/4 [0]12:33:58.286 I/quickjs SBEngine: js_trigger_gc *****rt->malloc_gc_threshold is now 1813480, malloc_size 1450784
2026-06-04T12:33:58.585Z [L0]: 6/4 [0]12:33:58.287 I/quickjs-libc SBEngine: current filepath: /page/select/select.js 
2026-06-04T12:34:00.188Z [L0]: 6/4 [0]12:33:59.890 I/quickjs-libc SBEngine: current filepath: /page/session/session.js 
2026-06-04T12:34:00.245Z [L0]: 6/4 [0]12:33:59.946 I/quickjs-libc SBEngine: Session: PREPARE -> PREPARE 
2026-06-04T12:34:00.247Z [L0]: 6/4 [0]12:33:59.947 I/quickjs-libc SBEngine: Exercise: prepare - side-lunge-stretch 
2026-06-04T12:34:01.888Z [L0]: 6/4 [0]12:34:01.590 I/quickjs-libc SBEngine: app on destroy invoke 
2026-06-04T12:34:01.968Z [L0]: 6/4 [0]12:34:01.669 I/quickjs-libc SBEngine: current filepath: /app.js 
2026-06-04T12:34:01.997Z [L0]: 6/4 [0]12:34:01.698 I/quickjs-libc SBEngine: app on create invoke 
2026-06-04T12:34:02.028Z [L0]: 6/4 [0]12:34:01.699 D/jsRtApkMng SBEngine: perf_update createTime 1 ms12:34:01.729 I/quickjs-libc SBEngine: current filepath: /page/home/home.js 
2026-06-04T12:34:02.082Z [L0]: 6/4 [0]12:34:01.784 E/MessageManger SBEngine: error listener 0x10169dd1
2026-06-04T12:34:02.084Z [L0]: 6/4 [0]12:34:01.784 I/quickjs-libc SBEngine: ui pause 
2026-06-04T12:34:02.811Z [L0]: 6/4 [0]12:34:01.784 D/js_sensor6/4 [0]12:34:02.408 I/SB SBEngine: stop deletion list timer.
2026-06-04T12:34:02.813Z [L0]: 6/4 [0]12:34:02.408 D/CLayout SBEngine: >>gr_notify_callback_context event=gre.screenshow.pre from JsApp5_Screen to JsApp6_Screen
2026-06-04T12:34:02.814Z [L0]: 6/4 [0]12:34:02.408 D/sb_screen_adapter SBEngine: onSBScreenPreCreate JsApp6_Screen
2026-06-04T12:34:02.815Z [L0]: 6/4 [0]12:34:02.409 D/CLayout SBEngine: [_load_file_to_memory] stat '/storage/system/resources/styles/JsApp6_Screen.bstyle' failed!
2026-06-04T12:34:02.816Z [L0]: 6/4 [0]12:34:02.409 I/js_view SBEngine: onScreenPreCreate start, screenContext 0x8189e7b0
2026-06-04T12:34:02.817Z [L0]: 6/4 [0]12:34:02.409 I/js_view SBEngine: js_get_app_screen_ctx: found screen(JsApp6_Screen)
2026-06-04T12:34:02.817Z [L0]: 6/4 [0]12:34:02.409 I/js_rt_screen_app SBEngine: _get_layer_name allocate JsAppEmpty1, type 5
2026-06-04T12:34:02.818Z [L0]: 6/4 [0]12:34:02.409 I/js_view SBEngine: onScreenPreCreate screen[JsApp6_Screen] requeset new cntr context id[3]
2026-06-04T12:34:02.818Z [L0]: 6/4 [0]12:34:02.410 I/js_view SBEngine: onScreenPreCreate layer JsAppEmpty1 attach to screen JsApp6_Screen 
2026-06-04T12:34:02.819Z [L0]: 6/4 [0]12:34:02.410 I/js_view SBEngine: onScreenPreCreate end
2026-06-04T12:34:02.820Z [L0]: 6/4 [0]12:34:02.410 D/CLayout SBEngine: >>gr_notify_callback_context event=gre.screenhide.pre from JsApp6_Screen to JsApp5_Screen
2026-06-04T12:34:02.821Z [L0]: 6/4 [0]12:34:02.410 D/sb_screen_adapter SBEngine: onSBScreenPreDestory JsApp5_Screen
2026-06-04T12:34:02.822Z [L0]: 6/4 [0]12:34:02.410 I/js_view SBEngine: onScreenPreDestory start screenContext 0x81815cbc
2026-06-04T12:34:02.823Z [L0]: 6/4 [0]12:34:02.410 I/js_view SBEngine: js_get_app_screen_ctx: found screen(JsApp5_Screen)
2026-06-04T12:34:02.824Z [L0]: 6/4 [0]12:34:02.410 I/js_rt_screen_app SBEngine: [js_screen_app_on_predestroy] destory_app 0 current_cell->pcid ffffffffffffffff
2026-06-04T12:34:02.825Z [L0]: 6/4 [0]12:34:02.411 D/js_rt_screen_common SBEngine: js_screen_predestory_app
2026-06-04T12:34:02.826Z [L0]: 6/4 [0]12:34:02.411 I/jsRtApkMng SBEngine: js_rt_preDestoryContiner: pcid(500000001)
2026-06-04T12:34:02.827Z [L0]: 6/4 [0]12:34:02.411 D/jsRtApkMng SBEngine: switch_currentApp: same pid: 5 (appid 0010C8D9)
2026-06-04T12:34:02.828Z [L0]: 6/4 [0]12:34:02.411 D/js_rt_continer SBEngine: runContinerFunc: run Continer func: onDataSave
2026-06-04T12:34:02.829Z [L0]: 6/4 [0]12:34:02.412 D/js_rt_continer SBEngine: runContinerFunc: run Continer func: onDestory
2026-06-04T12:34:02.830Z [L0]: 6/4 [0]12:34:02.412 D/js_rt_continer SBEngine: runContinerFunc: run Continer func: onDestroy
2026-06-04T12:34:02.831Z [L0]: 6/4 [0]12:34:02.412 D/jsRtApkMng SBEngine: [js_rt_pcid_set] 200000001 -> 500000001
2026-06-04T12:34:02.832Z [L0]: 6/4 [0]12:34:02.413 D/js_timer SBEngine: _timer_on_destroy pcid(500000001)
2026-06-04T12:34:02.832Z [L0]: 6/4 [0]12:34:02.413 I/js_rt_screen_app SBEngine: [js_screen_app_on_create] cell_p 0x80043077 current_cell->pcid ffffffffffffffff cell_p->arg->pcid 500000001
2026-06-04T12:34:02.833Z [L0]: 6/4 [0]12:34:02.413 I/js_rt_screen_app SBEngine: js_screen_app_on_create: pcid(FFFFFFFFFFFFFFFF), launch type(1) current_cell set to 0x8004306e
2026-06-04T12:34:02.834Z [L0]: 6/4 [0]12:34:02.413 D/js_rt_screen SBEngine: js_set_working_rtcell cell 0x8004306e
2026-06-04T12:34:02.835Z [L0]: 6/4 [0]12:34:02.413 W/js_rt_screen_common SBEngine: js_screen_run_continer: container type:0 pcid(500000001) from arg
2026-06-04T12:34:02.836Z [L0]: 6/4 [0]12:34:02.413 I/js_runtime SBEngine: malloc_size:1209536 before load page
2026-06-04T12:34:02.837Z [L0]: 6/4 [0]12:34:02.413 D/jsRtApkMng SBEngine: js_rt_loadContiner: pcid(500000000) type:0 file:page/home/home
2026-06-04T12:34:02.838Z [L0]: 6/4 [0]12:34:02.414 W/PluginLst SBEngine: js_plugin_get_info: Warning: index 0 >= plugin count 0
2026-06-04T12:34:02.839Z [L0]: 6/4 [0]12:34:02.414 I/jsRtApkMng SBEngine: jsapp_check_keyboard(0x10c8d9) is 0  file:page/home/home
2026-06-04T12:34:02.840Z [L0]: 6/4 [0]12:34:02.414 D/jsMmStat SBEngine: [js_mm_stat_ctx_set] pcid: 500000001 -> 500000000
2026-06-04T12:34:02.841Z [L0]: 6/4 [0]12:34:02.414 D/jsMmStat SBEngine: get_mid found mid 0
2026-06-04T12:34:02.842Z [L0]: 6/4 [0]12:34:02.414 D/js_timer SBEngine: _timer_on_init pcid(500000002)
2026-06-04T12:34:02.843Z [L0]: 6/4 [0]12:34:02.414 D/jsMmStat SBEngine: [js_mm_stat_ctx_set] pcid: 500000000 -> 500000002
2026-06-04T12:34:02.844Z [L0]: 6/4 [0]12:34:02.414 D/jsRtApkMng SBEngine: switch_currentApp: same pid: 5 (appid 0010C8D9)
2026-06-04T12:34:02.844Z [L0]: 6/4 [0]12:34:02.414 D/jsRtApkMng SBEngine: switch_currentContainer: cid: 1 -> 2
2026-06-04T12:34:02.845Z [L0]: 6/4 [0]12:34:02.414 I/jsRtApkMng SBEngine: [js_rt_loadContiner2] path: /storage/data/js_apps/0010C8D9/page/home/home.js
2026-06-04T12:34:02.846Z [L0]: 6/4 [0]12:34:02.415 D/jsRtApkMng SBEngine: [js_rt_pcid_set] 500000001 -> 500000002
2026-06-04T12:34:02.847Z [L0]: 6/4 [0]12:34:02.415 I/js_native.h SBEngine: eval_buf path:/storage/data/js_apps/0010C8D9/page/home/home.js, eval_buff(7778)
2026-06-04T12:34:02.848Z [L0]: 6/4 [0]12:34:02.415 D/jsMmStat SBEngine: get_mid found mid 1
2026-06-04T12:34:02.849Z [L0]: 6/4 [0]12:34:02.427 I/quickjs-libc SBEngine: current filepath: /page/home/home.js 
2026-06-04T12:34:02.850Z [L0]: 6/4 [0]12:34:02.434 I/amPERMSN SBEngine: amQueryPermissions get 3 permission authed.
2026-06-04T12:34:02.851Z [L0]: 6/4 [0]12:34:02.435 I/JS_FS SBEngine: js_fs_open2: /storage/data/js_apps/data/0010C8D9/__$$localstorage$$__, fd:7, flags: 0X40
2026-06-04T12:34:02.851Z [L0]: 6/4 [0]12:34:02.435 I/JS_FS SBEngine: js_fs_close2 vfs_close fd:7 ret:0
2026-06-04T12:34:02.852Z [L0]: 6/4 [0]12:34:02.439 D/jsRtApkMng SBEngine: perf_update evalTime 25 ms
2026-06-04T12:34:02.853Z [L0]: 6/4 [0]12:34:02.439 D/jsRtApkMng SBEngine: js_rt_loadContiner: succeed, appid(0010C8D9) pcid(500000002)
2026-06-04T12:34:02.854Z [L0]: 6/4 [0]12:34:02.439 D/js_rt_continer SBEngine: runContinerFunc: run Continer func: onInit
2026-06-04T12:34:02.855Z [L0]: 6/4 [0]12:34:02.440 D/jsRtApkMng SBEngine: perf_update initTime 1 ms
2026-06-04T12:34:02.856Z [L0]: 6/4 [0]12:34:02.440 D/js_rt_continer SBEngine: runContinerFunc: run Continer func: onDataRestore
2026-06-04T12:34:02.857Z [L0]: 6/4 [0]12:34:02.440 D/js_rt_continer SBEngine: runContinerFunc: run Continer func: build
2026-06-04T12:34:02.857Z [L0]: 6/4 [0]12:34:02.442 D/js_ui SBEngine: js_create_widget2 name:JsTemplate.group, id:138, widget JsAppEmpty1.jsw_138
2026-06-04T12:34:02.859Z [L0]: 6/4 [0]12:34:02.443 D/js_ui SBEngine: js_create_widget2 name:JsTemplate.image, id:139, widget JsAppEmpty1.jsw_138.jsw_139
2026-06-04T12:34:02.860Z [L0]: 6/4 [0]12:34:02.444 D/js_ui SBEngine: js_create_widget2 name:JsTemplate.text, id:140, widget JsAppEmpty1.jsw_138.jsw_140
2026-06-04T12:34:02.860Z [L0]: 6/4 [0]12:34:02.446 D/js_ui SBEngine: js_create_widget2 name:JsTemplate.text, id:141, widget JsAppEmpty1.jsw_138.jsw_141
2026-06-04T12:34:02.861Z [L0]: 6/4 [0]12:34:02.446 D/js_ui SBEngine: js_create_widget2 name:JsTemplate.image, id:142, widget JsAppEmpty1.jsw_138.jsw_142
2026-06-04T12:34:02.862Z [L0]: 6/4 [0]12:34:02.447 D/js_ui SBEngine: js_create_widget2 name:JsTemplate.image, id:143, widget JsAppEmpty1.jsw_138.jsw_143
2026-06-04T12:34:02.863Z [L0]: 6/4 [0]12:34:02.448 D/js_ui SBEngine: js_create_widget2 name:JsTemplate.image, id:144, widget JsAppEmpty1.jsw_138.jsw_144
2026-06-04T12:34:02.864Z [L0]: 6/4 [0]12:34:02.450 D/js_ui SBEngine: js_create_widget2 name:JsTemplate.text, id:145, widget JsAppEmpty1.jsw_138.jsw_145
2026-06-04T12:34:02.865Z [L0]: 6/4 [0]12:34:02.450 D/jsRtApkMng SBEngine: perf_update buildTime 10 ms
2026-06-04T12:34:02.866Z [L0]: 6/4 [0]12:34:02.450 I/js_runtime SBEngine: malloc_size:1225556 after load page
2026-06-04T12:34:02.866Z [L0]: 6/4 [0]12:34:02.450 D/sb_screen_adapter SBEngine: OnDataSave JsApp5_Screen
2026-06-04T12:34:02.867Z [L0]: 6/4 [0]12:34:02.450 I/js_view SBEngine: onDataSave start, screenContext 0x81815cbc
2026-06-04T12:34:02.868Z [L0]: 6/4 [0]12:34:02.450 I/js_view SBEngine: js_get_app_screen_ctx: found screen(JsApp5_Screen)
2026-06-04T12:34:02.869Z [L0]: 6/4 [0]12:34:02.451 I/js_view SBEngine: onDataSave end
2026-06-04T12:34:04.397Z [L0]: Recv buf length = 1460, ofs = 06/4 [0]12:34:04.099 I/quickjs-libc SBEngine: app on destroy invoke 
2026-06-04T12:34:04.432Z [L0]: 6/4 [0]12:34:04.134 I/quickjs-libc SBEngine: current filepath: /app.js 
2026-06-04T12:34:04.446Z [L0]: 6/4 [0]12:34:04.148 I/quickjs-libc SBEngine: app on create invoke 
2026-06-04T12:34:04.463Z [L0]: 6/4 [0]12:34:04.164 I/quickjs-libc SBEngine: current filepath: /page/home/home.js 
2026-06-04T12:34:04.488Z [L0]: 6/4 [0]12:34:04.190 I/quickjs-libc SBEngine: ui pause 
2026-06-04T12:34:06.630Z [L0]: 6/4 [0]12:34:04.190 D/js_sensor SBEine: switch_currentApp: same pid: 6 (appid 0010C8D9)
2026-06-04T12:34:06.631Z [L0]: 6/4 [0]12:34:06.263 D/js_rt_app SBEngine: runAppFunc: run App: onDestory
2026-06-04T12:34:06.633Z [L0]: 6/4 [0]12:34:06.263 D/js_rt_app SBEngine: runAppFunc: run App: onDestroy
2026-06-04T12:34:06.634Z [L0]: 6/4 [0]12:34:06.264 D/jsRtApkMng SBEngine: [js_rt_pcid_set] 600000001 -> 600000000
2026-06-04T12:34:06.636Z [L0]: 6/4 [0]12:34:06.264 D/jsMmStat SBEngine: [js_mm_stat_ctx_set] pcid: 600000001 -> 600000000
2026-06-04T12:34:06.637Z [L0]: 6/4 [0]12:34:06.264 D/jsMmStat SBEngine: get_mid found mid 0
2026-06-04T12:34:06.638Z [L0]: 6/4 [0]12:34:06.264 I/quickjs-libc SBEngine: app on destroy invoke 
2026-06-04T12:34:06.640Z [L0]: 6/4 [0]12:34:06.266 D/js_fs_common wbs_proc_poll: fs_mkdir /storage/data/js_apps/tmp/assets/animations/lat
2026-06-04T12:34:06.641Z [L0]: 6/4 [0]12:34:06.266 D/js_timer SBEngine: _timer_on_destroy pcid(600000000)
2026-06-04T12:34:06.642Z [L0]: 6/4 [0]12:34:06.267 D/JsMsgBus SBEngine: _on_rt_destroy pcid: 600000000
2026-06-04T12:34:06.643Z [L0]: 6/4 [0]12:34:06.269 W/jsapp_sp SBEngine: [js_app_srv_wf_get_node] not found for appid[0010c8d9]
2026-06-04T12:34:06.645Z [L0]: 6/4 [0]12:34:06.269 D/JS_SETTING SBEngine: _onAppDestroyed pcid(600000000)
2026-06-04T12:34:06.646Z [L0]: 6/4 [0]12:34:06.269 D/js_ui SBEngine: js_widget_destroy_class_proto JsTemplate.group
2026-06-04T12:34:06.646Z [L0]: 6/4 [0]12:34:06.270 D/js_ui SBEngine: js_widget_destroy_class_proto JsTemplate.text
2026-06-04T12:34:06.647Z [L0]: 6/4 [0]12:34:06.270 D/JS_BLEFT SBEngine: _file_transfer_destroy pcid(600000000)
2026-06-04T12:34:06.648Z [L0]: 6/4 [0]12:34:06.270 D/jsMedia SBEngine: js_media_destory pcid(600000000)
2026-06-04T12:34:06.649Z [L0]: 6/4 [0]12:34:06.270 D/JsSysApi SBEngine: _onJsAppDestroy pcid(600000000)
2026-06-04T12:34:06.650Z [L0]: 6/4 [0]12:34:06.270 D/JsOnlineVAD SBEngine: _onJsAppDestroy pcid(600000000)
2026-06-04T12:34:06.652Z [L0]: 6/4 [0]12:34:06.270 I/jsRtApkMng SBEngine: switch_currentApp: reset to pid: 2 (appid 2DFF)
2026-06-04T12:34:06.653Z [L0]: 6/4 [0]12:34:06.270 D/jsMmStat SBEngine: [js_mm_stat_ctx_set] pcid: 600000000 -> 200000001
2026-06-04T12:34:06.654Z [L0]: 6/4 [0]12:34:06.271 I/js_runtime SBEngine: malloc_size:1188860 after destory app
2026-06-04T12:34:06.655Z [L0]: 6/4 [0]12:34:06.271 D/js_rt_screen_common SBEngine: js_screen_destory_app: run GC
2026-06-04T12:34:06.657Z [L0]: 6/4 [0]12:34:06.277 D/js_fs_common wbs_proc_poll: fs_mkdir /storage/data/js_apps/tmp/assets/animations/hipflexor
2026-06-04T12:34:06.659Z [L0]: 6/4 [0]12:34:06.287 D/js_fs_common wbs_proc_poll: fs_mkdir /storage/data/js_apps/tmp/assets/animations/hipcircle
2026-06-04T12:34:06.661Z [L0]: 6/4 [0]12:34:06.293 I/js_runtime SBEngine: malloc_size:1163192 after destory page
2026-06-04T12:34:06.662Z [L0]: 6/4 [0]12:34:06.294 D/jsRtApkMng SBEngine: js_rt_get_appid: app_p is NULL, pcid(600000000)
2026-06-04T12:34:06.663Z [L0]: 6/4 [0]12:34:06.294 D/jsMmStat SBEngine: _mm_check_running appid 1099993 pid 6 stopped!
2026-06-04T12:34:06.664Z [L0]: 6/4 [0]12:34:06.297 I/jsMmStat SBEngine: [0] appid:00002DFF pid:  2 count:  786 total:  56876 peak:  65916 bytes
2026-06-04T12:34:06.666Z [L0]: 6/4 [0]12:34:06.297 I/jsMmStat SBEngine: [0] appid:00000001 pid:  0 count:17249 total:1087680 peak:1410148 bytes
2026-06-04T12:34:06.667Z [L0]: 6/4 [0]12:34:06.297 I/js_rt_screen_app SBEngine: _release_layer cell_p 0x800430b1 release JsAppEmpty2 , type 5
2026-06-04T12:34:06.668Z [L0]: 6/4 [0]12:34:06.297 I/js_rt_screen_app SBEngine: [js_screen_app_on_destroy] destorying app, current cell is set to NULL
2026-06-04T12:34:06.670Z [L0]: 6/4 [0]12:34:06.298 D/CLayout SBEngine: context 2 destruction complete!
2026-06-04T12:34:06.671Z [L0]: 6/4 [0]12:34:06.298 I/js_view SBEngine: onScreenPostDestory screen JsApp7_Screen detach layer JsAppEmpty2
2026-06-04T12:34:06.671Z [L0]: 6/4 [0]12:34:06.298 I/js_view SBEngine: onScreenPostDestory end
2026-06-04T12:34:06.672Z [L0]: 6/4 [0]12:34:06.298 D/CLayout SBEngine: context 0 destruction complete!
2026-06-04T12:34:06.673Z [L0]: 6/4 [0]12:34:06.305 D/js_fs_common wbs_proc_poll: fs_mkdir /storage/data/js_apps/tmp/assets/animations/hamstring
2026-06-04T12:34:06.676Z [L0]: 6/4 [0]12:34:06.320 D/js_fs_common wbs_proc_poll: fs_mkdir /storage/data/js_apps/tmp/assets/animations/groin6/4 [0]12:34:06.331 I/SB SBEngine: stop deletion list timer.
2026-06-04T12:34:06.677Z [L0]: 6/4 [0]12:34:06.334 D/CLayout SBEngine: >>gr_notify_callback_context event=gre.screenshow.pre from LauncherScreen to JsApp8_Screen
2026-06-04T12:34:06.678Z [L0]: 6/4 [0]12:34:06.334 D/sb_screen_adapter SBEngine: onSBScreenPreCreate JsApp8_Screen
2026-06-04T12:34:06.679Z [L0]: 6/4 [0]12:34:06.336 D/js_fs_common wbs_proc_poll: fs_mkdir /storage/data/js_apps/tmp/assets/animations/glute
2026-06-04T12:34:06.680Z [L0]: 6/4 [0]12:34:06.337 D/CLayout SBEngine: [_load_file_to_memory] stat '/storage/system/resources/styles/JsApp8_Screen.bstyle' failed!
2026-06-04T12:34:06.682Z [L0]: 6/4 [0]12:34:06.337 I/js_view SBEngine: onScreenPreCreate start, screenContext 0x81e26688
2026-06-04T12:34:06.683Z [L0]: 6/4 [0]12:34:06.337 I/js_view SBEngine: js_get_app_screen_ctx: found screen(JsApp8_Screen)
2026-06-04T12:34:06.685Z [L0]: 6/4 [0]12:34:06.337 I/js_rt_screen_app SBEngine: _get_layer_name allocate JsAppEmpty3, type 5
2026-06-04T12:34:06.686Z [L0]: 6/4 [0]12:34:06.337 I/js_view SBEngine: onScreenPreCreate screen[JsApp8_Screen] requeset new cntr context id[2]
2026-06-04T12:34:06.688Z [L0]: 6/4 [0]12:34:06.337 I/js_view SBEngine: onScreenPreCreate layer JsAppEmpty3 attach to screen JsApp8_Screen 
2026-06-04T12:34:06.689Z [L0]: 6/4 [0]12:34:06.338 I/js_rt_screen_app SBEngine: [js_screen_app_on_create] cell_p 0x800430eb current_cell->pcid ffffffffffffffff cell_p->arg->pcid 600000001
2026-06-04T12:34:06.691Z [L0]: 6/4 [0]12:34:06.338 I/js_rt_screen_app SBEngine: js_screen_app_on_create: pcid(FFFFFFFFFFFFFFFF), launch type(1) current_cell set to 0x800430e2
2026-06-04T12:34:06.693Z [L0]: 6/4 [0]12:34:06.339 D/js_rt_screen SBEngine: js_set_working_rtcell cell 0x800430e2
2026-06-04T12:34:06.694Z [L0]: 6/4 [0]12:34:06.339 W/js_rt_screen_common SBEngine: js_screen_run_continer: container type:0 pcid(600000001) from arg
2026-06-04T12:34:06.696Z [L0]: 6/4 [0]12:34:06.339 D/jsRtApkMng SBEngine: js_rt_get_appid: app_p is NULL, pcid(600000001)
2026-06-04T12:34:06.698Z [L0]: 6/4 [0]12:34:06.339 W/js_rt_screen_common SBEngine: js_screen_run_continer: restart appid(1099993)
2026-06-04T12:34:06.699Z [L0]: 6/4 [0]12:34:06.339 D/js_rt_screen SBEngine: js_set_working_rtcell cell 0x800430e2
2026-06-04T12:34:06.701Z [L0]: 6/4 [0]12:34:06.339 I/js_runtime SBEngine: malloc_size:1163192 before load app
2026-06-04T12:34:06.704Z [L0]: 6/4 [0]12:34:06.339 D/jsMmStat SBEngine: get_mid found mid 1
2026-06-04T12:34:06.705Z [L0]: 6/4 [0]12:34:06.339 D/jsMmStat SBEngine: [js_mm_stat_ctx_set] pcid: 200000001 -> 0
2026-06-04T12:34:06.707Z [L0]: 6/4 [0]12:34:06.339 D/jsMmStat SBEngine: get_mid found mid 1
2026-06-04T12:34:06.709Z [L0]: 6/4 [0]12:34:06.340 D/js_timer SBEngine: _timer_on_init pcid(700000000)
2026-06-04T12:34:06.711Z [L0]: 6/4 [0]12:34:06.340 D/jsMmStat SBEngine: [js_mm_stat_ctx_set] pcid: 0 -> 700000000
2026-06-04T12:34:06.713Z [L0]: 6/4 [0]12:34:06.341 D/jsRtApkMng SBEngine: switch_currentApp: pid: 2 -> 7 (appid 10C8D9)
2026-06-04T12:34:06.714Z [L0]: 6/4 [0]12:34:06.341 I/jsRtApkMng SBEngine: [js_rt_loadApp2] path: /storage/data/js_apps/0010C8D9/app.js
2026-06-04T12:34:06.716Z [L0]: 6/4 [0]12:34:06.342 D/jsRtApkMng SBEngine: [js_rt_pcid_set] 600000000 -> 700000000
2026-06-04T12:34:06.718Z [L0]: 6/4 [0]12:34:06.343 I/js_native.h SBEngine: eval_buf path:/storage/data/js_apps/0010C8D9/app.js, eval_buff(1013)
2026-06-04T12:34:06.719Z [L0]: 6/4 [0]12:34:06.343 I/jsMmStat SBEngine: [mm_stat_node_new] add node, pid: 7
2026-06-04T12:34:06.721Z [L0]: 6/4 [0]12:34:06.343 D/jsMmStat SBEngine: get_mid alloc mid 0
2026-06-04T12:34:06.723Z [L0]: 6/4 [0]12:34:06.350 D/js_fs_common wbs_proc_poll: fs_mkdir /storage/data/js_apps/tmp/assets/animations/chest
2026-06-04T12:34:06.725Z [L0]: 6/4 [0]12:34:06.351 I/quickjs-libc SBEngine: current filepath: /app.js 
2026-06-04T12:34:06.727Z [L0]: 6/4 [0]12:34:06.356 D/JS_SETTING SBEngine: sim_get_config_path: config file: /storage/system/simulator_cfg.json
2026-06-04T12:34:06.728Z [L0]: 6/4 [0]12:34:06.356 D/js_fs_common SBEngine: js_read_file: file: /storage/system/simulator_cfg.json
2026-06-04T12:34:06.730Z [L0]: 6/4 [0]12:34:06.361 I/JS_FS SBEngine: js_fs_open2: /storage/data/js_apps/0010C8D9/assets/raw/locale/TID.btxt, fd:8, flags: 0
2026-06-04T12:34:06.731Z [L0]: 6/4 [0]12:34:06.362 I/JS_FS SBEngine: js_fs_close2 vfs_close fd:8 ret:0
2026-06-04T12:34:06.733Z [L0]: 6/4 [0]12:34:06.364 D/js_fs_common wbs_proc_poll: fs_mkdir /storage/data/js_apps/tmp/assets/animations/catcow
2026-06-04T12:34:06.735Z [L0]: 6/4 [0]12:34:06.377 I/jsRtApkMng SBEngine: perf_resize 16
2026-06-04T12:34:06.737Z [L0]: 6/4 [0]12:34:06.377 D/jsRtApkMng SBEngine: perf_alloc 1/16
2026-06-04T12:34:06.740Z [L0]: 6/4 [0]12:34:06.377 D/jsRtApkMngSBEngine: perf_update evalTime 36 ms
2026-06-04T12:34:06.742Z [L0]: 6/4 [0]12:34:06.378 D/js_fs_common wbs_proc_poll: fs_mkdir /storage/data/js_apps/tmp/assets/animations/calf
2026-06-04T12:34:06.744Z [L0]: 6/4 [0]12:34:06.379 I/jsRtApkMng SBEngine: [js_rt_loadApp2] api-level: 300, pcid: 700000000
2026-06-04T12:34:06.745Z [L0]: 6/4 [0]12:34:06.379 D/js_rt_app SBEngine: runAppFunc: run App: onCreate
2026-06-04T12:34:06.747Z [L0]: 6/4 [0]12:34:06.382 I/quickjs-libc SBEngine: app on create invoke 
2026-06-04T12:34:06.748Z [L0]: 6/4 [0]12:34:06.382 D/jsRtApkMng SBEngine: perf_update createTime 3 ms
2026-06-04T12:34:06.750Z [L0]: 6/4 [0]12:34:06.383 I/js_runtime SBEngine: malloc_size:1185624 after load app
2026-06-04T12:34:06.752Z [L0]: 6/4 [0]12:34:06.383 I/js_runtime SBEngine: malloc_size:1185624 before load page
2026-06-04T12:34:06.754Z [L0]: 6/4 [0]12:34:06.383 D/jsRtApkMng SBEngine: js_rt_loadContiner: pcid(700000000) type:0 file:page/home/home
2026-06-04T12:34:06.756Z [L0]: 6/4 [0]12:34:06.383 W/PluginLst SBEngine: js_plugin_get_info: Warning: index 0 >= plugin count 0
2026-06-04T12:34:06.758Z [L0]: 6/4 [0]12:34:06.383 I/jsRtApkMng SBEngine: jsapp_check_keyboard(0x10c8d9) is 0  file:page/home/home
2026-06-04T12:34:06.759Z [L0]: 6/4 [0]12:34:06.383 D/js_timer SBEngine: _timer_on_init pcid(700000001)
2026-06-04T12:34:06.759Z [L0]: 6/4 [0]12:34:06.383 D/jsMmStat SBEngine: [js_mm_stat_ctx_set] pcid: 700000000 -> 700000001
2026-06-04T12:34:06.761Z [L0]: 6/4 [0]12:34:06.383 D/jsRtApkMng SBEngine: switch_currentApp: same pid: 7 (appid 0010C8D9)
2026-06-04T12:34:06.763Z [L0]: 6/4 [0]12:34:06.384 D/jsMmStat SBEngine: get_mid found mid 1
2026-06-04T12:34:06.764Z [L0]: 6/4 [0]12:34:06.384 I/jsMmStat SBEngine: [mm_stat_node_del] pid: 6
2026-06-04T12:34:06.766Z [L0]: 6/4 [0]12:34:06.385 D/jsRtApkMng SBEngine: switch_currentContainer: cid: 0 -> 1
2026-06-04T12:34:06.768Z [L0]: 6/4 [0]12:34:06.385 I/jsRtApkMng SBEngine: [js_rt_loadContiner2] path: /storage/data/js_apps/0010C8D9/page/home/home.js
2026-06-04T12:34:06.770Z [L0]: 6/4 [0]12:34:06.385 D/jsRtApkMng SBEngine: [js_rt_pcid_set] 700000000 -> 700000001
2026-06-04T12:34:06.772Z [L0]: 6/4 [0]12:34:06.386 I/js_native.h SBEngine: eval_buf path:/storage/data/js_apps/0010C8D9/page/home/home.js, eval_buff(7778)
2026-06-04T12:34:06.773Z [L0]: 6/4 [0]12:34:06.388 D/js_fs_common wbs_proc_poll: fs_mkdir /storage/data/js_apps/tmp/assets/animations/bicep
2026-06-04T12:34:06.775Z [L0]: 6/4 [0]12:34:06.400 D/js_fs_common wbs_proc_poll: fs_mkdir /storage/data/js_apps/tmp/assets/animations/backtwist
2026-06-04T12:34:06.777Z [L0]: 6/4 [0]12:34:06.408 I/quickjs-libc SBEngine: current filepath: /page/home/home.js 
2026-06-04T12:34:06.779Z [L0]: 6/4 [0]12:34:06.412 D/js_fs_common wbs_proc_poll: fs_mkdir /storage/data/js_apps/tmp/assets/animations/armcircle
2026-06-04T12:34:06.781Z [L0]: 6/4 [0]12:34:06.423 I/amPERMSN SBEngine: amQueryPermissions get 3 permission authed.
2026-06-04T12:34:06.783Z [L0]: 6/4 [0]12:34:06.425 D/js_fs_common wbs_proc_poll: fs_mkdir /storage/data/js_apps/tmp/assets/animations/ankle
2026-06-04T12:34:06.784Z [L0]: 6/4 [0]12:34:06.425 I/JS_FS SBEngine: js_fs_open2: /storage/data/js_apps/data/0010C8D9/__$$localstorage$$__, fd:8, flags: 0X40
2026-06-04T12:34:06.786Z [L0]: 6/4 [0]12:34:06.426 I/JS_FS SBEngine: js_fs_close2 vfs_close fd:8 ret:0
2026-06-04T12:34:06.788Z [L0]: 6/4 [0]12:34:06.431 D/jsRtApkMng SBEngine: perf_alloc 2/16
2026-06-04T12:34:06.789Z [L0]: 6/4 [0]12:34:06.431 D/jsRtApkMng SBEngine: perf_update evalTime 46 ms
2026-06-04T12:34:06.791Z [L0]: 6/4 [0]12:34:06.431 D/jsRtApkMng SBEngine: js_rt_loadContiner: succeed, appid(0010C8D9) pcid(700000001)
2026-06-04T12:34:06.792Z [L0]: 6/4 [0]12:34:06.433 D/js_rt_continer SBEngine: runContinerFunc: run Continer func: onInit
2026-06-04T12:34:06.794Z [L0]: 6/4 [0]12:34:06.434 D/jsRtApkMng SBEngine: perf_update initTime 1 ms
2026-06-04T12:34:06.796Z [L0]: 6/4 [0]12:34:06.434 D/js_rt_continer SBEngine: runContinerFunc: run Continer func: onDataRestore
2026-06-04T12:34:06.796Z [L0]: 6/4 [0]12:34:06.437 D/js_rt_continer SBEngine: runContinerFunc: run Continer func: build
2026-06-04T12:34:06.798Z [L0]: 6/4 [0]12:34:06.437 I/JS_app_install wbs_proc_poll: js_install2jsapk: /storage/upload/0010C8D9.zip unpack success
2026-06-04T12:34:06.799Z [L0]: 6/4 [0]12:34:06.437 I/JS_JSON wbs_proc_poll: app_parse: /storage/data/js_apps/tmp/app.json parsing...
2026-06-04T12:34:06.801Z [L0]: 6/4 [0]12:34:06.437 D/js_fs_common wbs_proc_poll: js_read_file: file: /storage/data/js_apps/tmp/app.json
2026-06-04T12:34:06.803Z [L0]: 6/4 [0]12:34:06.438 I/JS_JSON wbs_proc_poll: app_parse_v1: appId:1099993 name:StretchCoach, type:app, v_code:2, v_name:1.0.1 vensor:zepp, desc:Stretch coach for post-workout recovery
2026-06-04T12:34:06.805Z [L0]: 6/4 [0]12:34:06.438 E/JS_JSON wbs_proc_poll: EC=006310 js_plugin_info_parse: no data-widget
2026-06-04T12:34:06.806Z [L0]: 6/4 [0]12:34:06.438 I/JS_JSON wbs_proc_poll: app_parse_en_name en_name is StretchCoach
2026-06-04T12:34:06.808Z [L0]: 6/4 [0]12:34:06.438 I/JS_app_manager wbs_proc_poll: [js_api_version_match]str_app_min 3.0, app_min 300 , fw_min 402
2026-06-04T12:34:06.810Z [L0]: 6/4 [0]12:34:06.439 W/JS_app_install wbs_proc_poll: js_mvapp2jsapp rename /storage/data/js_apps/0010C8D9 failed!
2026-06-04T12:34:06.811Z [L0]: 6/4 [0]12:34:06.439 I/js_fs_common wbs_proc_poll: js_deldir, path:/storage/data/js_apps/0010C8D9 ret:0
2026-06-04T12:34:06.812Z [L0]: 6/4 [0]12:34:06.439 I/JS_app_install wbs_proc_poll: js_mvapp2jsapp install app(StretchCoach-/storage/data/js_apps/0010C8D9) to js_app success
2026-06-04T12:34:06.814Z [L0]: 6/4 [0]12:34:06.440 I/JS_app_install wbs_proc_poll: js_install2jsapk: js_app install success
2026-06-04T12:34:06.816Z [L0]: 6/4 [0]12:34:06.440 I/JS_app_manager wbs_proc_poll: _on_apk_changed apk_type:0 flag:2 appid:1099993
2026-06-04T12:34:06.818Z [L0]: 6/4 [0]12:34:06.440 I/js_manager_event wbs_proc_poll: [_onApkListChanged] appId: 0x10c8d9  flag:2 called
2026-06-04T12:34:06.820Z [L0]: 6/4 [0]12:34:06.441 I/JsAppService wbs_proc_poll: _on_apk_change flag 2 appid(0010C8D9)
2026-06-04T12:34:06.821Z [L0]: 6/4 [0]12:34:06.441 D/JsAppService wbs_proc_poll: [_clear_timeout] 0x81970a2c
2026-06-04T12:34:06.827Z [L0]: 6/4 [0]12:34:06.441 D/JsAppService wbs_proc_poll: [_create_timeout] timer: 0x81970a2cms: 3000
2026-06-04T12:34:06.829Z [L0]: 6/4 [0]12:34:06.443 I/js_init wbs_proc_poll: _app_change_cb flag=2 appid=1099993 
2026-06-04T12:34:06.830Z [L0]: 6/4 [0]12:34:06.443 I/js_init wbs_proc_poll: _app_change_cb process in ui thread ...
2026-06-04T12:34:06.832Z [L0]: 6/4 [0]12:34:06.443 I/JS_app_manager wbs_proc_poll: js_appm_install: id:10C8D9 root_path:/storage/data/js_apps, app_path:0010C8D9
2026-06-04T12:34:06.834Z [L0]: 6/4 [0]12:34:06.445 I/websocketApp wbs_proc_poll: Webserver recv payload length 43
2026-06-04T12:34:06.836Z [L0]: sim_ws_prtcl_parse OK!
2026-06-04T12:34:06.838Z [L0]: 6/4 [0]12:34:06.446 I/JS_app_manager wbs_proc_poll: [js_api_version_match]str_app_min 3.0, app_min 300 , fw_min 402
2026-06-04T12:34:06.840Z [L0]: 6/4 [0]12:34:06.446 D/js_rt_screen_app wbs_proc_poll: JsApp7_Screen not on stack! 0
2026-06-04T12:34:06.841Z [L0]: 6/4 [0]12:34:06.446 D/js_rt_screen_app wbs_proc_poll: [request_rt_cell] JsApp9_Screen
2026-06-04T12:34:06.843Z [L0]: 6/4 [0]12:34:06.446 D/js_rt_screen_common wbs_proc_poll: [js_screen_new_data] cell name: JsApp9_Screen, launch_arg { type:1, pcid:700000001, appid:1099993 }
2026-06-04T12:34:06.844Z [L0]: 6/4 [0]12:34:06.446 D/js_rt_screen_common wbs_proc_poll: [js_screen_new_data] more launch_arg { file:page/home/home, arg_len:0 }
2026-06-04T12:34:06.845Z [L0]: 6/4 [0]12:34:06.446 I/SB wbs_proc_poll: gre_animation_create_tween: tween default_screen_enter already exist.
2026-06-04T12:34:06.847Z [L0]: 6/4 [0]12:34:06.447 I/SB wbs_proc_poll: gre_animation_create_tween: tween default_screen_exit already exist.
2026-06-04T12:34:06.849Z [L0]: 6/4 [0]12:34:06.447 I/js_rt_screen_app wbs_proc_poll: js_screen_app_lanuch2 start screen by flag 0 
2026-06-04T12:34:06.851Z [L0]: 6/4 [0]12:34:06.447 I/screen_manager wbs_proc_poll: startScreen JsApp9_Screen flag 0 state 1
2026-06-04T12:34:06.852Z [L0]: 6/4 [0]12:34:06.449 D/js_ui SBEngine: js_widget_setup_class_proto JsTemplate.group
2026-06-04T12:34:06.854Z [L0]: 6/4 [0]12:34:06.449 D/js_ui SBEngine: js_create_widget2 name:JsTemplate.group, id:154, widget JsAppEmpty3.jsw_154
2026-06-04T12:34:06.856Z [L0]: 6/4 [0]12:34:06.451 D/js_ui SBEngine: js_create_widget2 name:JsTemplate.image, id:155, widget JsAppEmpty3.jsw_154.jsw_155
2026-06-04T12:34:06.858Z [L0]: 6/4 [0]12:34:06.451 D/js_ui SBEngine: js_widget_setup_class_proto JsTemplate.text
2026-06-04T12:34:06.859Z [L0]: 6/4 [0]12:34:06.452 D/js_ui SBEngine: js_create_widget2 name:JsTemplate.text, id:156, widget JsAppEmpty3.jsw_154.jsw_156
2026-06-04T12:34:06.861Z [L0]: 6/4 [0]12:34:06.454 D/js_ui SBEngine: js_create_widget2 name:JsTemplate.text, id:157, widget JsAppEmpty3.jsw_154.jsw_157
2026-06-04T12:34:06.863Z [L0]: 6/4 [0]12:34:06.456 D/js_ui SBEngine: js_create_widget2 name:JsTemplate.image, id:158, widget JsAppEmpty3.jsw_154.jsw_158
2026-06-04T12:34:06.865Z [L0]: 6/4 [0]12:34:06.457 D/js_ui SBEngine: js_create_widget2 name:JsTemplate.image, id:159, widget JsAppEmpty3.jsw_154.jsw_159
2026-06-04T12:34:06.866Z [L0]: 6/4 [0]12:34:06.458 D/js_ui SBEngine: js_create_widget2 name:JsTemplate.image, id:160, widget JsAppEmpty3.jsw_154.jsw_160
2026-06-04T12:34:06.868Z [L0]: 6/4 [0]12:34:06.459 D/js_ui SBEngine: js_create_widget2 name:JsTemplate.text, id:161, widget JsAppEmpty3.jsw_154.jsw_161
2026-06-04T12:34:06.869Z [L0]: 6/4 [0]12:34:06.460 D/jsRtApkMng SBEngine: perf_update buildTime 26 ms
2026-06-04T12:34:06.871Z [L0]: 6/4 [0]12:34:06.460 I/js_runtime SBEngine: malloc_size:1209356 after load page
2026-06-04T12:34:06.873Z [L0]: 6/4 [0]12:34:06.460 I/js_view SBEngine: onScreenPreCreate end
2026-06-04T12:34:06.874Z [L0]: 6/4 [0]12:34:06.460 D/CLayout SBEngine: >>gr_notify_callback_context event=gre.screenhide.pre from JsApp8_Screen to LauncherScreen
2026-06-04T12:34:06.876Z [L0]: 6/4 [0]12:34:06.460 D/sb_screen_adapter SBEngine: onSBScreenPreDestory LauncherScreen
2026-06-04T12:34:06.878Z [L0]: 6/4 [0]12:34:06.460 D/wf_js_layer SBEngine: updateDataOnInactive start
2026-06-04T12:34:06.880Z [L0]: 6/4 [0]12:34:06.460 D/js_rt_screen_common SBEngine: js_screen_suspend_app: screen suspend. pcid(200000001)
2026-06-04T12:34:06.881Z [L0]: 6/4 [0]12:34:06.460 I/jsRtApkMng SBEngine: js_rt_SuspendApp: pcid(200000001)
2026-06-04T12:34:06.883Z [L0]: 6/4 [0]12:34:06.460 D/jsMmStat SBEngine: [js_mm_stat_ctx_set] pcid: 700000001 -> 200000001
2026-06-04T12:34:06.884Z [L0]: 6/4 [0]12:34:06.461 D/jsRtApkMng SBEngine: switch_currentApp: pid: 7 -> 2 (appid 2DFF)
2026-06-04T12:34:06.886Z [L0]: 6/4 [0]12:34:06.461 D/js_rt_continer SBEngine: runContinerFunc: run Continer func: onPause
2026-06-04T12:34:06.888Z [L0]: 6/4 [0]12:34:06.461 D/jsMmStat SBEngine: get_mid found mid 1
2026-06-04T12:34:06.890Z [L0]: 6/4 [0]12:34:06.461 D/jsRtApkMng SBEngine: [js_rt_pcid_set] 700000001 -> 200000001
2026-06-04T12:34:06.891Z [L0]: 6/4 [0]12:34:06.462 D/js_timer SBEngine: _timer_on_pause pcid(200000001)
2026-06-04T12:34:06.893Z [L0]: 6/4 [0]12:34:06.462 D/JS_SETTING SBEngine: js_setting_pause (200000001)
2026-06-04T12:34:06.894Z [L0]: 6/4 [0]12:34:06.462 I/wf_simluator_data SBEngine: StData_unregisterListner: use current thread
2026-06-04T12:34:06.896Z [L0]: 6/4 [0]12:34:06.462 I/wf_simluator_data SBEngine: listener[0x10166f85] un register successfully
2026-06-04T12:34:06.897Z [L0]: 6/4 [0]12:34:06.462 D/step_data_manager SBEngine: _un_regist unregist sensor server 
2026-06-04T12:34:06.899Z [L0]: 6/4 [0]12:34:06.462 I/wf_simluator_data SBEngine: StData_unregisterListner: use current thread
2026-06-04T12:34:06.900Z [L0]: 6/4 [0]12:34:06.462 I/wf_simluator_data SBEngine: listener[0x101689dd] un register successfully
2026-06-04T12:34:06.901Z [L0]: 6/4 [0]12:34:06.463 D/jswea SBEngine: _un_regist unregist sensor server 
2026-06-04T12:34:06.902Z [L0]: 6/4 [0]12:34:06.463 I/wf_simluator_data SBEngine: StData_unregisterListner: use current thread
2026-06-04T12:34:06.903Z [L0]: 6/4 [0]12:34:06.463 I/wf_simluator_data SBEngine: listener[0x1016a9b9] un register successfully
2026-06-04T12:34:06.905Z [L0]: 6/4 [0]12:34:06.463 D/battey_data_manager SBEngine: _un_regist unregist sensor server 
2026-06-04T12:34:06.907Z [L0]: 6/4 [0]12:34:06.463 I/wf_simluator_data SBEngine: StData_unregisterListner: use current thread
2026-06-04T12:34:06.908Z [L0]: 6/4 [0]12:34:06.463 I/wf_simluator_data SBEngine: listener[0x10163699] un register successfully
2026-06-04T12:34:06.910Z [L0]: 6/4 [0]12:34:06.463 D/calorie_data_manager SBEngine: _un_regist unregist sensor server 
2026-06-04T12:34:06.911Z [L0]: 6/4 [0]12:34:06.463 I/wf_simluator_data SBEngine: StData_unregisterListner: use current thread
2026-06-04T12:34:06.913Z [L0]: 6/4 [0]12:34:06.464 I/wf_simluator_data SBEngine: listener[0x10163d1d] un register successfully
2026-06-04T12:34:06.914Z [L0]: 6/4 [0]12:34:06.464 E/MessageManger SBEngine: error listener 0x10169dd1
2026-06-04T12:34:06.916Z [L0]: 6/4 [0]12:34:06.464 I/quickjs-libc SBEngine: ui pause 
2026-06-04T12:34:06.917Z [L0]: 6/4 [0]12:34:06.464 D/js_sensor SBEngine: _pause_resume_process: sensor id: 0
2026-06-04T12:34:06.919Z [L0]: 6/4 [0]12:34:06.464 I/SYS_STAT_PT SBEngine: System_unregisterSPListner: use current thread
2026-06-04T12:34:06.920Z [L0]: 6/4 [0]12:34:06.464 I/widget_time_image SBEngine: touch JSW_EO_TIME_UPDATE 1
2026-06-04T12:34:06.922Z [L0]: 6/4 [0]12:34:06.465 D/timer_data_manager SBEngine: _regist timeConfig.repeatTime 800
2026-06-04T12:34:06.924Z [L0]: 6/4 [0]12:34:06.465 E/MessageManger SBEngine: error listener 0x10169dd1
2026-06-04T12:34:06.925Z [L0]: 6/4 [0]12:34:06.465 D/wf_js_layer SBEngine: updateDataOnInactive end
2026-06-04T12:34:06.927Z [L0]: 6/4 [0]12:34:06.465 D/LANCH SBEngine: launcher onScreenPause
2026-06-04T12:34:06.928Z [L0]: 6/4 [0]12:34:06.465 D/LANCH SBEngine: launcher onScreenPreDestory
2026-06-04T12:34:06.929Z [L0]: 6/4 [0]12:34:06.465 I/SASSTWG SBEngine: [onContainerPreDestroy] enter
2026-06-04T12:34:06.931Z [L0]: 6/4 [0]12:34:06.466 I/SASSTWG SBEngine: g_smartIndexBuff is null or saved!!! func:saveSmartContainer LINE:1247
2026-06-04T12:34:06.931Z [L0]: 6/4 [0]12:34:06.466 I/SASSTWG SBEngine: [onContainerPreDestroy] end
2026-06-04T12:34:06.933Z [L0]: 6/4 [0]12:34:06.466 D/sb_screen_adapter SBEngine: OnDataSave LauncherScreen
2026-06-04T12:34:06.934Z [L0]: 6/4 [0]12:34:06.500 D/CLayout SBEngine: >>gr_notify_callback_context event=g.extern.task.event from JsApp8_Screen to LauncherScreen
2026-06-04T12:34:06.936Z [L0]: 6/4 [0]12:34:06.500 I/JS_app_manager SBEngine: [_apk_unload] unload images: /storage/data/js_apps/0010C8D9
2026-06-04T12:34:06.938Z [L0]: 6/4 [0]12:34:06.501 D/CLayout SBEngine: >>gr_notify_callback_context event=g.extern.task.event from JsApp8_Screen to LauncherScreen
2026-06-04T12:34:06.939Z [L0]: 6/4 [0]12:34:06.501 D/CLayout SBEngine: >>gr_notify_callback_context event=g.extern.task.event from JsApp8_Screen to LauncherScreen
2026-06-04T12:34:06.941Z [L0]: 6/4 [0]12:34:06.501 I/js_manager_event SBEngine: appid:0x0010C8D9, Permission[0]:device:os.local_storage
2026-06-04T12:34:06.942Z [L0]: 6/4 [0]12:34:06.501 I/js_manager_event SBEngine: appid:0x0010C8D9, Permission[1]:data:os.device.info
2026-06-04T12:34:06.944Z [L0]: 6/4 [0]12:34:06.501 I/js_manager_event SBEngine: appid:0x0010C8D9, Permission[2]:data:user.hd.workout
2026-06-04T12:34:06.945Z [L0]: 6/4 [0]12:34:06.502 D/CLayout SBEngine: >>gr_notify_callback_context event=g.extern.task.event from JsApp8_Screen to LauncherScreen
2026-06-04T12:34:06.946Z [L0]: 6/4 [0]12:34:06.502 I/JsPermission SBEngine: _on_apk_change flag 2 appid(0010C8D9)
2026-06-04T12:34:06.948Z [L0]: 6/4 [0]12:34:06.502 I/amPERMSN SBEngine: amUpdateStaticPermission for 1099993 , count 3
2026-06-04T12:34:06.949Z [L0]: 6/4 [0]12:34:06.502 D/Sharedp SBEngine: Sharedp_open: open hm_appmgr succeeded SHAREDP_ERROR_NONE!
2026-06-04T12:34:06.951Z [L0]: 6/4 [0]12:34:06.503 D/CLayout SBEngine: >>gr_notify_callback_context event=g.extern.task.event from JsApp8_Screen to LauncherScreen
2026-06-04T12:34:06.952Z [L0]: 6/4 [0]12:34:06.503 D/CLayout SBEngine: >>gr_notify_callback_context event=g.extern.task.event from JsApp8_Screen to LauncherScreen
2026-06-04T12:34:06.954Z [L0]: 6/4 [0]12:34:06.503 D/CLayout SBEngine: >>gr_notify_callback_context event=g.extern.task.event from JsApp8_Screen to LauncherScreen
2026-06-04T12:34:06.955Z [L0]: 6/4 [0]12:34:06.503 I/SASVC SBEngine: js app change type 2 id 1099993
2026-06-04T12:34:06.956Z [L0]: 6/4 [0]12:34:06.503 I/SASVC SBEngine: jsCardChangeProcess flag=2 appid=1099993
2026-06-04T12:34:06.958Z [L0]: 6/4 [0]12:34:06.503 D/CLayout SBEngine: >>gr_notify_callback_context event=g.extern.task.event from JsApp8_Screen to LauncherScreen
2026-06-04T12:34:06.959Z [L0]: 6/4 [0]12:34:06.504 I/ApplistService SBEngine: js app change type 2 id 1099993
2026-06-04T12:34:06.960Z [L0]: 6/4 [0]12:34:06.504 D/CLayout SBEngine: >>gr_notify_callback_context event=g.extern.task.event from JsApp8_Screen to LauncherScreen
2026-06-04T12:34:06.962Z [L0]: 6/4 [0]12:34:06.504 I/Set_Srv SBEngine: settingsSrv_jsAppChanged js app change type 2 id 1099993
2026-06-04T12:34:06.963Z [L0]: 6/4 [0]12:34:06.504 D/CLayout SBEngine: >>gr_notify_callback_context event=g.extern.task.event from JsApp8_Screen to LauncherScreen
2026-06-04T12:34:06.965Z [L0]: 6/4 [0]12:34:06.504 I/js_init SBEngine: _app_change_process flag=2 appid=1099993 
2026-06-04T12:34:06.966Z [L0]: 6/4 [0]12:34:06.504 D/CLayout SBEngine: >>gr_notify_callback_context event=g.extern.task.event from JsApp8_Screen to LauncherScreen
2026-06-04T12:34:06.967Z [L0]: 6/4 [0]12:34:06.504 D/CLayout SBEngine: >>gr_notify_callback_context event=g.extern.task.event from JsApp8_Screen to LauncherScreen
2026-06-04T12:34:06.969Z [L0]: 6/4 [0]12:34:06.505 I/screen_manager SBEngine: startScreen JsApp9_Screen flag 0 state 1
2026-06-04T12:34:06.970Z [L0]: 6/4 [0]12:34:06.505 I/screen_manager SBEngine: JsApp9_Screen abort for pending screen
2026-06-04T12:34:06.971Z [L0]: 6/4 [0]12:34:06.505 I/screen_manager SBEngine: new pending JsApp9_Screen
2026-06-04T12:34:06.972Z [L0]: 6/4 [0]12:34:06.505 I/js_fs_common W_TASK: [_deldir_worker] deleting path: /storage/data/js_apps/0010C8D9.del
2026-06-04T12:34:07.364Z [L0]: 6/4 [0]12:34:07.066 I/quickjs-libc SBEngine: current filepath: /page/home/home.js 
2026-06-04T12:34:09.529Z [L0]: [0]12:34:09.105 D/CLayout SBEngine: Creating object 0x8282c62c in 22,0,413,290 id 3(null)
2026-06-04T12:34:09.531Z [L0]: 6/4 [0]12:34:09.106 D/CLayout SBEngine: Creating object 0x8282c660 in 36,14,399,276 id 4(null)
2026-06-04T12:34:09.532Z [L0]: 6/4 [0]12:34:09.106 D/CLayout SBEngine: Creating object 0x8282c694 in 36,20,85,69 id 5(NotificationLayer.infinite_7.icon)
2026-06-04T12:34:09.534Z [L0]: 6/4 [0]12:34:09.106 D/CLayout SBEngine: Creating object 0x8282c6c8 in 36,14,399,276 id 6(null)
2026-06-04T12:34:09.535Z [L0]: 6/4 [0]12:34:09.106 D/CLayout SBEngine: Creating object 0x8282c6fc in 94,14,336,74 id 7(NotificationLayer.infinite_7.app_title)
2026-06-04T12:34:09.536Z [L0]: 6/4 [0]12:34:09.106 D/CLayout SBEngine: Creating object 0x8282c730 in 337,14,443,74 id 8(NotificationLayer.infinite_7.time)
2026-06-04T12:34:09.537Z [L0]: 6/4 [0]12:34:09.106 D/CLayout SBEngine: Creating object 0x8282c764 in 36,79,443,137 id 9(NotificationLayer.infinite_7.title)
2026-06-04T12:34:09.538Z [L0]: 6/4 [0]12:34:09.106 D/CLayout SBEngine: Creating object 0x8282c798 in 36,142,443,200 id 10(NotificationLayer.infinite_7.second_title)
2026-06-04T12:34:09.539Z [L0]: 6/4 [0]12:34:09.107 D/CLayout SBEngine: Creating object 0x8282c7cc in 36,205,443,281 id 11(NotificationLayer.infinite_7.analy_data)
2026-06-04T12:34:09.540Z [L0]: 6/4 [0]12:34:09.107 D/CLayout SBEngine: Creating object 0x8282c800 in 36,286,443,344 id 12(NotificationLayer.infinite_7.content)
2026-06-04T12:34:09.541Z [L0]: 6/4 [0]12:34:09.107 D/CLayout SBEngine: Creating object 0x8282c834 in 36,349,443,409 id 13(NotificationLayer.infinite_7.count)
2026-06-04T12:34:09.542Z [L0]: 6/4 [0]12:34:09.107 D/CLayout SBEngine: Creating object 0x8282c868 in 418,384,457,423 id 14(NotificationLayer.infinite_7.icon_top)
2026-06-04T12:34:09.544Z [L0]: 6/4 [0]12:34:09.107 D/CLayout SBEngine: Creating object 0x8282c89c in 22,0,457,423 id 15(NotificationLayer.infinite_7.notif_bg_color)
2026-06-04T12:34:09.545Z [L0]: 6/4 [0]12:34:09.107 D/CLayout SBEngine: Creating object 0x8282c8d0 in 22,0,457,423 id 16(NotificationLayer.infinite_7.touch_select)
2026-06-04T12:34:09.546Z [L0]: 6/4 [0]12:34:09.108 D/NOTFWG SBEngine: [addLayoutBranch] add branch NotificationLayer.infinite_7 -2115384160 
2026-06-04T12:34:09.548Z [L0]: 6/4 [0]12:34:09.108 D/CLayout SBEngine: Load layer list_layer
2026-06-04T12:34:09.549Z [L0]: 6/4 [0]12:34:09.108 D/CLayout SBEngine: Creating object 0x8282c904 in 0,800,435,1051 id 100(NotificationLayer.infinite_8)
2026-06-04T12:34:09.550Z [L0]: 6/4 [0]12:34:09.108 D/CLayout SBEngine: Creating object 0x8282c938 in 22,0,413,251 id 101(null)
2026-06-04T12:34:09.551Z [L0]: 6/4 [0]12:34:09.108 D/CLayout SBEngine: Creating object 0x8282c96c in 36,14,399,237 id 102(null)
2026-06-04T12:34:09.552Z [L0]: 6/4 [0]12:34:09.108 D/CLayout SBEngine: Creating object 0x8282c9a0 in 36,14,307,58 id 103(NotificationLayer.infinite_8.title)
2026-06-04T12:34:09.553Z [L0]: 6/4 [0]12:34:09.109 D/CLayout SBEngine: Creating object 0x8282c9d4 in 304,14,439,58 id 104(NotificationLayer.infinite_8.time)
2026-06-04T12:34:09.555Z [L0]: 6/4 [0]12:34:09.109 D/CLayout SBEngine: Creating object 0x8282ca08 in 36,194,443,229 id 105(NotificationLayer.infinite_8.second_title)
2026-06-04T12:34:09.556Z [L0]: 6/4 [0]12:34:09.109 D/CLayout SBEngine: Creating object 0x8282ca3c in 36,117,443,251 id 106(NotificationLayer.infinite_8.content)
2026-06-04T12:34:09.557Z [L0]: 6/4 [0]12:34:09.109 D/CLayout SBEngine: Creating object 0x8282ca70 in 22,0,457,116 id 107(NotificationLayer.infinite_8.notif_bg_color)
2026-06-04T12:34:09.558Z [L0]: 6/4 [0]12:34:09.109 D/CLayout SBEngine: Creating object 0x8282caa4 in 22,0,457,279 id 108(NotificationLayer.infinite_8.touch_select)
2026-06-04T12:34:09.559Z [L0]: 6/4 [0]12:34:09.110 D/NOTFWG SBEngine: [addLayoutBranch] add branch NotificationLayer.infinite_8 -2105358076 
2026-06-04T12:34:09.561Z [L0]: 6/4 [0]12:34:09.110 D/CLayout SBEngine: Load layer list_layer
2026-06-04T12:34:09.562Z [L0]: 6/4 [0]12:34:09.110 D/CLayout SBEngine: Creating object 0x8282cad8 in 0,800,435,1051 id 100(NotificationLayer.infinite_9)
2026-06-04T12:34:09.563Z [L0]: 6/4 [0]12:34:09.110 D/CLayout SBEngine: Creating object 0x8282cb0c in 22,0,413,251 id 101(null)
2026-06-04T12:34:09.564Z [L0]: 6/4 [0]12:34:09.110 D/CLayout SBEngine: Creating object 0x8282cb40 in 36,14,399,237 id 102(null)
2026-06-04T12:34:09.566Z [L0]: 6/4 [0]12:34:09.110 D/CLayout SBEngine: Creating object 0x8282cb74 in 36,14,307,58 id 103(NotificationLayer.infinite_9.title)
2026-06-04T12:34:09.567Z [L0]: 6/4 [0]12:34:09.110 D/CLayout SBEngine: Creating object 0x8282cba8 in 304,14,439,58 id 104(NotificationLayer.infinite_9.time)
2026-06-04T12:34:09.568Z [L0]: 6/4 [0]12:34:09.111 D/CLayout SBEngine: Creating object 0x8282cbdc in 36,194,443,229 id 105(NotificationLayer.infinite_9.second_title)
2026-06-04T12:34:09.569Z [L0]: 6/4 [0]12:34:09.111 D/CLayout SBEngine: Creating object 0x8282cc10 in 36,117,443,251 id 106(NotificationLayer.infinite_9.content)
2026-06-04T12:34:09.570Z [L0]: 6/4 [0]12:34:09.111 D/CLayout SBEngine: Creating object 0x8282cc44 in 22,0,457,116 id 107(NotificationLayer.infinite_9.notif_bg_color)
2026-06-04T12:34:09.571Z [L0]: 6/4 [0]12:34:09.111 D/CLayout SBEngine: Creating object 0x8282cc78 in 22,0,457,279 id 108(NotificationLayer.infinite_9.touch_select)
2026-06-04T12:34:09.572Z [L0]: 6/4 [0]12:34:09.111 D/NOTFWG SBEngine: [addLayoutBranch] add branch NotificationLayer.infinite_9 -2105357608 
2026-06-04T12:34:09.574Z [L0]: 6/4 [0]12:34:09.112 D/CLayout SBEngine: Load layer list_layer
2026-06-04T12:34:09.575Z [L0]: 6/4 [0]12:34:09.112 D/CLayout SBEngine: Creating object 0x8282ccac in 0,800,435,1051 id 100(NotificationLayer.infinite_10)
2026-06-04T12:34:09.576Z [L0]: 6/4 [0]12:34:09.112 D/CLayout SBEngine: Creating object 0x8282cce0 in 22,0,413,251 id 101(null)
2026-06-04T12:34:09.577Z [L0]: 6/4 [0]12:34:09.112 D/CLayout SBEngine: Creating object 0x8282cd14 in 36,14,399,237 id 102(null)
2026-06-04T12:34:09.578Z [L0]: 6/4 [0]12:34:09.112 D/CLayout SBEngine: Creating object 0x8282cd48 in 36,14,307,58 id 103(NotificationLayer.infinite_10.title)
2026-06-04T12:34:09.579Z [L0]: 6/4 [0]12:34:09.112 D/CLayout SBEngine: Creating object 0x8282cd7c in 304,14,439,58 id 104(NotificationLayer.infinite_10.time)
2026-06-04T12:34:09.581Z [L0]: 6/4 [0]12:34:09.112 D/CLayout SBEngine: Creating object 0x8282cdb0 in 36,194,443,229 id 105(NotificationLayer.infinite_10.second_title)
2026-06-04T12:34:09.582Z [L0]: 6/4 [0]12:34:09.113 D/CLayout SBEngine: Creating object 0x8282cde4 in 36,117,443,251 id 106(NotificationLayer.infinite_10.content)
2026-06-04T12:34:09.583Z [L0]: 6/4 [0]12:34:09.113 D/CLayout SBEngine: Creating object 0x8282ce18 in 22,0,457,116 id 107(NotificationLayer.infinite_10.notif_bg_color)
2026-06-04T12:34:09.584Z [L0]: 6/4 [0]12:34:09.113 D/CLayout SBEngine: Creating object 0x8282ce4c in 22,0,457,279 id 108(NotificationLayer.infinite_10.touch_select)
2026-06-04T12:34:09.586Z [L0]: 6/4 [0]12:34:09.113 D/NOTFWG SBEngine: [addLayoutBranch] add branch NotificationLayer.infinite_10 -2105357140 
2026-06-04T12:34:09.586Z [L0]: 6/4 [0]12:34:09.113 D/CLayout SBEngine: Load layer list_layer
2026-06-04T12:34:09.588Z [L0]: 6/4 [0]12:34:09.114 D/CLayout SBEngine: Creating object 0x8282ce80 in 0,800,435,1051 id 100(NotificationLayer.infinite_11)
2026-06-04T12:34:09.589Z [L0]: 6/4 [0]12:34:09.114 D/CLayout SBEngine: Creating object 0x8282ceb4 in 22,0,413,251 id 101(null)
2026-06-04T12:34:09.589Z [L0]: 6/4 [0]12:34:09.114 D/CLayout SBEngine: Creating object 0x8282cee8 in 36,14,399,237 id 102(null)
2026-06-04T12:34:09.590Z [L0]: 6/4 [0]12:34:09.114 D/CLayout SBEngine: Creating object 0x8282cf1c in 36,14,307,58 id 103(NotificationLayer.infinite_11.title)
2026-06-04T12:34:09.591Z [L0]: 6/4 [0]12:34:09.114 D/CLayout SBEngine: Creating object 0x8282cf50 in 304,14,439,58 id 104(NotificationLayer.infinite_11.time)
2026-06-04T12:34:09.592Z [L0]: 6/4 [0]12:34:09.114 D/CLayout SBEngine: Creating object 0x8282cf84 in 36,194,443,229 id 105(NotificationLayer.infinite_11.second_title)
2026-06-04T12:34:09.593Z [L0]: 6/4 [0]12:34:09.115 D/CLayout SBEngine: Creating object 0x8282cfb8 in 36,117,443,251 id 106(NotificationLayer.infinite_11.content)
2026-06-04T12:34:09.594Z [L0]: 6/4 [0]12:34:09.115 D/CLayout SBEngine: Creating object 0x8282cfec in 22,0,457,116 id 107(NotificationLayer.infinite_11.notif_bg_color)
2026-06-04T12:34:09.595Z [L0]: 6/4 [0]12:34:09.115 D/CLayout SBEngine: Creating object 0x8282d020 in 22,0,457,279 id 108(NotificationLayer.infinite_11.touch_select)
2026-06-04T12:34:09.596Z [L0]: 6/4 [0]12:34:09.115 D/NOTFWG SBEngine: [addLayoutBranch] add branch NotificationLayer.infinite_11 -2105356672 
2026-06-04T12:34:09.597Z [L0]: 6/4 [0]12:34:09.115 D/CLayout SBEngine: Load layer list_layer
2026-06-04T12:34:09.598Z [L0]: 6/4 [0]12:34:09.116 D/CLayout SBEngine: Creating object 0x8282d054 in 0,800,435,1051 id 100(NotificationLayer.infinite_12)
2026-06-04T12:34:09.599Z [L0]: 6/4 [0]12:34:09.116 D/CLayout SBEngine: Creating object 0x8282d088 in 22,0,413,251 id 101(null)
2026-06-04T12:34:09.601Z [L0]: 6/4 [0]12:34:09.116 D/CLayout SBEngine: Creating object 0x8282d0bc in 36,14,399,237 id 102(null)
2026-06-04T12:34:09.602Z [L0]: 6/4 [0]12:34:09.116 D/CLayout SBEngine: Creating object 0x8282d0f0 in 36,14,307,58 id 103(NotificationLayer.infinite_12.title)
2026-06-04T12:34:09.603Z [L0]: 6/4 [0]12:34:09.116 D/CLayout SBEngine: Creating object 0x8282d124 in 304,14,439,58 id 104(NotificationLayer.infinite_12.time)
2026-06-04T12:34:09.604Z [L0]: 6/4 [0]12:34:09.116 D/CLayout SBEngine: Creating object 0x8282d158 in 36,194,443,229 id 105(NotificationLayer.infinite_12.second_title)
2026-06-04T12:34:09.605Z [L0]: 6/4 [0]12:34:09.116 D/CLayout SBEngine: Creating object 0x8282d18c in 36,117,443,251 id 106(NotificationLayer.infinite_12.content)
2026-06-04T12:34:09.606Z [L0]: 6/4 [0]12:34:09.117 D/CLayout SBEngine: Creating object 0x8282d1c0 in 22,0,457,116 id 107(NotificationLayer.infinite_12.notif_bg_color)
2026-06-04T12:34:09.607Z [L0]: 6/4 [0]12:34:09.117 D/CLayout SBEngine: Creating object 0x8282d1f4 in 22,0,457,279 id 108(NotificationLayer.infinite_12.touch_select)
2026-06-04T12:34:09.608Z [L0]: 6/4 [0]12:34:09.117 D/NOTFWG SBEngine: [addLayoutBranch] add branch NotificationLayer.infinite_12 -2105356204 
2026-06-04T12:34:09.609Z [L0]: 6/4 [0]12:34:09.117 D/CLayout SBEngine: Load layer list_layer
2026-06-04T12:34:09.610Z [L0]: 6/4 [0]12:34:09.117 D/CLayout SBEngine: Creating object 0x8282d228 in 0,800,435,1051 id 100(NotificationLayer.infinite_13)
2026-06-04T12:34:09.611Z [L0]: 6/4 [0]12:34:09.117 D/CLayout SBEngine: Creating object 0x8282d25c in 22,0,413,251 id 101(null)
2026-06-04T12:34:09.612Z [L0]: 6/4 [0]12:34:09.118 D/CLayout SBEngine: Creating object 0x8282d290 in 36,14,399,237 id 102(null)
2026-06-04T12:34:09.613Z [L0]: 6/4 [0]12:34:09.118 D/CLayout SBEngine: Creating object 0x8282d2c4 in 36,14,307,58 id 103(NotificationLayer.infinite_13.title)
2026-06-04T12:34:09.613Z [L0]: 6/4 [0]12:34:09.118 D/CLayout SBEngine: Creating object 0x8282d2f8 in 304,14,439,58 id 104(NotificationLayer.infinite_13.time)
2026-06-04T12:34:09.614Z [L0]: 6/4 [0]12:34:09.118 D/CLayout SBEngine: Creating object 0x8282d32c in 36,194,443,229 id 105(NotificationLayer.infinite_13.second_title)
2026-06-04T12:34:09.615Z [L0]: 6/4 [0]12:34:09.118 D/CLayout SBEngine: Creating object 0x8282d360 in 36,117,443,251 id 106(NotificationLayer.infinite_13.content)
2026-06-04T12:34:09.617Z [L0]: 6/4 [0]12:34:09.118 D/CLayout SBEngine: Creating object 0x8282d394 in 22,0,457,116 id 107(NotificationLayer.infinite_13.notif_bg_color)
2026-06-04T12:34:09.618Z [L0]: 6/4 [0]12:34:09.119 D/CLayout SBEngine: Creating object 0x8282d3c8 in 22,0,457,279 id 108(NotificationLayer.infinite_13.touch_select)
2026-06-04T12:34:09.619Z [L0]: 6/4 [0]12:34:09.119 D/NOTFWG SBEngine: [addLayoutBranch] add branch NotificationLayer.infinite_13 -2105355736 
2026-06-04T12:34:09.620Z [L0]: 6/4 [0]12:34:09.119 D/CLayout SBEngine: Load layer list_layer
2026-06-04T12:34:09.621Z [L0]: 6/4 [0]12:34:09.119 D/CLayout SBEngine: Creating object 0x8282d3fc in 0,800,435,1051 id 100(NotificationLayer.infinite_14)
2026-06-04T12:34:09.622Z [L0]: 6/4 [0]12:34:09.119 D/CLayout SBEngine: Creating object 0x8282d430 in 22,0,413,251 id 101(null)
2026-06-04T12:34:09.623Z [L0]: 6/4 [0]12:34:09.119 D/CLayout SBEngine: Creating object 0x8282d464 in 36,14,399,237 id 102(null)
2026-06-04T12:34:09.624Z [L0]: 6/4 [0]12:34:09.119 D/CLayout SBEngine: Creating object 0x8282d498 in 36,14,307,58 id 103(NotificationLayer.infinite_14.title)
2026-06-04T12:34:09.625Z [L0]: 6/4 [0]12:34:09.120 D/CLayout SBEngine: Creating object 0x8282d4cc in 304,14,439,58 id 104(NotificationLayer.infinite_14.time)
2026-06-04T12:34:09.626Z [L0]: 6/4 [0]12:34:09.120 D/CLayout SBEngine: Creating object 0x8282d500 in 36,194,443,229 id 105(NotificationLayer.infinite_14.second_title)
2026-06-04T12:34:09.627Z [L0]: 6/4 [0]12:34:09.120 D/CLayout SBEngine: Creating object 0x8282d534 in 36,117,443,251 id 106(NotificationLayer.infinite_14.content)
2026-06-04T12:34:09.628Z [L0]: 6/4 [0]12:34:09.120 D/CLayout SBEngine: Creating object 0x8282d568 in 22,0,457,116 id 107(NotificationLayer.infinite_14.notif_bg_color)
2026-06-04T12:34:09.629Z [L0]: 6/4 [0]12:34:09.120 D/CLayout SBEngine: Creating object 0x8282d59c in 22,0,457,279 id 108(NotificationLayer.infinite_14.touch_select)
2026-06-04T12:34:09.629Z [L0]: 6/4 [0]12:34:09.121 D/NOTFWG SBEngine: [addLayoutBranch] add branch NotificationLayer.infinite_14 -2105355268 
2026-06-04T12:34:09.630Z [L0]: 6/4 [0]12:34:09.121 D/CLayout SBEngine: Load layer list_layer
2026-06-04T12:34:09.631Z [L0]: 6/4 [0]12:34:09.121 D/CLayout SBEngine: Creating object 0x8282d5d0 in 0,800,435,1051 id 100(NotificationLayer.infinite_15)
2026-06-04T12:34:09.632Z [L0]: 6/4 [0]12:34:09.121 D/CLayout SBEngine: Creating object 0x8282d604 in 22,0,413,251 id 101(null)
2026-06-04T12:34:09.634Z [L0]: 6/4 [0]12:34:09.121 D/CLayout SBEngine: Creating object 0x8282d638 in 36,14,399,237 id 102(null)
2026-06-04T12:34:09.635Z [L0]: 6/4 [0]12:34:09.121 D/CLayout SBEngine: Creating object 0x8282d66c in 36,14,307,58 id 103(NotificationLayer.infinite_15.title)
2026-06-04T12:34:09.636Z [L0]: 6/4 [0]12:34:09.122 D/CLayout SBEngine: Creating object 0x8282d6a0 in 304,14,439,58 id 104(NotificationLayer.infinite_15.time)
2026-06-04T12:34:09.637Z [L0]: 6/4 [0]12:34:09.122 D/CLayout SBEngine: Creating object 0x8282d6d4 in 36,194,443,229 id 105(NotificationLayer.infinite_15.second_title)
2026-06-04T12:34:09.637Z [L0]: 6/4 [0]12:34:09.122 D/CLayout SBEngine: Creating object 0x8282d708 in 36,117,443,251 id 106(NotificationLayer.infinite_15.content)
2026-06-04T12:34:09.638Z [L0]: 6/4 [0]12:34:09.122 D/CLayout SBEngine: Creating object 0x8282d73c in 22,0,457,116 id 107(NotificationLayer.infinite_15.notif_bg_color)
2026-06-04T12:34:09.639Z [L0]: 6/4 [0]12:34:09.122 D/CLayout SBEngine: Creating object 0x8282d770 in 22,0,457,279 id 108(NotificationLayer.infinite_15.touch_select)
2026-06-04T12:34:09.640Z [L0]: 6/4 [0]12:34:09.123 D/NOTFWG SBEngine: [addLayoutBranch] add branch NotificationLayer.infinite_15 -2105354800 
2026-06-04T12:34:09.642Z [L0]: 6/4 [0]12:34:09.123 D/CLayout SBEngine: Load layer list_layer
2026-06-04T12:34:09.643Z [L0]: 6/4 [0]12:34:09.123 D/CLayout SBEngine: Creating object 0x8282d7a4 in 0,800,435,1051 id 100(NotificationLayer.infinite_16)
2026-06-04T12:34:09.643Z [L0]: 6/4 [0]12:34:09.123 D/CLayout SBEngine: Creating object 0x8282d7d8 in 22,0,413,251 id 101(null)
2026-06-04T12:34:09.645Z [L0]: 6/4 [0]12:34:09.123 D/CLayout SBEngine: Creating object 0x8282d80c in 36,14,399,237 id 102(null)
2026-06-04T12:34:09.646Z [L0]: 6/4 [0]12:34:09.123 D/CLayout SBEngine: Creating object 0x8282d840 in 36,14,307,58 id 103(NotificationLayer.infinite_16.title)
2026-06-04T12:34:09.647Z [L0]: 6/4 [0]12:34:09.124 D/CLayout SBEngine: Creating object 0x8282d874 in 304,14,439,58 id 104(NotificationLayer.infinite_16.time)
2026-06-04T12:34:09.647Z [L0]: 6/4 [0]12:34:09.124 D/CLayout SBEngine: Creating object 0x8282d8a8 in 36,194,443,229 id 105(NotificationLayer.infinite_16.second_title)
2026-06-04T12:34:09.648Z [L0]: 6/4 [0]12:34:09.124 D/CLayout SBEngine: Creating object 0x8282d8dc in 36,117,443,251 id 106(NotificationLayer.infinite_16.content)
2026-06-04T12:34:09.649Z [L0]: 6/4 [0]12:34:09.124 D/CLayout SBEngine: Creating object 0x8282d910 in 22,0,457,116 id 107(NotificationLayer.infinite_16.notif_bg_color)
2026-06-04T12:34:09.650Z [L0]: 6/4 [0]12:34:09.124 D/CLayout SBEngine: Creating object 0x8282d944 in 22,0,457,279 id 108(NotificationLayer.infinite_16.touch_select)
2026-06-04T12:34:09.651Z [L0]: 6/4 [0]12:34:09.124 D/NOTFWG SBEngine: [addLayoutBranch] add branch NotificationLayer.infinite_16 -2105354332 
2026-06-04T12:34:09.652Z [L0]: 6/4 [0]12:34:09.125 D/CLayout SBEngine: Load layer list_layer
2026-06-04T12:34:09.653Z [L0]: 6/4 [0]12:34:09.125 D/CLayout SBEngine: Creating object 0x8282d978 in 0,800,435,1051 id 100(NotificationLayer.infinite_17)
2026-06-04T12:34:09.653Z [L0]: 6/4 [0]12:34:09.125 D/CLayout SBEngine: Creating object 0x8282d9ac in 22,0,413,251 id 101(null)
2026-06-04T12:34:09.654Z [L0]: 6/4 [0]12:34:09.125 D/CLayout SBEngine: Creating object 0x8282d9e0 in 36,14,399,237 id 102(null)
2026-06-04T12:34:09.654Z [L0]: 6/4 [0]12:34:09.125 D/CLayout SBEngine: Creating object 0x8282da14 in 36,14,307,58 id 103(NotificationLayer.infinite_17.title)
2026-06-04T12:34:09.655Z [L0]: 6/4 [0]12:34:09.125 D/CLayout SBEngine: Creating object 0x8282da48 in 304,14,439,58 id 104(NotificationLayer.infinite_17.time)
2026-06-04T12:34:09.656Z [L0]: 6/4 [0]12:34:09.126 D/CLayout SBEngine: Creating object 0x8282da7c in 36,194,443,229 id 105(NotificationLayer.infinite_17.second_title)
2026-06-04T12:34:09.657Z [L0]: 6/4 [0]12:34:09.126 D/CLayout SBEngine: Creating object 0x8282dab0 in 36,117,443,251 id 106(NotificationLayer.infinite_17.content)
2026-06-04T12:34:09.658Z [L0]: 6/4 [0]12:34:09.126 D/CLayout SBEngine: Creating object 0x8282dae4 in 22,0,457,116 id 107(NotificationLayer.infinite_17.notif_bg_color)
2026-06-04T12:34:09.659Z [L0]: 6/4 [0]12:34:09.126 D/CLayout SBEngine: Creating object 0x8282db18 in 22,0,457,279 id 108(NotificationLayer.infinite_17.touch_select)
2026-06-04T12:34:09.661Z [L0]: 6/4 [0]12:34:09.127 D/NOTFWG SBEngine: [addLayoutBranch] add branch NotificationLayer.infinite_17 -2105353864 
2026-06-04T12:34:09.661Z [L0]: 6/4 [0]12:34:09.127 D/CLayout SBEngine: Load layer list_layer
2026-06-04T12:34:09.662Z [L0]: 6/4 [0]12:34:09.127 D/CLayout SBEngine: Creating object 0x8282db4c in 0,800,435,1051 id 100(NotificationLayer.infinite_18)
2026-06-04T12:34:09.663Z [L0]: 6/4 [0]12:34:09.127 D/CLayout SBEngine: Creating object 0x8282db80 in 22,0,413,251 id 101(null)
2026-06-04T12:34:09.664Z [L0]: 6/4 [0]12:34:09.127 D/CLayout SBEngine: Creating object 0x8282dbb4 in 36,14,399,237 id 102(null)
2026-06-04T12:34:09.665Z [L0]: 6/4 [0]12:34:09.128 D/CLayout SBEngine: Creating object 0x8282dbe8 in 36,14,307,58 id 103(NotificationLayer.infinite_18.title)
2026-06-04T12:34:09.665Z [L0]: 6/4 [0]12:34:09.128 D/CLayout SBEngine: Creating object 0x8282dc1c in 304,14,439,58 id 104(NotificationLayer.infinite_18.time)
2026-06-04T12:34:09.667Z [L0]: 6/4 [0]12:34:09.128 D/CLayout SBEngine: Creating object 0x8282dc50 in 36,194,443,229 id 105(NotificationLayer.infinite_18.second_title)
2026-06-04T12:34:09.667Z [L0]: 6/4 [0]12:34:09.128 D/CLayout SBEngine: Creating object 0x8282dc84 in 36,117,443,251 id 106(NotificationLayer.infinite_18.content)
2026-06-04T12:34:09.668Z [L0]: 6/4 [0]12:34:09.128 D/CLayout SBEngine: Creating object 0x8282dcb8 in 22,0,457,116 id 107(NotificationLayer.infinite_18.notif_bg_color)
2026-06-04T12:34:09.670Z [L0]: 6/4 [0]12:34:09.128 D/CLayout SBEngine: Creating object 0x8282dcec in 22,0,457,279 id 108(NotificationLayer.infinite_18.touch_select)
2026-06-04T12:34:09.671Z [L0]: 6/4 [0]12:34:09.129 D/NOTFWG SBEngine: [addLayoutBranch] add branch NotificationLayer.infinite_18 -2105353396 
2026-06-04T12:34:09.672Z [L0]: 6/4 [0]12:34:09.129 D/CLayout SBEngine: Load layer list_layer
2026-06-04T12:34:09.673Z [L0]: 6/4 [0]12:34:09.129 D/CLayout SBEngine: Creating object 0x8282dd20 in 0,800,435,1051 id 100(NotificationLayer.infinite_19)
2026-06-04T12:34:09.673Z [L0]: 6/4 [0]12:34:09.129 D/CLayout SBEngine: Creating object 0x8282dd54 in 22,0,413,251 id 101(null)
2026-06-04T12:34:09.674Z [L0]: 6/4 [0]12:34:09.129 D/CLayout SBEngine: Creating object 0x8282dd88 in 36,14,399,237 id 102(null)
2026-06-04T12:34:09.675Z [L0]: 6/4 [0]12:34:09.129 D/CLayout SBEngine: Creating object 0x8282ddbc in 36,14,307,58 id 103(NotificationLayer.infinite_19.title)
2026-06-04T12:34:09.676Z [L0]: 6/4 [0]12:34:09.129 D/CLayout SBEngine: Creating object 0x8282ddf0 in 304,14,439,58 id 104(NotificationLayer.infinite_19.time)
2026-06-04T12:34:09.677Z [L0]: 6/4 [0]12:34:09.130 D/CLayout SBEngine: Creating object 0x8282de24 in 36,194,443,229 id 105(NotificationLayer.infinite_19.second_title)
2026-06-04T12:34:09.678Z [L0]: 6/4 [0]12:34:09.130 D/CLayout SBEngine: Creating object 0x8282de58 in 36,117,443,251 id 106(NotificationLayer.infinite_19.content)
2026-06-04T12:34:09.679Z [L0]: 6/4 [0]12:34:09.130 D/CLayout SBEngine: Creating object 0x8282de8c in 22,0,457,116 id 107(NotificationLayer.infinite_19.notif_bg_color)
2026-06-04T12:34:09.680Z [L0]: 6/4 [0]12:34:09.130 D/CLayout SBEngine: Creating object 0x8282dec0 in 22,0,457,279 id 108(NotificationLayer.infinite_19.touch_select)
2026-06-04T12:34:09.681Z [L0]: 6/4 [0]12:34:09.130 D/NOTFWG SBEngine: [addLayoutBranch] add branch NotificationLayer.infinite_19 -2105352928 
2026-06-04T12:34:09.682Z [L0]: 6/4 [0]12:34:09.131 D/CLayout SBEngine: Load layer list_layer
2026-06-04T12:34:09.683Z [L0]: 6/4 [0]12:34:09.131 D/CLayout SBEngine: Creating object 0x8282def4 in 0,800,493,1039 id 201(NotificationLayer.infinite_20)
2026-06-04T12:34:09.684Z [L0]: 6/4 [0]12:34:09.131 D/CLayout SBEngine: Creating object 0x8282df28 in 22,0,471,239 id 202(null)
2026-06-04T12:34:09.685Z [L0]: 6/4 [0]12:34:09.131 D/CLayout SBEngine: Creating object 0x8282df5c in 36,14,443,58 id 203(NotificationLayer.infinite_20.title)
2026-06-04T12:34:09.686Z [L0]: 6/4 [0]12:34:09.131 D/CLayout SBEngine: Creating object 0x8282df90 in 36,14,515,53 id 204(NotificationLayer.infinite_20.time)
2026-06-04T12:34:09.687Z [L0]: 6/4 [0]12:34:09.131 D/CLayout SBEngine: Creating object 0x8282dfc4 in 36,194,443,229 id 205(NotificationLayer.infinite_20.second_title)
2026-06-04T12:34:09.688Z [L0]: 6/4 [0]12:34:09.131 D/CLayout SBEngine: Creating object 0x8282dff8 in 36,324,275,483 id 206(NotificationLayer.infinite_20.content_image)
2026-06-04T12:34:09.689Z [L0]: 6/4 [0]12:34:09.132 D/CLayout SBEngine: Creating object 0x8282e02c in 36,161,443,196 id 207(NotificationLayer.infinite_20.content)
2026-06-04T12:34:09.690Z [L0]: 6/4 [0]12:34:09.132 D/CLayout SBEngine: Creating object 0x8282e060 in 36,324,443,339 id 208(NotificationLayer.infinite_20.line)
2026-06-04T12:34:09.691Z [L0]: 6/4 [0]12:34:09.132 D/CLayout SBEngine: Creating object 0x8282e094 in 36,324,275,483 id 209(NotificationLayer.infinite_20.content_image1)
2026-06-04T12:34:09.691Z [L0]: 6/4 [0]12:34:09.132 D/CLayout SBEngine: Creating object 0x8282e0c8 in 36,161,443,196 id 210(NotificationLayer.infinite_20.content1)
2026-06-04T12:34:09.693Z [L0]: 6/4 [0]12:34:09.132 D/CLayout SBEngine: Creating object 0x8282e0fc in 36,324,443,339 id 211(NotificationLayer.infinite_20.line1)
2026-06-04T12:34:09.694Z [L0]: 6/4 [0]12:34:09.133 D/CLayout SBEngine: Creating object 0x8282e130 in 36,324,275,483 id 212(NotificationLayer.infinite_20.content_image2)
2026-06-04T12:34:09.695Z [L0]: 6/4 [0]12:34:09.133 D/CLayout SBEngine: Creating object 0x8282e164 in 36,161,443,196 id 213(NotificationLayer.infinite_20.content2)
2026-06-04T12:34:09.696Z [L0]: 6/4 [0]12:34:09.133 D/CLayout SBEngine: Creating object 0x8282e198 in 36,324,443,339 id 214(NotificationLayer.infinite_20.line2)
2026-06-04T12:34:09.697Z [L0]: 6/4 [0]12:34:09.133 D/CLayout SBEngine: Creating object 0x8282e1cc in 36,324,275,483 id 215(NotificationLayer.infinite_20.content_image3)
2026-06-04T12:34:09.698Z [L0]: 6/4 [0]12:34:09.133 D/CLayout SBEngine: Creating object 0x8282e200 in 36,161,443,196 id 216(NotificationLayer.infinite_20.content3)
2026-06-04T12:34:09.698Z [L0]: 6/4 [0]12:34:09.133 D/CLayout SBEngine: Creating object 0x8282e234 in 36,324,443,339 id 217(NotificationLayer.infinite_20.line3)
2026-06-04T12:34:09.699Z [L0]: 6/4 [0]12:34:09.134 D/CLayout SBEngine: Creating object 0x8282e268 in 36,324,275,483 id 218(NotificationLayer.infinite_20.content_image4)
2026-06-04T12:34:09.700Z [L0]: 6/4 [0]12:34:09.134 D/CLayout SBEngine: Creating object 0x8282e29c in 36,161,443,196 id 219(NotificationLayer.infinite_20.content4)
2026-06-04T12:34:09.701Z [L0]: 6/4 [0]12:34:09.134 D/CLayout SBEngine: Creating object 0x8282e2d0 in 36,324,443,339 id 220(NotificationLayer.infinite_20.line4)
2026-06-04T12:34:09.702Z [L0]: 6/4 [0]12:34:09.134 D/CLayout SBEngine: Creating object 0x8282e304 in 36,324,275,483 id 221(NotificationLayer.infinite_20.content_image5)
2026-06-04T12:34:09.703Z [L0]: 6/4 [0]12:34:09.134 D/CLayout SBEngine: Creating object 0x8282e338 in 36,161,443,196 id 222(NotificationLayer.infinite_20.content5)
2026-06-04T12:34:09.704Z [L0]: 6/4 [0]12:34:09.135 D/CLayout SBEngine: Creating object 0x8282e36c in 36,324,443,339 id 223(NotificationLayer.infinite_20.line5)
2026-06-04T12:34:09.705Z [L0]: 6/4 [0]12:34:09.135 D/CLayout SBEngine: Creating object 0x8282e3a0 in 36,324,275,483 id 224(NotificationLayer.infinite_20.content_image6)
2026-06-04T12:34:09.706Z [L0]: 6/4 [0]12:34:09.135 D/CLayout SBEngine: Creating object 0x8282e3d4 in 36,161,443,196 id 225(NotificationLayer.infinite_20.content6)
2026-06-04T12:34:09.707Z [L0]: 6/4 [0]12:34:09.135 D/CLayout SBEngine: Creating object 0x8282e408 in 22,242,429,319 id 226(NotificationLayer.infinite_20.textBtn)
2026-06-04T12:34:09.708Z [L0]: 6/4 [0]12:34:09.135 D/CLayout SBEngine: Creating render 0x8282e43c in 14,4,380,63 id 227(NotificationLayer.infinite_20.textBtn:0)
2026-06-04T12:34:09.709Z [L0]: 6/4 [0]12:34:09.135 D/CLayout SBEngine: Creating render 0x8282e470 in 367,18,398,49 id 228(NotificationLayer.infinite_20.textBtn:1)
2026-06-04T12:34:09.709Z [L0]: 6/4 [0]12:34:09.136 D/CLayout SBEngine: Creating object 0x8282e4a4 in 418,242,457,281 id 229(NotificationLayer.infinite_20.icon_top)
2026-06-04T12:34:09.710Z [L0]: 6/4 [0]12:34:09.136 D/CLayout SBEngine: Creating object 0x8282e4d8 in 22,0,457,232 id 230(NotificationLayer.infinite_20.notif_bg_color)
2026-06-04T12:34:09.711Z [L0]: 6/4 [0]12:34:09.136 D/CLayout SBEngine: Creating object 0x8282e50c in 22,0,457,279 id 231(NotificationLayer.infinite_20.touch_select)
2026-06-04T12:34:09.713Z [L0]: 6/4 [0]12:34:09.136 D/NOTFWG SBEngine: [addLayoutBranch] add branch NotificationLayer.infinite_20 -2105352460 
2026-06-04T12:34:09.714Z [L0]: 6/4 [0]12:34:09.136 D/CLayout SBEngine: Load layer list_layer
2026-06-04T12:34:09.715Z [L0]: 6/4 [0]12:34:09.137 D/CLayout SBEngine: Creating object 0x8282e540 in 0,800,493,1039 id 201(NotificationLayer.infinite_21)
2026-06-04T12:34:09.716Z [L0]: 6/4 [0]12:34:09.137 D/CLayout SBEngine: Creating object 0x8282e574 in 22,0,471,239 id 202(null)
2026-06-04T12:34:09.716Z [L0]: 6/4 [0]12:34:09.137 D/CLayout SBEngine: Creating object 0x8282e5a8 in 36,14,443,58 id 203(NotificationLayer.infinite_21.title)
2026-06-04T12:34:09.717Z [L0]: 6/4 [0]12:34:09.137 D/CLayout SBEngine: Creating object 0x8282e5dc in 36,14,515,53 id 204(NotificationLayer.infinite_21.time)
2026-06-04T12:34:09.718Z [L0]: 6/4 [0]12:34:09.137 D/CLayout SBEngine: Creating object 0x82830634 in 36,194,443,229 id 205(NotificationLayer.infinite_21.second_title)
2026-06-04T12:34:09.720Z [L0]: 6/4 [0]12:34:09.137 D/CLayout SBEngine: Creating object 0x82830668 in 36,324,275,483 id 206(NotificationLayer.infinite_21.content_image)
2026-06-04T12:34:09.721Z [L0]: 6/4 [0]12:34:09.137 D/CLayout SBEngine: Creating object 0x8283069c in 36,161,443,196 id 207(NotificationLayer.infinite_21.content)
2026-06-04T12:34:09.722Z [L0]: 6/4 [0]12:34:09.138 D/CLayout SBEngine: Creating object 0x828306d0 in 36,324,443,339 id 208(NotificationLayer.infinite_21.line)
2026-06-04T12:34:09.723Z [L0]: 6/4 [0]12:34:09.138 D/CLayout SBEngine: Creating object 0x82830704 in 36,324,275,483 id 209(NotificationLayer.infinite_21.content_image1)
2026-06-04T12:34:09.724Z [L0]: 6/4 [0]12:34:09.138 D/CLayout SBEngine: Creating object 0x82830738 in 36,161,443,196 id 210(NotificationLayer.infinite_21.content1)
2026-06-04T12:34:09.725Z [L0]: 6/4 [0]12:34:09.138 D/CLayout SBEngine: Creating object 0x8283076c in 36,324,443,339 id 211(NotificationLayer.infinite_21.line1)
2026-06-04T12:34:09.726Z [L0]: 6/4 [0]12:34:09.138 D/CLayout SBEngine: Creating object 0x828307a0 in 36,324,275,483 id 212(NotificationLayer.infinite_21.content_image2)
2026-06-04T12:34:09.727Z [L0]: 6/4 [0]12:34:09.138 D/CLayout SBEngine: Creating object 0x828307d4 in 36,161,443,196 id 213(NotificationLayer.infinite_21.content2)
2026-06-04T12:34:09.728Z [L0]: 6/4 [0]12:34:09.139 D/CLayout SBEngine: Creating object 0x82830808 in 36,324,443,339 id 214(NotificationLayer.infinite_21.line2)
2026-06-04T12:34:09.728Z [L0]: 6/4 [0]12:34:09.139 D/CLayout SBEngine: Creating object 0x8283083c in 36,324,275,483 id 215(NotificationLayer.infinite_21.content_image3)
2026-06-04T12:34:09.729Z [L0]: 6/4 [0]12:34:09.139 D/CLayout SBEngine: Creating object 0x82830870 in 36,161,443,196 id 216(NotificationLayer.infinite_21.content3)
2026-06-04T12:34:09.730Z [L0]: 6/4 [0]12:34:09.139 D/CLayout SBEngine: Creating object 0x828308a4 in 36,324,443,339 id 217(NotificationLayer.infinite_21.line3)
2026-06-04T12:34:09.731Z [L0]: 6/4 [0]12:34:09.139 D/CLayout SBEngine: Creating object 0x828308d8 in 36,324,275,483 id 218(NotificationLayer.infinite_21.content_image4)
2026-06-04T12:34:09.732Z [L0]: 6/4 [0]12:34:09.140 D/CLayout SBEngine: Creating object 0x8283090c in 36,161,443,196 id 219(NotificationLayer.infinite_21.content4)
2026-06-04T12:34:09.733Z [L0]: 6/4 [0]12:34:09.140 D/CLayout SBEngine: Creating object 0x82830940 in 36,324,443,339 id 220(NotificationLayer.infinite_21.line4)
2026-06-04T12:34:09.734Z [L0]: 6/4 [0]12:34:09.140 D/CLayout SBEngine: Creating object 0x82830974 in 36,324,275,483 id 221(NotificationLayer.infinite_21.content_image5)
2026-06-04T12:34:09.735Z [L0]: 6/4 [0]12:34:09.140 D/CLayout SBEngine: Creating object 0x828309a8 in 36,161,443,196 id 222(NotificationLayer.infinite_21.content5)
2026-06-04T12:34:09.736Z [L0]: 6/4 [0]12:34:09.140 D/CLayout SBEngine: Creating object 0x828309dc in 36,324,443,339 id 223(NotificationLayer.infinite_21.line5)
2026-06-04T12:34:09.737Z [L0]: 6/4 [0]12:34:09.140 D/CLayout SBEngine: Creating object 0x82830a10 in 36,324,275,483 id 224(NotificationLayer.infinite_21.content_image6)
2026-06-04T12:34:09.738Z [L0]: 6/4 [0]12:34:09.141 D/CLayout SBEngine: Creating object 0x82830a44 in 36,161,443,196 id 225(NotificationLayer.infinite_21.content6)
2026-06-04T12:34:09.739Z [L0]: 6/4 [0]12:34:09.141 D/CLayout SBEngine: Creating object 0x82830a78 in 22,242,429,319 id 226(NotificationLayer.infinite_21.textBtn)
2026-06-04T12:34:09.740Z [L0]: 6/4 [0]12:34:09.141 D/CLayout SBEngine: Creating render 0x82830aac in 14,4,380,63 id 227(NotificationLayer.infinite_21.textBtn:0)
2026-06-04T12:34:09.741Z [L0]: 6/4 [0]12:34:09.141 D/CLayout SBEngine: Creating render 0x82830ae0 in 367,18,398,49 id 228(NotificationLayer.infinite_21.textBtn:1)
2026-06-04T12:34:09.742Z [L0]: 6/4 [0]12:34:09.141 D/CLayout SBEngine: Creating object 0x82830b14 in 418,242,457,281 id 229(NotificationLayer.infinite_21.icon_top)
2026-06-04T12:34:09.743Z [L0]: 6/4 [0]12:34:09.141 D/CLayout SBEngine: Creating object 0x82830b48 in 22,0,457,232 id 230(NotificationLayer.infinite_21.notif_bg_color)
2026-06-04T12:34:09.744Z [L0]: 6/4 [0]12:34:09.142 D/CLayout SBEngine: Creating object 0x82830b7c in 22,0,457,279 id 231(NotificationLayer.infinite_21.touch_select)
2026-06-04T12:34:09.745Z [L0]: 6/4 [0]12:34:09.142 D/NOTFWG SBEngine: [addLayoutBranch] add branch NotificationLayer.infinite_21 -2105350848 
2026-06-04T12:34:09.747Z [L0]: 6/4 [0]12:34:09.142 D/CLayout SBEngine: Load layer list_layer
2026-06-04T12:34:09.748Z [L0]: 6/4 [0]12:34:09.142 D/CLayout SBEngine: Creating object 0x82830bb0 in 0,800,493,1039 id 201(NotificationLayer.infinite_22)
2026-06-04T12:34:09.749Z [L0]: 6/4 [0]12:34:09.142 D/CLayout SBEngine: Creating object 0x82830be4 in 22,0,471,239 id 202(null)
2026-06-04T12:34:09.750Z [L0]: 6/4 [0]12:34:09.143 D/CLayout SBEngine: Creating object 0x82830c18 in 36,14,443,58 id 203(NotificationLayer.infinite_22.title)
2026-06-04T12:34:09.751Z [L0]: 6/4 [0]12:34:09.143 D/CLayout SBEngine: Creating object 0x82830c4c in 36,14,515,53 id 204(NotificationLayer.infinite_22.time)
2026-06-04T12:34:09.756Z [L0]: 6/4 [0]12:34:09.143 D/CLayout SBEngine: Creating object 0x82830c80 in 36,194,443,229 id 205(NotificationLayer.infinite_22.second_title)
2026-06-04T12:34:09.757Z [L0]: 6/4 [0]12:34:09.143 D/CLayout SBEngine: Creating object 0x82830cb4 in 36,324,275,483 id 206(NotificationLayer.infinite_22.content_image)
2026-06-04T12:34:09.758Z [L0]: 6/4 [0]12:34:09.143 D/CLayout SBEngine: Creating object 0x82830ce8 in 36,161,443,196 id 207(NotificationLayer.infinite_22.content)
2026-06-04T12:34:09.759Z [L0]: 6/4 [0]12:34:09.143 D/CLayout SBEngine: Creating object 0x82830d1c in 36,324,443,339 id 208(NotificationLayer.infinite_22.line)
2026-06-04T12:34:09.760Z [L0]: 6/4 [0]12:34:09.144 D/CLayout SBEngine: Creating object 0x82830d50 in 36,324,275,483 id 209(NotificationLayer.infinite_22.content_image1)
2026-06-04T12:34:09.761Z [L0]: 6/4 [0]12:34:09.144 D/CLayout SBEngine: Creating object 0x82830d84 in 36,161,443,196 id 210(NotificationLayer.infinite_22.content1)
2026-06-04T12:34:09.762Z [L0]: 6/4 [0]12:34:09.144 D/CLayout SBEngine: Creating object 0x82830db8 in 36,324,443,339 id 211(NotificationLayer.infinite_22.line1)
2026-06-04T12:34:09.763Z [L0]: 6/4 [0]12:34:09.144 D/CLayout SBEngine: Creating object 0x82830dec in 36,324,275,483 id 212(NotificationLayer.infinite_22.content_image2)
2026-06-04T12:34:09.764Z [L0]: 6/4 [0]12:34:09.145 D/CLayout SBEngine: Creating object 0x82830e20 in 36,161,443,196 id 213(NotificationLayer.infinite_22.content2)
2026-06-04T12:34:09.765Z [L0]: 6/4 [0]12:34:09.145 D/CLayout SBEngine: Creating object 0x82830e54 in 36,324,443,339 id 214(NotificationLayer.infinite_22.line2)
2026-06-04T12:34:09.766Z [L0]: 6/4 [0]12:34:09.145 D/CLayout SBEngine: Creating object 0x82830e88 in 36,324,275,483 id 215(NotificationLayer.infinite_22.content_image3)
2026-06-04T12:34:09.767Z [L0]: 6/4 [0]12:34:09.145 D/CLayout SBEngine: Creating object 0x82830ebc in 36,161,443,196 id 216(NotificationLayer.infinite_22.content3)
2026-06-04T12:34:09.767Z [L0]: 6/4 [0]12:34:09.145 D/CLayout SBEngine: Creating object 0x82830ef0 in 36,324,443,339 id 217(NotificationLayer.infinite_22.line3)
2026-06-04T12:34:09.768Z [L0]: 6/4 [0]12:34:09.146 D/CLayout SBEngine: Creating object 0x82830f24 in 36,324,275,483 id 218(NotificationLayer.infinite_22.content_image4)
2026-06-04T12:34:09.769Z [L0]: 6/4 [0]12:34:09.146 D/CLayout SBEngine: Creating object 0x82830f58 in 36,161,443,196 id 219(NotificationLayer.infinite_22.content4)
2026-06-04T12:34:09.769Z [L0]: 6/4 [0]12:34:09.146 D/CLayout SBEngine: Creating object 0x82830f8c in 36,324,443,339 id 220(NotificationLayer.infinite_22.line4)
2026-06-04T12:34:09.770Z [L0]: 6/4 [0]12:34:09.146 D/CLayout SBEngine: Creating object 0x82830fc0 in 36,324,275,483 id 221(NotificationLayer.infinite_22.content_image5)
2026-06-04T12:34:09.771Z [L0]: 6/4 [0]12:34:09.146 D/CLayout SBEngine: Creating object 0x82830ff4 in 36,161,443,196 id 222(NotificationLayer.infinite_22.content5)
2026-06-04T12:34:09.772Z [L0]: 6/4 [0]12:34:09.146 D/CLayout SBEngine: Creating object 0x82831028 in 36,324,443,339 id 223(NotificationLayer.infinite_22.line5)
2026-06-04T12:34:09.773Z [L0]: 6/4 [0]12:34:09.147 D/CLayout SBEngine: Creating object 0x8283105c in 36,324,275,483 id 224(NotificationLayer.infinite_22.content_image6)
2026-06-04T12:34:09.773Z [L0]: 6/4 [0]12:34:09.147 D/CLayout SBEngine: Creating object 0x82831090 in 36,161,443,196 id 225(NotificationLayer.infinite_22.content6)
2026-06-04T12:34:09.774Z [L0]: 6/4 [0]12:34:09.147 D/CLayout SBEngine: Creating object 0x828310c4 in 22,242,429,319 id 226(NotificationLayer.infinite_22.textBtn)
2026-06-04T12:34:09.774Z [L0]: 6/4 [0]12:34:09.147 D/CLayout SBEngine: Creating render 0x828310f8 in 14,4,380,63 id 227(NotificationLayer.infinite_22.textBtn:0)
2026-06-04T12:34:09.776Z [L0]: 6/4 [0]12:34:09.147 D/CLayout SBEngine: Creating render 0x8283112c in 367,18,398,49 id 228(NotificationLayer.infinite_22.textBtn:1)
2026-06-04T12:34:09.777Z [L0]: 6/4 [0]12:34:09.147 D/CLayout SBEngine: Creating object 0x82831160 in 418,242,457,281 id 229(NotificationLayer.infinite_22.icon_top)
2026-06-04T12:34:09.777Z [L0]: 6/4 [0]12:34:09.148 D/CLayout SBEngine: Creating object 0x82831194 in 22,0,457,232 id 230(NotificationLayer.infinite_22.notif_bg_color)
2026-06-04T12:34:09.778Z [L0]: 6/4 [0]12:34:09.148 D/CLayout SBEngine: Creating object 0x828311c8 in 22,0,457,279 id 231(NotificationLayer.infinite_22.touch_select)
2026-06-04T12:34:09.779Z [L0]: 6/4 [0]12:34:09.148 D/NOTFWG SBEngine: [addLayoutBranch] add branch NotificationLayer.infinite_22 -2105341008 
2026-06-04T12:34:09.780Z [L0]: 6/4 [0]12:34:09.148 D/CLayout SBEngine: Load layer list_layer
2026-06-04T12:34:09.781Z [L0]: 6/4 [0]12:34:09.148 D/CLayout SBEngine: Creating object 0x828311fc in 0,800,493,1039 id 201(NotificationLayer.infinite_23)
2026-06-04T12:34:09.782Z [L0]: 6/4 [0]12:34:09.149 D/CLayout SBEngine: Creating object 0x82831230 in 22,0,471,239 id 202(null)
2026-06-04T12:34:09.783Z [L0]: 6/4 [0]12:34:09.149 D/CLayout SBEngine: Creating object 0x82831264 in 36,14,443,58 id 203(NotificationLayer.infinite_23.title)
2026-06-04T12:34:09.783Z [L0]: 6/4 [0]12:34:09.149 D/CLayout SBEngine: Creating object 0x82831298 in 36,14,515,53 id 204(NotificationLayer.infinite_23.time)
2026-06-04T12:34:09.784Z [L0]: 6/4 [0]12:34:09.149 D/CLayout SBEngine: Creating object 0x828312cc in 36,194,443,229 id 205(NotificationLayer.infinite_23.second_title)
2026-06-04T12:34:09.785Z [L0]: 6/4 [0]12:34:09.149 D/CLayout SBEngine: Creating object 0x82831300 in 36,324,275,483 id 206(NotificationLayer.infinite_23.content_image)
2026-06-04T12:34:09.786Z [L0]: 6/4 [0]12:34:09.149 D/CLayout SBEngine: Creating object 0x82831334 in 36,161,443,196 id 207(NotificationLayer.infinite_23.content)
2026-06-04T12:34:09.787Z [L0]: 6/4 [0]12:34:09.149 D/CLayout SBEngine: Creating object 0x82831368 in 36,324,443,339 id 208(NotificationLayer.infinite_23.line)
2026-06-04T12:34:09.788Z [L0]: 6/4 [0]12:34:09.150 D/CLayout SBEngine: Creating object 0x8283139c in 36,324,275,483 id 209(NotificationLayer.infinite_23.content_image1)
2026-06-04T12:34:09.789Z [L0]: 6/4 [0]12:34:09.150 D/CLayout SBEngine: Creating object 0x828313d0 in 36,161,443,196 id 210(NotificationLayer.infinite_23.content1)
2026-06-04T12:34:09.790Z [L0]: 6/4 [0]12:34:09.150 D/CLayout SBEngine: Creating object 0x82831404 in 36,324,443,339 id 211(NotificationLayer.infinite_23.line1)
2026-06-04T12:34:09.791Z [L0]: 6/4 [0]12:34:09.150 D/CLayout SBEngine: Creating object 0x82831438 in 36,324,275,483 id 212(NotificationLayer.infinite_23.content_image2)
2026-06-04T12:34:09.792Z [L0]: 6/4 [0]12:34:09.150 D/CLayout SBEngine: Creating object 0x8283146c in 36,161,443,196 id 213(NotificationLayer.infinite_23.content2)
2026-06-04T12:34:09.792Z [L0]: 6/4 [0]12:34:09.151 D/CLayout SBEngine: Creating object 0x828314a0 in 36,324,443,339 id 214(NotificationLayer.infinite_23.line2)
2026-06-04T12:34:09.793Z [L0]: 6/4 [0]12:34:09.151 D/CLayout SBEngine: Creating object 0x828314d4 in 36,324,275,483 id 215(NotificationLayer.infinite_23.content_image3)
2026-06-04T12:34:09.794Z [L0]: 6/4 [0]12:34:09.151 D/CLayout SBEngine: Creating object 0x82831508 in 36,161,443,196 id 216(NotificationLayer.infinite_23.content3)
2026-06-04T12:34:09.795Z [L0]: 6/4 [0]12:34:09.151 D/CLayout SBEngine: Creating object 0x8283153c in 36,324,443,339 id 217(NotificationLayer.infinite_23.line3)
2026-06-04T12:34:09.796Z [L0]: 6/4 [0]12:34:09.151 D/CLayout SBEngine: Creating object 0x82831570 in 36,324,275,483 id 218(NotificationLayer.infinite_23.content_image4)
2026-06-04T12:34:09.797Z [L0]: 6/4 [0]12:34:09.151 D/CLayout SBEngine: Creating object 0x828315a4 in 36,161,443,196 id 219(NotificationLayer.infinite_23.content4)
2026-06-04T12:34:09.798Z [L0]: 6/4 [0]12:34:09.152 D/CLayout SBEngine: Creating object 0x828315d8 in 36,324,443,339 id 220(NotificationLayer.infinite_23.line4)
2026-06-04T12:34:09.798Z [L0]: 6/4 [0]12:34:09.152 D/CLayout SBEngine: Creating object 0x8283160c in 36,324,275,483 id 221(NotificationLayer.infinite_23.content_image5)
2026-06-04T12:34:09.799Z [L0]: 6/4 [0]12:34:09.152 D/CLayout SBEngine: Creating object 0x82831640 in 36,161,443,196 id 222(NotificationLayer.infinite_23.content5)
2026-06-04T12:34:09.800Z [L0]: 6/4 [0]12:34:09.152 D/CLayout SBEngine: Creating object 0x82831674 in 36,324,443,339 id 223(NotificationLayer.infinite_23.line5)
2026-06-04T12:34:09.801Z [L0]: 6/4 [0]12:34:09.152 D/CLayout SBEngine: Creating object 0x828316a8 in 36,324,275,483 id 224(NotificationLayer.infinite_23.content_image6)
2026-06-04T12:34:09.802Z [L0]: 6/4 [0]12:34:09.152 D/CLayout SBEngine: Creating object 0x828316dc in 36,161,443,196 id 225(NotificationLayer.infinite_23.content6)
2026-06-04T12:34:09.802Z [L0]: 6/4 [0]12:34:09.153 D/CLayout SBEngine: Creating object 0x82831710 in 22,242,429,319 id 226(NotificationLayer.infinite_23.textBtn)
2026-06-04T12:34:09.803Z [L0]: 6/4 [0]12:34:09.153 D/CLayout SBEngine: Creating render 0x82831744 in 14,4,380,63 id 227(NotificationLayer.infinite_23.textBtn:0)
2026-06-04T12:34:09.804Z [L0]: 6/4 [0]12:34:09.153 D/CLayout SBEngine: Creating render 0x82831778 in 367,18,398,49 id 228(NotificationLayer.infinite_23.textBtn:1)
2026-06-04T12:34:09.805Z [L0]: 6/4 [0]12:34:09.153 D/CLayout SBEngine: Creating object 0x828317ac in 418,242,457,281 id 229(NotificationLayer.infinite_23.icon_top)
2026-06-04T12:34:09.806Z [L0]: 6/4 [0]12:34:09.153 D/CLayout SBEngine: Creating object 0x828317e0 in 22,0,457,232 id 230(NotificationLayer.infinite_23.notif_bg_color)
2026-06-04T12:34:09.807Z [L0]: 6/4 [0]12:34:09.153 D/CLayout SBEngine: Creating object 0x82831814 in 22,0,457,279 id 231(NotificationLayer.infinite_23.touch_select)
2026-06-04T12:34:09.807Z [L0]: 6/4 [0]12:34:09.154 D/NOTFWG SBEngine: [addLayoutBranch] add branch NotificationLayer.infinite_23 -2105339396 
2026-06-04T12:34:09.808Z [L0]: 6/4 [0]12:34:09.154 D/CLayout SBEngine: Load layer list_layer
2026-06-04T12:34:09.809Z [L0]: 6/4 [0]12:34:09.154 D/CLayout SBEngine: Creating object 0x82831848 in 0,800,493,1039 id 201(NotificationLayer.infinite_24)
2026-06-04T12:34:09.809Z [L0]: 6/4 [0]12:34:09.154 D/CLayout SBEngine: Creating object 0x8283187c in 22,0,471,239 id 202(null)
2026-06-04T12:34:09.810Z [L0]: 6/4 [0]12:34:09.154 D/CLayout SBEngine: Creating object 0x828318b0 in 36,14,443,58 id 203(NotificationLayer.infinite_24.title)
2026-06-04T12:34:09.811Z [L0]: 6/4 [0]12:34:09.155 D/CLayout SBEngine: Creating object 0x828318e4 in 36,14,515,53 id 204(NotificationLayer.infinite_24.time)
2026-06-04T12:34:09.812Z [L0]: 6/4 [0]12:34:09.155 D/CLayout SBEngine: Creating object 0x82831918 in 36,194,443,229 id 205(NotificationLayer.infinite_24.second_title)
2026-06-04T12:34:09.813Z [L0]: 6/4 [0]12:34:09.155 D/CLayout SBEngine: Creating object 0x8283194c in 36,324,275,483 id 206(NotificationLayer.infinite_24.content_image)
2026-06-04T12:34:09.814Z [L0]: 6/4 [0]12:34:09.155 D/CLayout SBEngine: Creating object 0x82831980 in 36,161,443,196 id 207(NotificationLayer.infinite_24.content)
2026-06-04T12:34:09.815Z [L0]: 6/4 [0]12:34:09.155 D/CLayout SBEngine: Creating object 0x828319b4 in 36,324,443,339 id 208(NotificationLayer.infinite_24.line)
2026-06-04T12:34:09.815Z [L0]: 6/4 [0]12:34:09.155 D/CLayout SBEngine: Creating object 0x828319e8 in 36,324,275,483 id 209(NotificationLayer.infinite_24.content_image1)
2026-06-04T12:34:09.816Z [L0]: 6/4 [0]12:34:09.156 D/CLayout SBEngine: Creating object 0x82831a1c in 36,161,443,196 id 210(NotificationLayer.infinite_24.content1)
2026-06-04T12:34:09.817Z [L0]: 6/4 [0]12:34:09.156 D/CLayout SBEngine: Creating object 0x82831a50 in 36,324,443,339 id 211(NotificationLayer.infinite_24.line1)
2026-06-04T12:34:09.818Z [L0]: 6/4 [0]12:34:09.156 D/CLayout SBEngine: Creating object 0x82831a84 in 36,324,275,483 id 212(NotificationLayer.infinite_24.content_image2)
2026-06-04T12:34:09.819Z [L0]: 6/4 [0]12:34:09.156 D/CLayout SBEngine: Creating object 0x82831ab8 in 36,161,443,196 id 213(NotificationLayer.infinite_24.content2)
2026-06-04T12:34:09.819Z [L0]: 6/4 [0]12:34:09.156 D/CLayout SBEngine: Creating object 0x82831aec in 36,324,443,339 id 214(NotificationLayer.infinite_24.line2)
2026-06-04T12:34:09.820Z [L0]: 6/4 [0]12:34:09.156 D/CLayout SBEngine: Creating object 0x82831b20 in 36,324,275,483 id 215(NotificationLayer.infinite_24.content_image3)
2026-06-04T12:34:09.821Z [L0]: 6/4 [0]12:34:09.157 D/CLayout SBEngine: Creating object 0x82831b54 in 36,161,443,196 id 216(NotificationLayer.infinite_24.content3)
2026-06-04T12:34:09.822Z [L0]: 6/4 [0]12:34:09.157 D/CLayout SBEngine: Creating object 0x82831b88 in 36,324,443,339 id 217(NotificationLayer.infinite_24.line3)
2026-06-04T12:34:09.823Z [L0]: 6/4 [0]12:34:09.157 D/CLayout SBEngine: Creating object 0x82831bbc in 36,324,275,483 id 218(NotificationLayer.infinite_24.content_image4)
2026-06-04T12:34:09.824Z [L0]: 6/4 [0]12:34:09.157 D/CLayout SBEngine: Creating object 0x82831bf0 in 36,161,443,196 id 219(NotificationLayer.infinite_24.content4)
2026-06-04T12:34:09.825Z [L0]: 6/4 [0]12:34:09.157 D/CLayout SBEngine: Creating object 0x82831c24 in 36,324,443,339 id 220(NotificationLayer.infinite_24.line4)
2026-06-04T12:34:09.826Z [L0]: 6/4 [0]12:34:09.157 D/CLayout SBEngine: Creating object 0x82831c58 in 36,324,275,483 id 221(NotificationLayer.infinite_24.content_image5)
2026-06-04T12:34:09.827Z [L0]: 6/4 [0]12:34:09.158 D/CLayout SBEngine: Creating object 0x82831c8c in 36,161,443,196 id 222(NotificationLayer.infinite_24.content5)
2026-06-04T12:34:09.827Z [L0]: 6/4 [0]12:34:09.158 D/CLayout SBEngine: Creating object 0x82831cc0 in 36,324,443,339 id 223(NotificationLayer.infinite_24.line5)
2026-06-04T12:34:09.828Z [L0]: 6/4 [0]12:34:09.158 D/CLayout SBEngine: Creating object 0x82831cf4 in 36,324,275,483 id 224(NotificationLayer.infinite_24.content_image6)
2026-06-04T12:34:09.829Z [L0]: 6/4 [0]12:34:09.158 D/CLayout SBEngine: Creating object 0x82831d28 in 36,161,443,196 id 225(NotificationLayer.infinite_24.content6)
2026-06-04T12:34:09.829Z [L0]: 6/4 [0]12:34:09.158 D/CLayout SBEngine: Creating object 0x82831d5c in 22,242,429,319 id 226(NotificationLayer.infinite_24.textBtn)
2026-06-04T12:34:09.830Z [L0]: 6/4 [0]12:34:09.158 D/CLayout SBEngine: Creating render 0x82831d90 in 14,4,380,63 id 227(NotificationLayer.infinite_24.textBtn:0)
2026-06-04T12:34:09.831Z [L0]: 6/4 [0]12:34:09.159 D/CLayout SBEngine: Creating render 0x82831dc4 in 367,18,398,49 id 228(NotificationLayer.infinite_24.textBtn:1)
2026-06-04T12:34:09.831Z [L0]: 6/4 [0]12:34:09.159 D/CLayout SBEngine: Creating object 0x82831df8 in 418,242,457,281 id 229(NotificationLayer.infinite_24.icon_top)
2026-06-04T12:34:09.832Z [L0]: 6/4 [0]12:34:09.159 D/CLayout SBEngine: Creating object 0x82831e2c in 22,0,457,232 id 230(NotificationLayer.infinite_24.notif_bg_color)
2026-06-04T12:34:09.833Z [L0]: 6/4 [0]12:34:09.159 D/CLayout SBEngine: Creating object 0x82831e60 in 22,0,457,279 id 231(NotificationLayer.infinite_24.touch_select)
2026-06-04T12:34:09.834Z [L0]: 6/4 [0]12:34:09.159 D/NOTFWG SBEngine: [addLayoutBranch] add branch NotificationLayer.infinite_24 -2105337784 
2026-06-04T12:34:09.835Z [L0]: 6/4 [0]12:34:09.159 D/CLayout SBEngine: Load layer list_layer
2026-06-04T12:34:09.836Z [L0]: 6/4 [0]12:34:09.160 D/CLayout SBEngine: Creating object 0x82831e94 in 0,800,493,1039 id 201(NotificationLayer.infinite_25)
2026-06-04T12:34:09.836Z [L0]: 6/4 [0]12:34:09.160 D/CLayout SBEngine: Creating object 0x82831ec8 in 22,0,471,239 id 202(null)
2026-06-04T12:34:09.837Z [L0]: 6/4 [0]12:34:09.160 D/CLayout SBEngine: Creating object 0x82831efc in 36,14,443,58 id 203(NotificationLayer.infinite_25.title)
2026-06-04T12:34:09.838Z [L0]: 6/4 [0]12:34:09.160 D/CLayout SBEngine: Creating object 0x82831f30 in 36,14,515,53 id 204(NotificationLayer.infinite_25.time)
2026-06-04T12:34:09.839Z [L0]: 6/4 [0]12:34:09.160 D/CLayout SBEngine: Creating object 0x82831f64 in 36,194,443,229 id 205(NotificationLayer.infinite_25.second_title)
2026-06-04T12:34:09.840Z [L0]: 6/4 [0]12:34:09.160 D/CLayout SBEngine: Creating object 0x82831f98 in 36,324,275,483 id 206(NotificationLayer.infinite_25.content_image)
2026-06-04T12:34:09.841Z [L0]: 6/4 [0]12:34:09.160 D/CLayout SBEngine: Creating object 0x82831fcc in 36,161,443,196 id 207(NotificationLayer.infinite_25.content)
2026-06-04T12:34:09.841Z [L0]: 6/4 [0]12:34:09.161 D/CLayout SBEngine: Creating object 0x82832000 in 36,324,443,339 id 208(NotificationLayer.infinite_25.line)
2026-06-04T12:34:09.842Z [L0]: 6/4 [0]12:34:09.161 D/CLayout SBEngine: Creating object 0x82832034 in 36,324,275,483 id 209(NotificationLayer.infinite_25.content_image1)
2026-06-04T12:34:09.843Z [L0]: 6/4 [0]12:34:09.161 D/CLayout SBEngine: Creating object 0x82832068 in 36,161,443,196 id 210(NotificationLayer.infinite_25.content1)
2026-06-04T12:34:09.844Z [L0]: 6/4 [0]12:34:09.161 D/CLayout SBEngine: Creating object 0x8283209c in 36,324,443,339 id 211(NotificationLayer.infinite_25.line1)
2026-06-04T12:34:09.845Z [L0]: 6/4 [0]12:34:09.161 D/CLayout SBEngine: Creating object 0x828320d0 in 36,324,275,483 id 212(NotificationLayer.infinite_25.content_image2)
2026-06-04T12:34:09.846Z [L0]: 6/4 [0]12:34:09.162 D/CLayout SBEngine: Creating object 0x82832104 in 36,161,443,196 id 213(NotificationLayer.infinite_25.content2)
2026-06-04T12:34:09.847Z [L0]: 6/4 [0]12:34:09.162 D/CLayout SBEngine: Creating object 0x82832138 in 36,324,443,339 id 214(NotificationLayer.infinite_25.line2)
2026-06-04T12:34:09.847Z [L0]: 6/4 [0]12:34:09.162 D/CLayout SBEngine: Creating object 0x8283216c in 36,324,275,483 id 215(NotificationLayer.infinite_25.content_image3)
2026-06-04T12:34:09.848Z [L0]: 6/4 [0]12:34:09.162 D/CLayout SBEngine: Creating object 0x828321a0 in 36,161,443,196 id 216(NotificationLayer.infinite_25.content3)
2026-06-04T12:34:09.849Z [L0]: 6/4 [0]12:34:09.162 D/CLayout SBEngine: Creating object 0x828321d4 in 36,324,443,339 id 217(NotificationLayer.infinite_25.line3)
2026-06-04T12:34:09.850Z [L0]: 6/4 [0]12:34:09.162 D/CLayout SBEngine: Creating object 0x82832208 in 36,324,275,483 id 218(NotificationLayer.infinite_25.content_image4)
2026-06-04T12:34:09.851Z [L0]: 6/4 [0]12:34:09.162 D/CLayout SBEngine: Creating object 0x8283223c in 36,161,443,196 id 219(NotificationLayer.infinite_25.content4)
2026-06-04T12:34:09.852Z [L0]: 6/4 [0]12:34:09.163 D/CLayout SBEngine: Creating object 0x82832270 in 36,324,443,339 id 220(NotificationLayer.infinite_25.line4)
2026-06-04T12:34:09.853Z [L0]: 6/4 [0]12:34:09.163 D/CLayout SBEngine: Creating object 0x828322a4 in 36,324,275,483 id 221(NotificationLayer.infinite_25.content_image5)
2026-06-04T12:34:09.853Z [L0]: 6/4 [0]12:34:09.163 D/CLayout SBEngine: Creating object 0x828322d8 in 36,161,443,196 id 222(NotificationLayer.infinite_25.content5)
2026-06-04T12:34:09.854Z [L0]: 6/4 [0]12:34:09.163 D/CLayout SBEngine: Creating object 0x8283230c in 36,324,443,339 id 223(NotificationLayer.infinite_25.line5)
2026-06-04T12:34:09.855Z [L0]: 6/4 [0]12:34:09.163 D/CLayout SBEngine: Creating object 0x82832340 in 36,324,275,483 id 224(NotificationLayer.infinite_25.content_image6)
2026-06-04T12:34:09.856Z [L0]: 6/4 [0]12:34:09.164 D/CLayout SBEngine: Creating object 0x82832374 in 36,161,443,196 id 225(NotificationLayer.infinite_25.content6)
2026-06-04T12:34:09.856Z [L0]: 6/4 [0]12:34:09.164 D/CLayout SBEngine: Creating object 0x828323a8 in 22,242,429,319 id 226(NotificationLayer.infinite_25.textBtn)
2026-06-04T12:34:09.857Z [L0]: 6/4 [0]12:34:09.164 D/CLayout SBEngine: Creating render 0x828323dc in 14,4,380,63 id 227(NotificationLayer.infinite_25.textBtn:0)
2026-06-04T12:34:09.858Z [L0]: 6/4 [0]12:34:09.164 D/CLayout SBEngine: Creating render 0x82832410 in 367,18,398,49 id 228(NotificationLayer.infinite_25.textBtn:1)
2026-06-04T12:34:09.859Z [L0]: 6/4 [0]12:34:09.164 D/CLayout SBEngine: Creating object 0x82832444 in 418,242,457,281 id 229(NotificationLayer.infinite_25.icon_top)
2026-06-04T12:34:09.859Z [L0]: 6/4 [0]12:34:09.165 D/CLayout SBEngine: Creating object 0x82832478 in 22,0,457,232 id 230(NotificationLayer.infinite_25.notif_bg_color)
2026-06-04T12:34:09.860Z [L0]: 6/4 [0]12:34:09.165 D/CLayout SBEngine: Creating object 0x828324ac in 22,0,457,279 id 231(NotificationLayer.infinite_25.touch_select)
2026-06-04T12:34:09.861Z [L0]: 6/4 [0]12:34:09.165 D/NOTFWG SBEngine: [addLayoutBranch] add branch NotificationLayer.infinite_25 -2105336172 
2026-06-04T12:34:09.862Z [L0]: 6/4 [0]12:34:09.165 D/CLayout SBEngine: Load layer list_layer
2026-06-04T12:34:09.863Z [L0]: 6/4 [0]12:34:09.165 D/CLayout SBEngine: Creating object 0x828324e0 in 0,800,493,1039 id 201(NotificationLayer.infinite_26)
2026-06-04T12:34:09.863Z [L0]: 6/4 [0]12:34:09.166 D/CLayout SBEngine: Creating object 0x82832514 in 22,0,471,239 id 202(null)
2026-06-04T12:34:09.864Z [L0]: 6/4 [0]12:34:09.166 D/CLayout SBEngine: Creating object 0x82832548 in 36,14,443,58 id 203(NotificationLayer.infinite_26.title)
2026-06-04T12:34:09.865Z [L0]: 6/4 [0]12:34:09.166 D/CLayout SBEngine: Creating object 0x8283257c in 36,14,515,53 id 204(NotificationLayer.infinite_26.time)
2026-06-04T12:34:09.865Z [L0]: 6/4 [0]12:34:09.166 D/CLayout SBEngine: Creating object 0x828325b0 in 36,194,443,229 id 205(NotificationLayer.infinite_26.second_title)
2026-06-04T12:34:09.865Z [L0]: 6/4 [0]12:34:09.166 D/CLayout SBEngine: Creating object 0x828325e4 in 36,324,275,483 id 206(NotificationLayer.infinite_26.content_image)
2026-06-04T12:34:09.866Z [L0]: 6/4 [0]12:34:09.166 D/CLayout SBEngine: Creating object 0x81eab430 in 36,161,443,196 id 207(NotificationLayer.infinite_26.content)
2026-06-04T12:34:09.867Z [L0]: 6/4 [0]12:34:09.166 D/CLayout SBEngine: Creating object 0x81eab464 in 36,324,443,339 id 208(NotificationLayer.infinite_26.line)
2026-06-04T12:34:09.868Z [L0]: 6/4 [0]12:34:09.167 D/CLayout SBEngine: Creating object 0x81eab498 in 36,324,275,483 id 209(NotificationLayer.infinite_26.content_image1)
2026-06-04T12:34:09.868Z [L0]: 6/4 [0]12:34:09.167 D/CLayout SBEngine: Creating object 0x81eab4cc in 36,161,443,196 id 210(NotificationLayer.infinite_26.content1)
2026-06-04T12:34:09.869Z [L0]: 6/4 [0]12:34:09.167 D/CLayout SBEngine: Creating object 0x81eab500 in 36,324,443,339 id 211(NotificationLayer.infinite_26.line1)
2026-06-04T12:34:09.870Z [L0]: 6/4 [0]12:34:09.167 D/CLayout SBEngine: Creating object 0x81eab534 in 36,324,275,483 id 212(NotificationLayer.infinite_26.content_image2)
2026-06-04T12:34:09.871Z [L0]: 6/4 [0]12:34:09.167 D/CLayout SBEngine: Creating object 0x81eab568 in 36,161,443,196 id 213(NotificationLayer.infinite_26.content2)
2026-06-04T12:34:09.871Z [L0]: 6/4 [0]12:34:09.167 D/CLayout SBEngine: Creating object 0x81eab59c in 36,324,443,339 id 214(NotificationLayer.infinite_26.line2)
2026-06-04T12:34:09.872Z [L0]: 6/4 [0]12:34:09.168 D/CLayout SBEngine: Creating object 0x81eab5d0 in 36,324,275,483 id 215(NotificationLayer.infinite_26.content_image3)
2026-06-04T12:34:09.873Z [L0]: 6/4 [0]12:34:09.168 D/CLayout SBEngine: Creating object 0x81eab604 in 36,161,443,196 id 216(NotificationLayer.infinite_26.content3)
2026-06-04T12:34:09.874Z [L0]: 6/4 [0]12:34:09.168 D/CLayout SBEngine: Creating object 0x81eab638 in 36,324,443,339 id 217(NotificationLayer.infinite_26.line3)
2026-06-04T12:34:09.875Z [L0]: 6/4 [0]12:34:09.168 D/CLayout SBEngine: Creating object 0x81eab66c in 36,324,275,483 id 218(NotificationLayer.infinite_26.content_image4)
2026-06-04T12:34:09.876Z [L0]: 6/4 [0]12:34:09.168 D/CLayout SBEngine: Creating object 0x81eab6a0 in 36,161,443,196 id 219(NotificationLayer.infinite_26.content4)
2026-06-04T12:34:09.877Z [L0]: 6/4 [0]12:34:09.169 D/CLayout SBEngine: Creating object 0x81eab6d4 in 36,324,443,339 id 220(NotificationLayer.infinite_26.line4)
2026-06-04T12:34:09.877Z [L0]: 6/4 [0]12:34:09.169 D/CLayout SBEngine: Creating object 0x81eab708 in 36,324,275,483 id 221(NotificationLayer.infinite_26.content_image5)
2026-06-04T12:34:09.878Z [L0]: 6/4 [0]12:34:09.169 D/CLayout SBEngine: Creating object 0x81eab73c in 36,161,443,196 id 222(NotificationLayer.infinite_26.content5)
2026-06-04T12:34:09.880Z [L0]: 6/4 [0]12:34:09.169 D/CLayout SBEngine: Creating object 0x81eab770 in 36,324,443,339 id 223(NotificationLayer.infinite_26.line5)
2026-06-04T12:34:09.881Z [L0]: 6/4 [0]12:34:09.169 D/CLayout SBEngine: Creating object 0x81eab7a4 in 36,324,275,483 id 224(NotificationLayer.infinite_26.content_image6)
2026-06-04T12:34:09.881Z [L0]: 6/4 [0]12:34:09.169 D/CLayout SBEngine: Creating object 0x81eab7d8 in 36,161,443,196 id 225(NotificationLayer.infinite_26.content6)
2026-06-04T12:34:09.882Z [L0]: 6/4 [0]12:34:09.170 D/CLayout SBEngine: Creating object 0x81eab80c in 22,242,429,319 id 226(NotificationLayer.infinite_26.textBtn)
2026-06-04T12:34:09.883Z [L0]: 6/4 [0]12:34:09.170 D/CLayout SBEngine: Creating render 0x81eab840 in 14,4,380,63 id 227(NotificationLayer.infinite_26.textBtn:0)
2026-06-04T12:34:09.884Z [L0]: 6/4 [0]12:34:09.170 D/CLayout SBEngine: Creating render 0x81eab874 in 367,18,398,49 id 228(NotificationLayer.infinite_26.textBtn:1)
2026-06-04T12:34:09.885Z [L0]: 6/4 [0]12:34:09.170 D/CLayout SBEngine: Creating object 0x81eab8a8 in 418,242,457,281 id 229(NotificationLayer.infinite_26.icon_top)
2026-06-04T12:34:09.886Z [L0]: 6/4 [0]12:34:09.170 D/CLayout SBEngine: Creating object 0x81eab8dc in 22,0,457,232 id 230(NotificationLayer.infinite_26.notif_bg_color)
2026-06-04T12:34:09.887Z [L0]: 6/4 [0]12:34:09.170 D/CLayout SBEngine: Creating object 0x81eab910 in 22,0,457,279 id 231(NotificationLayer.infinite_26.touch_select)
2026-06-04T12:34:09.888Z [L0]: 6/4 [0]12:34:09.171 D/NOTFWG SBEngine: [addLayoutBranch] add branch NotificationLayer.infinite_26 -2105334560 
2026-06-04T12:34:09.889Z [L0]: 6/4 [0]12:34:09.171 D/CLayout SBEngine: Load layer list_layer
2026-06-04T12:34:09.890Z [L0]: 6/4 [0]12:34:09.171 D/CLayout SBEngine: Creating object 0x81eab944 in 0,800,493,1039 id 201(NotificationLayer.infinite_27)
2026-06-04T12:34:09.891Z [L0]: 6/4 [0]12:34:09.171 D/CLayout SBEngine: Creating object 0x81eab978 in 22,0,471,239 id 202(null)
2026-06-04T12:34:09.892Z [L0]: 6/4 [0]12:34:09.171 D/CLayout SBEngine: Creating object 0x81eab9ac in 36,14,443,58 id 203(NotificationLayer.infinite_27.title)
2026-06-04T12:34:09.893Z [L0]: 6/4 [0]12:34:09.171 D/CLayout SBEngine: Creating object 0x81eab9e0 in 36,14,515,53 id 204(NotificationLayer.infinite_27.time)
2026-06-04T12:34:09.894Z [L0]: 6/4 [0]12:34:09.172 D/CLayout SBEngine: Creating object 0x81eaba14 in 36,194,443,229 id 205(NotificationLayer.infinite_27.second_title)
2026-06-04T12:34:09.895Z [L0]: 6/4 [0]12:34:09.172 D/CLayout SBEngine: Creating object 0x81eaba48 in 36,324,275,483 id 206(NotificationLayer.infinite_27.content_image)
2026-06-04T12:34:09.896Z [L0]: 6/4 [0]12:34:09.172 D/CLayout SBEngine: Creating object 0x81eaba7c in 36,161,443,196 id 207(NotificationLayer.infinite_27.content)
2026-06-04T12:34:09.896Z [L0]: 6/4 [0]12:34:09.172 D/CLayout SBEngine: Creating object 0x81eabab0 in 36,324,443,339 id 208(NotificationLayer.infinite_27.line)
2026-06-04T12:34:09.898Z [L0]: 6/4 [0]12:34:09.172 D/CLayout SBEngine: Creating object 0x81eabae4 in 36,324,275,483 id 209(NotificationLayer.infinite_27.content_image1)
2026-06-04T12:34:09.899Z [L0]: 6/4 [0]12:34:09.172 D/CLayout SBEngine: Creating object 0x81eabb18 in 36,161,443,196 id 210(NotificationLayer.infinite_27.content1)
2026-06-04T12:34:09.900Z [L0]: 6/4 [0]12:34:09.172 D/CLayout SBEngine: Creating object 0x81eabb4c in 36,324,443,339 id 211(NotificationLayer.infinite_27.line1)
2026-06-04T12:34:09.900Z [L0]: 6/4 [0]12:34:09.173 D/CLayout SBEngine: Creating object 0x81eabb80 in 36,324,275,483 id 212(NotificationLayer.infinite_27.content_image2)
2026-06-04T12:34:09.901Z [L0]: 6/4 [0]12:34:09.173 D/CLayout SBEngine: Creating object 0x81eabbb4 in 36,161,443,196 id 213(NotificationLayer.infinite_27.content2)
2026-06-04T12:34:09.902Z [L0]: 6/4 [0]12:34:09.173 D/CLayout SBEngine: Creating object 0x81eabbe8 in 36,324,443,339 id 214(NotificationLayer.infinite_27.line2)
2026-06-04T12:34:09.903Z [L0]: 6/4 [0]12:34:09.173 D/CLayout SBEngine: Creating object 0x81eabc1c in 36,324,275,483 id 215(NotificationLayer.infinite_27.content_image3)
2026-06-04T12:34:09.904Z [L0]: 6/4 [0]12:34:09.173 D/CLayout SBEngine: Creating object 0x81eabc50 in 36,161,443,196 id 216(NotificationLayer.infinite_27.content3)
2026-06-04T12:34:09.905Z [L0]: 6/4 [0]12:34:09.174 D/CLayout SBEngine: Creating object 0x81eabc84 in 36,324,443,339 id 217(NotificationLayer.infinite_27.line3)
2026-06-04T12:34:09.906Z [L0]: 6/4 [0]12:34:09.174 D/CLayout SBEngine: Creating object 0x81eabcb8 in 36,324,275,483 id 218(NotificationLayer.infinite_27.content_image4)
2026-06-04T12:34:09.907Z [L0]: 6/4 [0]12:34:09.174 D/CLayout SBEngine: Creating object 0x81eabcec in 36,161,443,196 id 219(NotificationLayer.infinite_27.content4)
2026-06-04T12:34:09.907Z [L0]: 6/4 [0]12:34:09.174 D/CLayout SBEngine: Creating object 0x81eabd20 in 36,324,443,339 id 220(NotificationLayer.infinite_27.line4)
2026-06-04T12:34:09.908Z [L0]: 6/4 [0]12:34:09.174 D/CLayout SBEngine: Creating object 0x81eabd54 in 36,324,275,483 id 221(NotificationLayer.infinite_27.content_image5)
2026-06-04T12:34:09.909Z [L0]: 6/4 [0]12:34:09.175 D/CLayout SBEngine: Creating object 0x81eabd88 in 36,161,443,196 id 222(NotificationLayer.infinite_27.content5)
2026-06-04T12:34:09.910Z [L0]: 6/4 [0]12:34:09.175 D/CLayout SBEngine: Creating object 0x81eabdbc in 36,324,443,339 id 223(NotificationLayer.infinite_27.line5)
2026-06-04T12:34:09.911Z [L0]: 6/4 [0]12:34:09.175 D/CLayout SBEngine: Creating object 0x81eabdf0 in 36,324,275,483 id 224(NotificationLayer.infinite_27.content_image6)
2026-06-04T12:34:09.912Z [L0]: 6/4 [0]12:34:09.175 D/CLayout SBEngine: Creating object 0x81eabe24 in 36,161,443,196 id 225(NotificationLayer.infinite_27.content6)
2026-06-04T12:34:09.913Z [L0]: 6/4 [0]12:34:09.175 D/CLayout SBEngine: Creating object 0x81eabe58 in 22,242,429,319 id 226(NotificationLayer.infinite_27.textBtn)
2026-06-04T12:34:09.914Z [L0]: 6/4 [0]12:34:09.175 D/CLayout SBEngine: Creating render 0x81eabe8c in 14,4,380,63 id 227(NotificationLayer.infinite_27.textBtn:0)
2026-06-04T12:34:09.915Z [L0]: 6/4 [0]12:34:09.176 D/CLayout SBEngine: Creating render 0x81eabec0 in 367,18,398,49 id 228(NotificationLayer.infinite_27.textBtn:1)
2026-06-04T12:34:09.915Z [L0]: 6/4 [0]12:34:09.176 D/CLayout SBEngine: Creating object 0x81eabef4 in 418,242,457,281 id 229(NotificationLayer.infinite_27.icon_top)
2026-06-04T12:34:09.916Z [L0]: 6/4 [0]12:34:09.177 D/CLayout SBEngine: Creating object 0x81eabf28 in 22,0,457,232 id 230(NotificationLayer.infinite_27.notif_bg_color)
2026-06-04T12:34:09.917Z [L0]: 6/4 [0]12:34:09.177 D/CLayout SBEngine: Creating object 0x81eabf5c in 22,0,457,279 id 231(NotificationLayer.infinite_27.touch_select)
2026-06-04T12:34:09.918Z [L0]: 6/4 [0]12:34:09.177 D/NOTFWG SBEngine: [addLayoutBranch] add branch NotificationLayer.infinite_27 -2115323580 
2026-06-04T12:34:09.919Z [L0]: 6/4 [0]12:34:09.177 I/MList SBEngine: itemInitItem update item eid:0
2026-06-04T12:34:09.920Z [L0]: 6/4 [0]12:34:09.178 W/NOTFWG SBEngine: settingList_updateItem error 0
2026-06-04T12:34:09.920Z [L0]: 6/4 [0]12:34:09.178 I/MList SBEngine: itemInitItem update item eid:1
2026-06-04T12:34:09.921Z [L0]: 6/4 [0]12:34:09.179 W/NOTFWG SBEngine: settingList_updateItem idx=1,itemGroupPath=NotificationLayer.item_1,itemLevel=0,itemidx=1
2026-06-04T12:34:09.922Z [L0]: 6/4 [0]12:34:09.179 I/MList SBEngine: relayout2 updateByAnchor: lv 0,idx 0, y 0,h 101
2026-06-04T12:34:09.923Z [L0]: 6/4 [0]12:34:09.179 I/MList SBEngine: lv 0,idx 1,y 132,h 110,eid:1
2026-06-04T12:34:09.924Z [L0]: 6/4 [0]12:34:09.179 I/MList SBEngine: objLayout lv 0,idx 1, y 132,h 110, eid:1 path:item_1,visible:1 CanMovex: 0
2026-06-04T12:34:09.925Z [L0]: 6/4 [0]12:34:09.179 I/MList SBEngine: relayout2 finished
2026-06-04T12:34:09.926Z [L0]: 6/4 [0]12:34:09.181 W/NOTFWG SBEngine: [setFocusItemDetailToFlow] No valid list item
2026-06-04T12:34:09.926Z [L0]: 6/4 [0]12:34:09.181 I/MListFocus SBEngine: mList_bgMode_showFocus user set 1 true
2026-06-04T12:34:09.927Z [L0]: 6/4 [0]12:34:09.183 W/NOTFWG SBEngine: =======setNotificationInfo all_item=0
2026-06-04T12:34:09.928Z [L0]: 6/4 [0]12:34:09.183 W/NOTFWG SBEngine: =======setNotificationInfo all_item=0
2026-06-04T12:34:09.929Z [L0]: 6/4 [0]12:34:09.183 I/LANCH SBEngine: launcherSetScrollDisable g_launcher_scroll_disable = 0
2026-06-04T12:34:09.930Z [L0]: 6/4 [0]12:34:09.183 D/LANCH SBEngine: launcher onScreenResume
2026-06-04T12:34:09.931Z [L0]: 6/4 [0]12:34:09.184 D/CLayout SBEngine: >>gr_notify_callback_context event=gre.screenhide.post from LauncherScreen to JsApp9_Screen
2026-06-04T12:34:09.931Z [L0]: 6/4 [0]12:34:09.184 D/sb_screen_adapter SBEngine: onSBScreenPostDestory JsApp9_Screen
2026-06-04T12:34:09.932Z [L0]: 6/4 [0]12:34:09.184 I/js_view SBEngine: onScreenPostDestory screenContext 0x81815cbc
2026-06-04T12:34:09.933Z [L0]: 6/4 [0]12:34:09.184 I/js_view SBEngine: js_get_app_screen_ctx: found screen(JsApp9_Screen)
2026-06-04T12:34:09.934Z [L0]: 6/4 [0]12:34:09.184 I/js_rt_screen_app SBEngine: [js_screen_app_on_destroy] destory_app 1 rt_cell->pcid 700000002
2026-06-04T12:34:09.934Z [L0]: 6/4 [0]12:34:09.184 I/js_runtime SBEngine: malloc_size:1209324 before destory page
2026-06-04T12:34:09.935Z [L0]: 6/4 [0]12:34:09.184 I/jsRtApkMng SBEngine: js_rt_DestoryContiner: pcid(700000002)
2026-06-04T12:34:09.936Z [L0]: 6/4 [0]12:34:09.185 D/jsRtApkMng SBEngine: switch_currentApp: same pid: 7 (appid 0010C8D9)
2026-06-04T12:34:09.937Z [L0]: 6/4 [0]12:34:09.185 D/js_timer SBEngine: _timer_on_destroy pcid(700000002)
2026-06-04T12:34:09.937Z [L0]: 6/4 [0]12:34:09.185 D/JsMsgBus SBEngine: _on_rt_destroy pcid: 700000002
2026-06-04T12:34:09.938Z [L0]: 6/4 [0]12:34:09.185 D/JS_SETTING SBEngine: _onAppDestroyed pcid(700000002)
2026-06-04T12:34:09.939Z [L0]: 6/4 [0]12:34:09.185 D/js_ui SBEngine: js_delete_widget2 name:JsTemplate.image, id:163
2026-06-04T12:34:09.940Z [L0]: 6/4 [0]12:34:09.185 D/js_ui SBEngine: js_delete_widget2 name:JsTemplate.text, id:164
2026-06-04T12:34:09.941Z [L0]: 6/4 [0]12:34:09.185 D/js_ui SBEngine: js_delete_widget2 name:JsTemplate.text, id:165
2026-06-04T12:34:09.942Z [L0]: 6/4 [0]12:34:09.186 D/js_ui SBEngine: js_delete_widget2 name:JsTemplate.image, id:166
2026-06-04T12:34:09.943Z [L0]: 6/4 [0]12:34:09.186 D/js_ui SBEngine: js_delete_widget2 name:JsTemplate.image, id:167
2026-06-04T12:34:09.943Z [L0]: 6/4 [0]12:34:09.186 D/js_ui SBEngine: js_delete_widget2 name:JsTemplate.image, id:168
2026-06-04T12:34:09.944Z [L0]: 6/4 [0]12:34:09.186 D/js_ui SBEngine: js_delete_widget2 name:JsTemplate.text, id:169
2026-06-04T12:34:09.945Z [L0]: 6/4 [0]12:34:09.186 D/js_ui SBEngine: js_delete_widget2 name:JsTemplate.group, id:162
2026-06-04T12:34:09.945Z [L0]: 6/4 [0]12:34:09.187 D/JS_BLEFT SBEngine: _file_transfer_destroy pcid(700000002)
2026-06-04T12:34:09.946Z [L0]: 6/4 [0]12:34:09.187 D/jsMedia SBEngine: js_media_destory pcid(700000002)
2026-06-04T12:34:09.947Z [L0]: 6/4 [0]12:34:09.187 D/JsSysApi SBEngine: _onJsAppDestroy pcid(700000002)
2026-06-04T12:34:09.948Z [L0]: 6/4 [0]12:34:09.187 D/JsOnlineVAD SBEngine: _onJsAppDestroy pcid(700000002)
2026-06-04T12:34:09.949Z [L0]: 6/4 [0]12:34:09.188 I/jsRtApkMng SBEngine: js_rt_DestoryApp: pcid(700000002)
2026-06-04T12:34:09.949Z [L0]: 6/4 [0]12:34:09.188 D/jsRtApkMng SBEngine: switch_currentApp: same pid: 7 (appid 0010C8D9)
2026-06-04T12:34:09.950Z [L0]: 6/4 [0]12:34:09.188 D/js_rt_app SBEngine: runAppFunc: run App: onDestory
2026-06-04T12:34:09.951Z [L0]: 6/4 [0]12:34:09.189 D/js_rt_app SBEngine: runAppFunc: run App: onDestroy
2026-06-04T12:34:09.951Z [L0]: 6/4 [0]12:34:09.189 D/jsRtApkMng SBEngine: [js_rt_pcid_set] 700000002 -> 700000000
2026-06-04T12:34:09.952Z [L0]: 6/4 [0]12:34:09.189 D/jsMmStat SBEngine: [js_mm_stat_ctx_set] pcid: 700000002 -> 700000000
2026-06-04T12:34:09.953Z [L0]: 6/4 [0]12:34:09.189 D/jsMmStat SBEngine: get_mid found mid 0
2026-06-04T12:34:09.954Z [L0]: 6/4 [0]12:34:09.190 I/quickjs-libc SBEngine: app on destroy invoke 
2026-06-04T12:34:09.955Z [L0]: 6/4 [0]12:34:09.190 D/js_timer SBEngine: _timer_on_destroy pcid(700000000)
2026-06-04T12:34:09.956Z [L0]: 6/4 [0]12:34:09.190 D/JsMsgBus SBEngine: _on_rt_destroy pcid: 700000000
2026-06-04T12:34:09.956Z [L0]: 6/4 [0]12:34:09.190 W/jsapp_sp SBEngine: [js_app_srv_wf_get_node] not found for appid[0010c8d9]
2026-06-04T12:34:09.957Z [L0]: 6/4 [0]12:34:09.190 D/JS_SETTING SBEngine: _onAppDestroyed pcid(700000000)
2026-06-04T12:34:09.958Z [L0]: 6/4 [0]12:34:09.190 D/js_ui SBEngine: js_widget_destroy_class_proto JsTemplate.group
2026-06-04T12:34:09.959Z [L0]: 6/4 [0]12:34:09.191 D/js_ui SBEngine: js_widget_destroy_class_proto JsTemplate.text
2026-06-04T12:34:09.960Z [L0]: 6/4 [0]12:34:09.191 D/JS_BLEFT SBEngine: _file_transfer_destroy pcid(700000000)
2026-06-04T12:34:09.960Z [L0]: 6/4 [0]12:34:09.191 D/jsMedia SBEngine: js_media_destory pcid(700000000)
2026-06-04T12:34:09.961Z [L0]: 6/4 [0]12:34:09.191 D/JsSysApi SBEngine: _onJsAppDestroy pcid(700000000)
2026-06-04T12:34:09.962Z [L0]: 6/4 [0]12:34:09.191 D/JsOnlineVAD SBEngine: _onJsAppDestroy pcid(700000000)
2026-06-04T12:34:09.963Z [L0]: 6/4 [0]12:34:09.191 I/jsRtApkMng SBEngine: switch_currentApp: reset to pid: 2 (appid 2DFF)
2026-06-04T12:34:09.963Z [L0]: 6/4 [0]12:34:09.192 D/jsMmStat SBEngine: [js_mm_stat_ctx_set] pcid: 700000000 -> 200000001
2026-06-04T12:34:09.964Z [L0]: 6/4 [0]12:34:09.192 I/js_runtime SBEngine: malloc_size:1188772 after destory app
2026-06-04T12:34:09.965Z [L0]: 6/4 [0]12:34:09.192 D/js_rt_screen_common SBEngine: js_screen_destory_app: run GC
2026-06-04T12:34:09.966Z [L0]: 6/4 [0]12:34:09.201 I/js_runtime SBEngine: malloc_size:1163188 after destory page
2026-06-04T12:34:09.966Z [L0]: 6/4 [0]12:34:09.201 D/jsRtApkMng SBEngine: js_rt_get_appid: app_p is NULL, pcid(700000000)
2026-06-04T12:34:09.967Z [L0]: 6/4 [0]12:34:09.201 D/jsMmStat SBEngine: _mm_check_running appid 1099993 pid 7 stopped!
2026-06-04T12:34:09.968Z [L0]: 6/4 [0]12:34:09.201 I/jsMmStat SBEngine: [0] appid:00002DFF pid:  2 count:  786 total:  56876 peak:  65916 bytes
2026-06-04T12:34:09.969Z [L0]: 6/4 [0]12:34:09.201 I/jsMmStat SBEngine: [0] appid:00000001 pid:  0 count:17249 total:1087680 peak:1410148 bytes
2026-06-04T12:34:09.970Z [L0]: 6/4 [0]12:34:09.202 I/js_rt_screen_app SBEngine: _release_layer cell_p 0x80043125 release JsAppEmpty4 , type 5
2026-06-04T12:34:09.971Z [L0]: 6/4 [0]12:34:09.202 I/js_rt_screen_app SBEngine: [js_screen_app_on_destroy] destorying app, current cell is set to NULL
2026-06-04T12:34:09.972Z [L0]: 6/4 [0]12:34:09.202 D/CLayout SBEngine: context 3 destruction complete!
2026-06-04T12:34:09.973Z [L0]: 6/4 [0]12:34:09.202 I/js_view SBEngine: onScreenPostDestory screen JsApp9_Screen detach layer JsAppEmpty4
2026-06-04T12:34:09.973Z [L0]: 6/4 [0]12:34:09.202 I/js_view SBEngine: onScreenPostDestory end
2026-06-04T12:34:09.993Z [L0]: 6/4 [0]12:34:09.203 D/CLayout SBEngine: context 1 destruction complete!6/4 [0]12:34:09.220 I/SB SBEngine: stop deletion list timer.
2026-06-04T12:34:09.994Z [L0]: 6/4 [0]12:34:09.232 I/SysLock SBEngine: this is system lock
2026-06-04T12:34:09.995Z [L0]: 6/4 [0]12:34:09.233 D/CLayout SBEngine: >>gr_notify_callback_context event=gre.screenshow.pre from LauncherScreen to JsApp10_Screen
2026-06-04T12:34:09.995Z [L0]: 6/4 [0]12:34:09.233 D/sb_screen_adapter SBEngine: onSBScreenPreCreate JsApp10_Screen
2026-06-04T12:34:09.998Z [L0]: 6/4 [0]12:34:09.234 D/CLayout SBEngine: [_load_file_to_memory] stat '/storage/system/resources/styles/JsApp10_Screen.bstyle' failed!
2026-06-04T12:34:09.999Z [L0]: 6/4 [0]12:34:09.234 I/js_view SBEngine: onScreenPreCreate start, screenContext 0x81e545bc
2026-06-04T12:34:10.000Z [L0]: 6/4 [0]12:34:09.234 I/js_view SBEngine: js_get_app_screen_ctx: found screen(JsApp10_Screen)
2026-06-04T12:34:10.001Z [L0]: 6/4 [0]12:34:09.234 I/js_rt_screen_app SBEngine: _get_layer_name allocate JsAppEmpty5, type 5
2026-06-04T12:34:10.002Z [L0]: 6/4 [0]12:34:09.234 I/js_view SBEngine: onScreenPreCreate screen[JsApp10_Screen] requeset new cntr context id[2]
2026-06-04T12:34:10.003Z [L0]: 6/4 [0]12:34:09.234 I/js_view SBEngine: onScreenPreCreate layer JsAppEmpty5 attach to screen JsApp10_Screen 
2026-06-04T12:34:10.003Z [L0]: 6/4 [0]12:34:09.235 I/js_rt_screen_app SBEngine: [js_screen_app_on_create] cell_p 0x8004315f current_cell->pcid ffffffffffffffff cell_p->arg->pcid 700000002
2026-06-04T12:34:10.004Z [L0]: 6/4 [0]12:34:09.235 I/js_rt_screen_app SBEngine: js_screen_app_on_create: pcid(FFFFFFFFFFFFFFFF), launch type(1) current_cell set to 0x80043156
2026-06-04T12:34:10.005Z [L0]: 6/4 [0]12:34:09.235 D/js_rt_screen SBEngine: js_set_working_rtcell cell 0x80043156
2026-06-04T12:34:10.006Z [L0]: 6/4 [0]12:34:09.235 W/js_rt_screen_common SBEngine: js_screen_run_continer: container type:0 pcid(700000002) from arg
2026-06-04T12:34:10.007Z [L0]: 6/4 [0]12:34:09.235 D/jsRtApkMng SBEngine: js_rt_get_appid: app_p is NULL, pcid(700000002)
2026-06-04T12:34:10.008Z [L0]: 6/4 [0]12:34:09.235 W/js_rt_screen_common SBEngine: js_screen_run_continer: restart appid(1099993)
2026-06-04T12:34:10.008Z [L0]: 6/4 [0]12:34:09.236 D/js_rt_screen SBEngine: js_set_working_rtcell cell 0x80043156
2026-06-04T12:34:10.009Z [L0]: 6/4 [0]12:34:09.236 I/js_runtime SBEngine: malloc_size:1163188 before load app
2026-06-04T12:34:10.010Z [L0]: 6/4 [0]12:34:09.236 D/jsMmStat SBEngine: get_mid found mid 1
2026-06-04T12:34:10.011Z [L0]: 6/4 [0]12:34:09.236 D/jsMmStat SBEngine: [js_mm_stat_ctx_set] pcid: 200000001 -> 0
2026-06-04T12:34:10.011Z [L0]: 6/4 [0]12:34:09.236 D/jsMmStat SBEngine: get_mid found mid 1
2026-06-04T12:34:10.012Z [L0]: 6/4 [0]12:34:09.236 D/js_timer SBEngine: _timer_on_init pcid(800000000)
2026-06-04T12:34:10.013Z [L0]: 6/4 [0]12:34:09.236 D/jsMmStat SBEngine: [js_mm_stat_ctx_set] pcid: 0 -> 800000000
2026-06-04T12:34:10.014Z [L0]: 6/4 [0]12:34:09.237 D/jsRtApkMng SBEngine: switch_currentApp: pid: 2 -> 8 (appid 10C8D9)
2026-06-04T12:34:10.014Z [L0]: 6/4 [0]12:34:09.237 I/jsRtApkMng SBEngine: [js_rt_loadApp2] path: /storage/data/js_apps/0010C8D9/app.js
2026-06-04T12:34:10.015Z [L0]: 6/4 [0]12:34:09.237 D/jsRtApkMng SBEngine: [js_rt_pcid_set] 700000000 -> 800000000
2026-06-04T12:34:10.016Z [L0]: 6/4 [0]12:34:09.237 I/js_native.h SBEngine: eval_buf path:/storage/data/js_apps/0010C8D9/app.js, eval_buff(1013)
2026-06-04T12:34:10.016Z [L0]: 6/4 [0]12:34:09.238 I/jsMmStat SBEngine: [mm_stat_node_new] add node, pid: 8
2026-06-04T12:34:10.017Z [L0]: 6/4 [0]12:34:09.238 D/jsMmStat SBEngine: get_mid alloc mid 0
2026-06-04T12:34:10.018Z [L0]: 6/4 [0]12:34:09.241 I/quickjs-libc SBEngine: current filepath: /app.js 
2026-06-04T12:34:10.019Z [L0]: 6/4 [0]12:34:09.244 D/JS_SETTING SBEngine: sim_get_config_path: config file: /storage/system/simulator_cfg.json
2026-06-04T12:34:10.020Z [L0]: 6/4 [0]12:34:09.244 D/js_fs_common SBEngine: js_read_file: file: /storage/system/simulator_cfg.json
2026-06-04T12:34:10.020Z [L0]: 6/4 [0]12:34:09.248 I/JS_FS SBEngine: js_fs_open2: /storage/data/js_apps/0010C8D9/assets/raw/locale/TID.btxt, fd:7, flags: 0
2026-06-04T12:34:10.021Z [L0]: 6/4 [0]12:34:09.248 I/JS_FS SBEngine: js_fs_close2 vfs_close fd:7 ret:0
2026-06-04T12:34:10.021Z [L0]: 6/4 [0]12:34:09.255 I/jsRtApkMng SBEngine: perf_resize 16
2026-06-04T12:34:10.022Z [L0]: 6/4 [0]12:34:09.255 D/jsRtApkMng SBEngine: perf_alloc 1/16
2026-06-04T12:34:10.023Z [L0]: 6/4 [0]12:34:09.255 D/jsRtApkMng SBEngine: perf_update evalTime 18 ms
2026-06-04T12:34:10.023Z [L0]: 6/4 [0]12:34:09.255 I/jsRtApkMng SBEngine: [js_rt_loadApp2] api-level: 300, pcid: 800000000
2026-06-04T12:34:10.024Z [L0]: 6/4 [0]12:34:09.256 D/js_rt_app SBEngine: runAppFunc: run App: onCreate
2026-06-04T12:34:10.025Z [L0]: 6/4 [0]12:34:09.256 I/quickjs-libc SBEngine: app on create invoke 
2026-06-04T12:34:10.026Z [L0]: 6/4 [0]12:34:09.256 D/jsRtApkMng SBEngine: perf_update createTime 0 ms
2026-06-04T12:34:10.026Z [L0]: 6/4 [0]12:34:09.256 I/js_runtime SBEngine: malloc_size:1185544 after load app
2026-06-04T12:34:10.027Z [L0]: 6/4 [0]12:34:09.257 I/js_runtime SBEngine: malloc_size:1185544 before load page
2026-06-04T12:34:10.028Z [L0]: 6/4 [0]12:34:09.257 D/jsRtApkMng SBEngine: js_rt_loadContiner: pcid(800000000) type:0 file:page/home/home
2026-06-04T12:34:10.029Z [L0]: 6/4 [0]12:34:09.257 W/PluginLst SBEngine: js_plugin_get_info: Warning: index 0 >= plugin count 0
2026-06-04T12:34:10.029Z [L0]: 6/4 [0]12:34:09.257 I/jsRtApkMng SBEngine: jsapp_check_keyboard(0x10c8d9) is 0  file:page/home/home
2026-06-04T12:34:10.031Z [L0]: 6/4 [0]12:34:09.257 D/js_timer SBEngine: _timer_on_init pcid(800000001)
2026-06-04T12:34:10.031Z [L0]: 6/4 [0]12:34:09.257 D/jsMmStat SBEngine: [js_mm_stat_ctx_set] pcid: 800000000 -> 800000001
2026-06-04T12:34:10.032Z [L0]: 6/4 [0]12:34:09.257 D/jsRtApkMng SBEngine: switch_currentApp: same pid: 8 (appid 0010C8D9)
2026-06-04T12:34:10.033Z [L0]: 6/4 [0]12:34:09.258 D/jsMmStat SBEngine: get_mid found mid 1
2026-06-04T12:34:10.033Z [L0]: 6/4 [0]12:34:09.258 I/jsMmStat SBEngine: [mm_stat_node_del] pid: 7
2026-06-04T12:34:10.034Z [L0]: 6/4 [0]12:34:09.258 D/jsRtApkMng SBEngine: switch_currentContainer: cid: 0 -> 1
2026-06-04T12:34:10.035Z [L0]: 6/4 [0]12:34:09.258 I/jsRtApkMng SBEngine: [js_rt_loadContiner2] path: /storage/data/js_apps/0010C8D9/page/home/home.js
2026-06-04T12:34:10.036Z [L0]: 6/4 [0]12:34:09.258 D/jsRtApkMng SBEngine: [js_rt_pcid_set] 800000000 -> 800000001
2026-06-04T12:34:10.036Z [L0]: 6/4 [0]12:34:09.258 I/js_native.h SBEngine: eval_buf path:/storage/data/js_apps/0010C8D9/page/home/home.js, eval_buff(7778)
2026-06-04T12:34:10.037Z [L0]: 6/4 [0]12:34:09.275 I/quickjs-libc SBEngine: current filepath: /page/home/home.js 
2026-06-04T12:34:10.038Z [L0]: 6/4 [0]12:34:09.282 I/amPERMSN SBEngine: amQueryPermissions get 3 permission authed.
2026-06-04T12:34:10.039Z [L0]: 6/4 [0]12:34:09.283 I/JS_FS SBEngine: js_fs_open2: /storage/data/js_apps/data/0010C8D9/__$$localstorage$$__, fd:7, flags: 0X40
2026-06-04T12:34:10.040Z [L0]: 6/4 [0]12:34:09.283 I/JS_FS SBEngine: js_fs_close2 vfs_close fd:7 ret:0
2026-06-04T12:34:10.041Z [L0]: 6/4 [0]12:34:09.287 D/jsRtApkMng SBEngine: perf_alloc 2/16
2026-06-04T12:34:10.041Z [L0]: 6/4 [0]12:34:09.287 D/jsRtApkMng SBEngine: perf_update evalTime 29 ms
2026-06-04T12:34:10.042Z [L0]: 6/4 [0]12:34:09.287 D/jsRtApkMng SBEngine: js_rt_loadContiner: succeed, appid(0010C8D9) pcid(800000001)
2026-06-04T12:34:10.043Z [L0]: 6/4 [0]12:34:09.287 D/js_rt_continer SBEngine: runContinerFunc: run Continer func: onInit
2026-06-04T12:34:10.044Z [L0]: 6/4 [0]12:34:09.288 D/jsRtApkMng SBEngine: perf_update initTime 1 ms
2026-06-04T12:34:10.045Z [L0]: 6/4 [0]12:34:09.288 D/js_rt_continer SBEngine: runContinerFunc: run Continer func: onDataRestore
2026-06-04T12:34:10.046Z [L0]: 6/4 [0]12:34:09.288 D/js_rt_continer SBEngine: runContinerFunc: run Continer func: build
2026-06-04T12:34:10.046Z [L0]: 6/4 [0]12:34:09.289 D/js_ui SBEngine: js_widget_setup_class_proto JsTemplate.group
2026-06-04T12:34:10.047Z [L0]: 6/4 [0]12:34:09.290 D/js_ui SBEngine: js_create_widget2 name:JsTemplate.group, id:170, widget JsAppEmpty5.jsw_170
2026-06-04T12:34:10.048Z [L0]: 6/4 [0]12:34:09.292 D/js_ui SBEngine: js_create_widget2 name:JsTemplate.image, id:171, widget JsAppEmpty5.jsw_170.jsw_171
2026-06-04T12:34:10.048Z [L0]: 6/4 [0]12:34:09.293 D/js_ui SBEngine: js_widget_setup_class_proto JsTemplate.text
2026-06-04T12:34:10.049Z [L0]: 6/4 [0]12:34:09.294 D/js_ui SBEngine: js_create_widget2 name:JsTemplate.text, id:172, widget JsAppEmpty5.jsw_170.jsw_172
2026-06-04T12:34:10.050Z [L0]: 6/4 [0]12:34:09.296 D/js_ui SBEngine: js_create_widget2 name:JsTemplate.text, id:173, widget JsAppEmpty5.jsw_170.jsw_173
2026-06-04T12:34:10.051Z [L0]: 6/4 [0]12:34:09.297 D/js_ui SBEngine: js_create_widget2 name:JsTemplate.image, id:174, widget JsAppEmpty5.jsw_170.jsw_174
2026-06-04T12:34:10.051Z [L0]: 6/4 [0]12:34:09.298 D/js_ui SBEngine: js_create_widget2 name:JsTemplate.image, id:175, widget JsAppEmpty5.jsw_170.jsw_175
2026-06-04T12:34:10.052Z [L0]: 6/4 [0]12:34:09.299 D/js_ui SBEngine: js_create_widget2 name:JsTemplate.image, id:176, widget JsAppEmpty5.jsw_170.jsw_176
2026-06-04T12:34:10.053Z [L0]: 6/4 [0]12:34:09.301 D/js_ui SBEngine: js_create_widget2 name:JsTemplate.text, id:177, widget JsAppEmpty5.jsw_170.jsw_177
2026-06-04T12:34:10.054Z [L0]: 6/4 [0]12:34:09.301 D/jsRtApkMng SBEngine: perf_update buildTime 13 ms
2026-06-04T12:34:10.055Z [L0]: 6/4 [0]12:34:09.302 I/js_runtime SBEngine: malloc_size:1209412 after load page
2026-06-04T12:34:10.056Z [L0]: 6/4 [0]12:34:09.302 I/js_view SBEngine: onScreenPreCreate end
2026-06-04T12:34:10.056Z [L0]: 6/4 [0]12:34:09.302 D/CLayout SBEngine: >>gr_notify_callback_context event=gre.screenhide.pre from JsApp10_Screen to LauncherScreen
2026-06-04T12:34:10.057Z [L0]: 6/4 [0]12:34:09.302 D/sb_screen_adapter SBEngine: onSBScreenPreDestory LauncherScreen
2026-06-04T12:34:10.058Z [L0]: 6/4 [0]12:34:09.302 D/wf_js_layer SBEngine: updateDataOnInactive start
2026-06-04T12:34:10.059Z [L0]: 6/4 [0]12:34:09.302 D/js_rt_screen_common SBEngine: js_screen_suspend_app: screen suspend. pcid(200000001)
2026-06-04T12:34:10.059Z [L0]: 6/4 [0]12:34:09.302 I/jsRtApkMng SBEngine: js_rt_SuspendApp: pcid(200000001)
2026-06-04T12:34:10.060Z [L0]: 6/4 [0]12:34:09.302 D/jsMmStat SBEngine: [js_mm_stat_ctx_set] pcid: 800000001 -> 200000001
2026-06-04T12:34:10.061Z [L0]: 6/4 [0]12:34:09.303 D/jsRtApkMng SBEngine: switch_currentApp: pid: 8 -> 2 (appid 2DFF)
2026-06-04T12:34:10.062Z [L0]: 6/4 [0]12:34:09.303 D/js_rt_continer SBEngine: runContinerFunc: run Continer func: onPause
2026-06-04T12:34:10.062Z [L0]: 6/4 [0]12:34:09.303 D/jsMmStat SBEngine: get_mid found mid 1
2026-06-04T12:34:10.063Z [L0]: 6/4 [0]12:34:09.303 D/jsRtApkMng SBEngine: [js_rt_pcid_set] 800000001 -> 200000001
2026-06-04T12:34:10.064Z [L0]: 6/4 [0]12:34:09.303 D/js_timer SBEngine: _timer_on_pause pcid(200000001)
2026-06-04T12:34:10.065Z [L0]: 6/4 [0]12:34:09.304 D/JS_SETTING SBEngine: js_setting_pause (200000001)
2026-06-04T12:34:10.065Z [L0]: 6/4 [0]12:34:09.304 I/wf_simluator_data SBEngine: StData_unregisterListner: use current thread
2026-06-04T12:34:10.066Z [L0]: 6/4 [0]12:34:09.304 I/wf_simluator_data SBEngine: listener[0x10166f85] un register successfully
2026-06-04T12:34:10.067Z [L0]: 6/4 [0]12:34:09.304 D/step_data_manager SBEngine: _un_regist unregist sensor server 
2026-06-04T12:34:10.067Z [L0]: 6/4 [0]12:34:09.304 I/wf_simluator_data SBEngine: StData_unregisterListner: use current thread
2026-06-04T12:34:10.068Z [L0]: 6/4 [0]12:34:09.304 I/wf_simluator_data SBEngine: listener[0x101689dd] un register successfully
2026-06-04T12:34:10.069Z [L0]: 6/4 [0]12:34:09.304 D/jswea SBEngine: _un_regist unregist sensor server 
2026-06-04T12:34:10.070Z [L0]: 6/4 [0]12:34:09.304 I/wf_simluator_data SBEngine: StData_unregisterListner: use current thread
2026-06-04T12:34:10.070Z [L0]: 6/4 [0]12:34:09.304 I/wf_simluator_data SBEngine: listener[0x1016a9b9] un register successfully
2026-06-04T12:34:10.071Z [L0]: 6/4 [0]12:34:09.305 D/battey_data_manager SBEngine: _un_regist unregist sensor server 
2026-06-04T12:34:10.072Z [L0]: 6/4 [0]12:34:09.305 I/wf_simluator_data SBEngine: StData_unregisterListner: use current thread
2026-06-04T12:34:10.073Z [L0]: 6/4 [0]12:34:09.305 I/wf_simluator_data SBEngine: listener[0x10163699] un register successfully
2026-06-04T12:34:10.073Z [L0]: 6/4 [0]12:34:09.305 D/calorie_data_manager SBEngine: _un_regist unregist sensor server 
2026-06-04T12:34:10.074Z [L0]: 6/4 [0]12:34:09.305 I/wf_simluator_data SBEngine: StData_unregisterListner: use current thread
2026-06-04T12:34:10.075Z [L0]: 6/4 [0]12:34:09.305 I/wf_simluator_data SBEngine: listener[0x10163d1d] un register successfully
2026-06-04T12:34:10.076Z [L0]: 6/4 [0]12:34:09.305 E/MessageManger SBEngine: error listener 0x10169dd1
2026-06-04T12:34:10.077Z [L0]: 6/4 [0]12:34:09.305 I/quickjs-libc SBEngine: ui pause 
2026-06-04T12:34:10.078Z [L0]: 6/4 [0]12:34:09.305 D/js_sensor SBEngine: _pause_resume_process: sensor id: 0
2026-06-04T12:34:10.079Z [L0]: 6/4 [0]12:34:09.306 I/SYS_STAT_PT SBEngine: System_unregisterSPListner: use current thread
2026-06-04T12:34:10.080Z [L0]: 6/4 [0]12:34:09.306 I/widget_time_image SBEngine: touch JSW_EO_TIME_UPDATE 1
2026-06-04T12:34:10.080Z [L0]: 6/4 [0]12:34:09.306 D/timer_data_manager SBEngine: _regist timeConfig.repeatTime 800
2026-06-04T12:34:10.081Z [L0]: 6/4 [0]12:34:09.306 E/MessageManger SBEngine: error listener 0x10169dd1
2026-06-04T12:34:10.082Z [L0]: 6/4 [0]12:34:09.307 D/wf_js_layer SBEngine: updateDataOnInactive end
2026-06-04T12:34:10.083Z [L0]: 6/4 [0]12:34:09.307 D/LANCH SBEngine: launcher onScreenPause
2026-06-04T12:34:10.083Z [L0]: 6/4 [0]12:34:09.307 D/LANCH SBEngine: launcher onScreenPreDestory
2026-06-04T12:34:10.084Z [L0]: 6/4 [0]12:34:09.307 I/SASSTWG SBEngine: [onContainerPreDestroy] enter
2026-06-04T12:34:10.085Z [L0]: 6/4 [0]12:34:09.307 I/SASSTWG SBEngine: g_smartIndexBuff is null or saved!!! func:saveSmartContainer LINE:1247
2026-06-04T12:34:10.086Z [L0]: 6/4 [0]12:34:09.307 I/SASSTWG SBEngine: [onContainerPreDestroy] end
2026-06-04T12:34:10.086Z [L0]: 6/4 [0]12:34:09.307 D/sb_screen_adapter SBEngine: OnDataSave LauncherScreen
2026-06-04T12:34:10.087Z [L0]: 6/4 [0]12:34:09.345 D/CLayout SBEngine: >>gr_notify_callback_context event=gre.motion from JsApp10_Screen to LauncherScreen
2026-06-04T12:34:10.088Z [L0]: 6/4 [0]12:34:09.345 I/SysLock SBEngine: this is system lock
2026-06-04T12:34:10.089Z [L0]: 6/4 [0]12:34:09.345 I/sb_screen_adapter SBEngine: _handleSBTouchEvent  context screen staus 5 
2026-06-04T12:34:10.090Z [L0]: 6/4 [0]12:34:09.346 I/SysLock SBEngine: this is system lock
2026-06-04T12:34:10.090Z [L0]: 6/4 [0]12:34:09.346 I/sb_screen_adapter SBEngine: _handleSBTouchEvent  context screen staus 5 
2026-06-04T12:34:10.091Z [L0]: Recv buf length = 1460, ofs = 0
2026-06-04T12:34:10.092Z [L0]: Recv buf length = 2920, ofs = 0
2026-06-04T12:34:10.093Z [L0]: Recv buf length = 4380, ofs = 0
2026-06-04T12:34:10.094Z [L0]: Recv buf length = 5840, ofs = 0
2026-06-04T12:34:10.095Z [L0]: Recv buf length = 7300, ofs = 0
2026-06-04T12:34:10.096Z [L0]: Recv buf length = 8760, ofs = 0
2026-06-04T12:34:10.096Z [L0]: Recv buf length = 10220, ofs = 0
2026-06-04T12:34:10.097Z [L0]: Recv buf length = 11680, ofs = 0
2026-06-04T12:34:10.098Z [L0]: Recv buf length = 13140, ofs = 0
2026-06-04T12:34:10.099Z [L0]: Recv buf length = 14600, ofs = 0
2026-06-04T12:34:10.100Z [L0]: Recv buf length = 16060, ofs = 0
2026-06-04T12:34:10.100Z [L0]: Recv buf length = 17520, ofs = 0
2026-06-04T12:34:10.101Z [L0]: Recv buf length = 18980, ofs = 0
2026-06-04T12:34:10.102Z [L0]: Recv buf length = 20440, ofs = 0
2026-06-04T12:34:10.103Z [L0]: Recv buf length = 21900, ofs = 0
2026-06-04T12:34:10.104Z [L0]: Recv buf length = 23360, ofs = 0
2026-06-04T12:34:10.105Z [L0]: Recv buf length = 24820, ofs = 0
2026-06-04T12:34:10.105Z [L0]: Recv buf length = 26280, ofs = 0
2026-06-04T12:34:10.106Z [L0]: Recv buf length = 27740, ofs = 0
2026-06-04T12:34:10.107Z [L0]: Recv buf length = 29200, ofs = 0
2026-06-04T12:34:10.108Z [L0]: Recv buf length = 30660, ofs = 0
2026-06-04T12:34:10.108Z [L0]: Recv buf length = 32120, ofs = 0
2026-06-04T12:34:10.109Z [L0]: Recv buf length = 33580, ofs = 0
2026-06-04T12:34:10.110Z [L0]: Recv buf length = 35040, ofs = 0
2026-06-04T12:34:10.111Z [L0]: Recv buf length = 36500, ofs = 0
2026-06-04T12:34:10.112Z [L0]: Recv buf length = 37960, ofs = 0
2026-06-04T12:34:10.113Z [L0]: Recv buf length = 39420, ofs = 0
2026-06-04T12:34:10.113Z [L0]: Recv buf length = 40880, ofs = 0
2026-06-04T12:34:10.114Z [L0]: Recv buf length = 42340, ofs = 0
2026-06-04T12:34:10.115Z [L0]: Recv buf length = 43800, ofs = 0
2026-06-04T12:34:10.116Z [L0]: Recv buf length = 45260, ofs = 0
2026-06-04T12:34:10.117Z [L0]: Recv buf length = 46720, ofs = 0
2026-06-04T12:34:10.118Z [L0]: Recv buf length = 48180, ofs = 0
2026-06-04T12:34:10.118Z [L0]: Recv buf length = 49640, ofs = 0
2026-06-04T12:34:10.119Z [L0]: Recv buf length = 51100, ofs = 0
2026-06-04T12:34:10.120Z [L0]: Recv buf length = 52560, ofs = 0
2026-06-04T12:34:10.121Z [L0]: Recv buf length = 54020, ofs = 0
2026-06-04T12:34:10.122Z [L0]: Recv buf length = 55480, ofs = 0
2026-06-04T12:34:10.122Z [L0]: Recv buf length = 56940, ofs = 0
2026-06-04T12:34:10.123Z [L0]: Recv buf length = 58400, ofs = 0
2026-06-04T12:34:10.124Z [L0]: Recv buf length = 59860, ofs = 0
2026-06-04T12:34:10.125Z [L0]: Recv buf length = 61320, ofs = 0
2026-06-04T12:34:10.125Z [L0]: Recv buf length = 62780, ofs = 0
2026-06-04T12:34:10.126Z [L0]: Recv buf length = 64240, ofs = 0
2026-06-04T12:34:10.127Z [L0]: Recv buf length = 65700, ofs = 0
2026-06-04T12:34:10.128Z [L0]: Recv buf length = 67160, ofs = 0
2026-06-04T12:34:10.128Z [L0]: Recv buf length = 68620, ofs = 0
2026-06-04T12:34:10.129Z [L0]: Recv buf length = 70080, ofs = 0
2026-06-04T12:34:10.130Z [L0]: Recv buf length = 71540, ofs = 0
2026-06-04T12:34:10.131Z [L0]: Recv buf length = 73000, ofs = 0
2026-06-04T12:34:10.132Z [L0]: Recv buf length = 74460, ofs = 0
2026-06-04T12:34:10.132Z [L0]: Recv buf length = 75920, ofs = 0
2026-06-04T12:34:10.133Z [L0]: Recv buf length = 77380, ofs = 0
2026-06-04T12:34:10.134Z [L0]: Recv buf length = 78840, ofs = 0
2026-06-04T12:34:10.135Z [L0]: Recv buf length = 80300, ofs = 0
2026-06-04T12:34:10.136Z [L0]: Recv buf length = 81760, ofs = 0
2026-06-04T12:34:10.136Z [L0]: Recv buf length = 83220, ofs = 0
2026-06-04T12:34:10.137Z [L0]: Recv buf length = 84680, ofs = 0
2026-06-04T12:34:10.138Z [L0]: Recv buf length = 86140, ofs = 0
2026-06-04T12:34:10.139Z [L0]: Recv buf length = 87600, ofs = 0
2026-06-04T12:34:10.140Z [L0]: Recv buf length = 89060, ofs = 0
2026-06-04T12:34:10.140Z [L0]: Recv buf length = 90520, ofs = 0
2026-06-04T12:34:10.141Z [L0]: Recv buf length = 91980, ofs = 0
2026-06-04T12:34:10.142Z [L0]: Recv buf length = 93440, ofs = 0
2026-06-04T12:34:10.143Z [L0]: Recv buf length = 94900, ofs = 0
2026-06-04T12:34:10.143Z [L0]: Recv buf length = 96360, ofs = 0
2026-06-04T12:34:10.144Z [L0]: Recv buf length = 97820, ofs = 0
2026-06-04T12:34:10.145Z [L0]: Recv buf length = 99280, ofs = 0
2026-06-04T12:34:10.145Z [L0]: Recv buf length = 100740, ofs = 0
2026-06-04T12:34:10.146Z [L0]: Recv buf length = 102200, ofs = 0
2026-06-04T12:34:10.147Z [L0]: Recv buf length = 103660, ofs = 0
2026-06-04T12:34:10.148Z [L0]: Recv buf length = 105120, ofs = 0
2026-06-04T12:34:10.148Z [L0]: Recv buf length = 106580, ofs = 0
2026-06-04T12:34:10.149Z [L0]: Recv buf length = 108040, ofs = 0
2026-06-04T12:34:10.150Z [L0]: Recv buf length = 109500, ofs = 0
2026-06-04T12:34:10.151Z [L0]: Recv buf length = 110960, ofs = 0
2026-06-04T12:34:10.152Z [L0]: Recv buf length = 112420, ofs = 0
2026-06-04T12:34:10.153Z [L0]: Recv buf length = 113880, ofs = 0
2026-06-04T12:34:10.154Z [L0]: Recv buf length = 115340, ofs = 0
2026-06-04T12:34:10.155Z [L0]: Recv buf length = 116800, ofs = 0
2026-06-04T12:34:10.155Z [L0]: Recv buf length = 118260, ofs = 0
2026-06-04T12:34:10.156Z [L0]: Recv buf length = 119720, ofs = 0
2026-06-04T12:34:10.157Z [L0]: Recv buf length = 121180, ofs = 0
2026-06-04T12:34:10.158Z [L0]: Recv buf length = 122640, ofs = 0
2026-06-04T12:34:10.159Z [L0]: Recv buf length = 124100, ofs = 0
2026-06-04T12:34:10.160Z [L0]: Recv buf length = 125560, ofs = 0
2026-06-04T12:34:10.160Z [L0]: Recv buf length = 127020, ofs = 0
2026-06-04T12:34:10.161Z [L0]: Recv buf length = 128480, ofs = 0
2026-06-04T12:34:10.162Z [L0]: Recv buf length = 129940, ofs = 0
2026-06-04T12:34:10.163Z [L0]: Recv buf length = 131400, ofs = 0
2026-06-04T12:34:10.164Z [L0]: Recv buf length = 132860, ofs = 0
2026-06-04T12:34:10.165Z [L0]: Recv buf length = 134320, ofs = 0
2026-06-04T12:34:10.166Z [L0]: Recv buf length = 135780, ofs = 0
2026-06-04T12:34:10.166Z [L0]: Recv buf length = 137240, ofs = 0
2026-06-04T12:34:10.167Z [L0]: Recv buf length = 138700, ofs = 0
2026-06-04T12:34:10.168Z [L0]: Recv buf length = 140160, ofs = 0
2026-06-04T12:34:10.169Z [L0]: Recv buf length = 141620, ofs = 0
2026-06-04T12:34:10.170Z [L0]: Recv buf length = 143080, ofs = 0
2026-06-04T12:34:10.171Z [L0]: Recv buf length = 144540, ofs = 0
2026-06-04T12:34:10.172Z [L0]: Recv buf length = 146000, ofs = 0
2026-06-04T12:34:10.172Z [L0]: Recv buf length = 147460, ofs = 0
2026-06-04T12:34:10.173Z [L0]: Recv buf length = 148920, ofs = 0
2026-06-04T12:34:10.174Z [L0]: Recv buf length = 150380, ofs = 0
2026-06-04T12:34:10.175Z [L0]: Recv buf length = 151840, ofs = 0
2026-06-04T12:34:10.176Z [L0]: Recv buf length = 153300, ofs = 0
2026-06-04T12:34:10.177Z [L0]: Recv buf length = 154760, ofs = 0
2026-06-04T12:34:10.178Z [L0]: Recv buf length = 156220, ofs = 0
2026-06-04T12:34:10.179Z [L0]: Recv buf length = 157680, ofs = 0
2026-06-04T12:34:10.179Z [L0]: Recv buf length = 159140, ofs = 0
2026-06-04T12:34:10.180Z [L0]: Recv buf length = 160600, ofs = 0
2026-06-04T12:34:10.181Z [L0]: Recv buf length = 162060, ofs = 0
2026-06-04T12:34:10.182Z [L0]: Recv buf length = 163520, ofs = 0
2026-06-04T12:34:10.183Z [L0]: Recv buf length = 164980, ofs = 0
2026-06-04T12:34:10.184Z [L0]: Recv buf length = 166440, ofs = 0
2026-06-04T12:34:10.185Z [L0]: Recv buf length = 167900, ofs = 0
2026-06-04T12:34:10.185Z [L0]: Recv buf length = 169360, ofs = 0
2026-06-04T12:34:10.186Z [L0]: Recv buf length = 170820, ofs = 0
2026-06-04T12:34:10.187Z [L0]: Recv buf length = 172280, ofs = 0
2026-06-04T12:34:10.188Z [L0]: Recv buf length = 173740, ofs = 0
2026-06-04T12:34:10.189Z [L0]: Recv buf length = 175200, ofs = 0
2026-06-04T12:34:10.190Z [L0]: Recv buf length = 176660, ofs = 0
2026-06-04T12:34:10.190Z [L0]: Recv buf length = 178120, ofs = 0
2026-06-04T12:34:10.191Z [L0]: Recv buf length = 179580, ofs = 0
2026-06-04T12:34:10.192Z [L0]: Recv buf length = 181040, ofs = 0
2026-06-04T12:34:10.193Z [L0]: Recv buf length = 182500, ofs = 0
2026-06-04T12:34:10.193Z [L0]: Recv buf length = 183960, ofs = 0
2026-06-04T12:34:10.194Z [L0]: Recv buf length = 185420, ofs = 0
2026-06-04T12:34:10.195Z [L0]: Recv buf length = 186880, ofs = 0
2026-06-04T12:34:10.196Z [L0]: Recv buf length = 188340, ofs = 0
2026-06-04T12:34:10.197Z [L0]: Recv buf length = 189800, ofs = 0
2026-06-04T12:34:10.198Z [L0]: Recv buf length = 191260, ofs = 0
2026-06-04T12:34:10.198Z [L0]: Recv buf length = 192720, ofs = 0
2026-06-04T12:34:10.199Z [L0]: Recv buf length = 194180, ofs = 0
2026-06-04T12:34:10.200Z [L0]: Recv buf length = 195640, ofs = 0
2026-06-04T12:34:10.201Z [L0]: Recv buf length = 197100, ofs = 0
2026-06-04T12:34:10.201Z [L0]: Recv buf length = 198560, ofs = 0
2026-06-04T12:34:10.202Z [L0]: Recv buf length = 200020, ofs = 0
2026-06-04T12:34:10.203Z [L0]: Recv buf length = 201480, ofs = 0
2026-06-04T12:34:10.204Z [L0]: Recv buf length = 202940, ofs = 0
2026-06-04T12:34:10.205Z [L0]: Recv buf length = 204400, ofs = 0
2026-06-04T12:34:10.205Z [L0]: Recv buf length = 205860, ofs = 0
2026-06-04T12:34:10.206Z [L0]: Recv buf length = 207320, ofs = 0
2026-06-04T12:34:10.208Z [L0]: Recv buf length = 208780, ofs = 0
2026-06-04T12:34:10.208Z [L0]: Recv buf length = 210240, ofs = 0
2026-06-04T12:34:10.209Z [L0]: Recv buf length = 211700, ofs = 0
2026-06-04T12:34:10.210Z [L0]: Recv buf length = 213160, ofs = 0
2026-06-04T12:34:10.210Z [L0]: Recv buf length = 214620, ofs = 0
2026-06-04T12:34:10.211Z [L0]: Recv buf length = 216080, ofs = 0
2026-06-04T12:34:10.212Z [L0]: Recv buf length = 217540, ofs = 0
2026-06-04T12:34:10.213Z [L0]: Recv buf length = 219000, ofs = 0
2026-06-04T12:34:10.214Z [L0]: Recv buf length = 220460, ofs = 0
2026-06-04T12:34:10.214Z [L0]: Recv buf length = 221920, ofs = 0
2026-06-04T12:34:10.215Z [L0]: Recv buf length = 223380, ofs = 0
2026-06-04T12:34:10.216Z [L0]: Recv buf length = 224840, ofs = 0
2026-06-04T12:34:10.217Z [L0]: Recv buf length = 226300, ofs = 0
2026-06-04T12:34:10.217Z [L0]: Recv buf length = 227760, ofs = 0
2026-06-04T12:34:10.218Z [L0]: Recv buf length = 229220, ofs = 0
2026-06-04T12:34:10.219Z [L0]: Recv buf length = 230680, ofs = 0
2026-06-04T12:34:10.220Z [L0]: Recv buf length = 232140, ofs = 0
2026-06-04T12:34:10.221Z [L0]: Recv buf length = 233600, ofs = 0
2026-06-04T12:34:10.221Z [L0]: Recv buf length = 235060, ofs = 0
2026-06-04T12:34:10.222Z [L0]: Recv buf length = 236520, ofs = 0
2026-06-04T12:34:10.223Z [L0]: Recv buf length = 237980, ofs = 0
2026-06-04T12:34:10.223Z [L0]: Recv buf length = 239440, ofs = 0
2026-06-04T12:34:10.225Z [L0]: Recv buf length = 240900, ofs = 0
2026-06-04T12:34:10.226Z [L0]: Recv buf length = 242360, ofs = 0
2026-06-04T12:34:10.226Z [L0]: Recv buf length = 243820, ofs = 0
2026-06-04T12:34:10.227Z [L0]: Recv buf length = 245280, ofs = 0
2026-06-04T12:34:10.228Z [L0]: Recv buf length = 246740, ofs = 0
2026-06-04T12:34:10.228Z [L0]: Recv buf length = 248200, ofs = 0
2026-06-04T12:34:10.229Z [L0]: Recv buf length = 249660, ofs = 0
2026-06-04T12:34:10.230Z [L0]: Recv buf length = 251120, ofs = 0
2026-06-04T12:34:10.231Z [L0]: Recv buf length = 252580, ofs = 0
2026-06-04T12:34:10.232Z [L0]: Recv buf length = 254040, ofs = 0
2026-06-04T12:34:10.233Z [L0]: Recv buf length = 255500, ofs = 0
2026-06-04T12:34:10.234Z [L0]: Recv buf length = 256960, ofs = 0
2026-06-04T12:34:10.235Z [L0]: Recv buf length = 258420, ofs = 0
2026-06-04T12:34:10.235Z [L0]: Recv buf length = 259880, ofs = 0
2026-06-04T12:34:10.236Z [L0]: Recv buf length = 261340, ofs = 0
2026-06-04T12:34:10.237Z [L0]: Recv buf length = 262800, ofs = 0
2026-06-04T12:34:10.238Z [L0]: Recv buf length = 264260, ofs = 0
2026-06-04T12:34:10.239Z [L0]: Recv buf length = 265720, ofs = 0
2026-06-04T12:34:10.239Z [L0]: Recv buf length = 267180, ofs = 0
2026-06-04T12:34:10.240Z [L0]: Recv buf length = 268640, ofs = 0
2026-06-04T12:34:10.241Z [L0]: Recv buf length = 270100, ofs = 0
2026-06-04T12:34:10.242Z [L0]: Recv buf length = 271560, ofs = 0
2026-06-04T12:34:10.243Z [L0]: Recv buf length = 273020, ofs = 0
2026-06-04T12:34:10.244Z [L0]: Recv buf length = 274480, ofs = 0
2026-06-04T12:34:10.244Z [L0]: Recv buf length = 275940, ofs = 0
2026-06-04T12:34:10.245Z [L0]: Recv buf length = 277400, ofs = 0
2026-06-04T12:34:10.246Z [L0]: Recv buf length = 278860, ofs = 0
2026-06-04T12:34:10.247Z [L0]: Recv buf length = 280320, ofs = 0
2026-06-04T12:34:10.248Z [L0]: Recv buf length = 281780, ofs = 0
2026-06-04T12:34:10.249Z [L0]: Recv buf length = 283240, ofs = 0
2026-06-04T12:34:10.250Z [L0]: Recv buf length = 284700, ofs = 0
2026-06-04T12:34:10.251Z [L0]: Recv buf length = 286160, ofs = 0
2026-06-04T12:34:10.252Z [L0]: Recv buf length = 287620, ofs = 0
2026-06-04T12:34:10.253Z [L0]: Recv buf length = 289080, ofs = 0
2026-06-04T12:34:10.253Z [L0]: Recv buf length = 290540, ofs = 0
2026-06-04T12:34:10.254Z [L0]: Recv buf length = 292000, ofs = 0
2026-06-04T12:34:10.255Z [L0]: Recv buf length = 293460, ofs = 0
2026-06-04T12:34:10.256Z [L0]: Recv buf length = 294920, ofs = 0
2026-06-04T12:34:10.257Z [L0]: Recv buf length = 296380, ofs = 0
2026-06-04T12:34:10.257Z [L0]: Recv buf length = 297840, ofs = 0
2026-06-04T12:34:10.258Z [L0]: Recv buf length = 299300, ofs = 0
2026-06-04T12:34:10.259Z [L0]: Recv buf length = 300760, ofs = 0
2026-06-04T12:34:10.259Z [L0]: Recv buf length = 302220, ofs = 0
2026-06-04T12:34:10.260Z [L0]: Recv buf length = 303680, ofs = 0
2026-06-04T12:34:10.261Z [L0]: Recv buf length = 305140, ofs = 0
2026-06-04T12:34:10.262Z [L0]: Recv buf length = 306600, ofs = 0
2026-06-04T12:34:10.263Z [L0]: Recv buf length = 308060, ofs = 0
2026-06-04T12:34:10.264Z [L0]: Recv buf length = 309520, ofs = 0
2026-06-04T12:34:10.265Z [L0]: Recv buf length = 310980, ofs = 0
2026-06-04T12:34:10.265Z [L0]: Recv buf length = 312440, ofs = 0
2026-06-04T12:34:10.266Z [L0]: Recv buf length = 313900, ofs = 0
2026-06-04T12:34:10.267Z [L0]: Recv buf length = 315360, ofs = 0
2026-06-04T12:34:10.268Z [L0]: Recv buf length = 316820, ofs = 0
2026-06-04T12:34:10.269Z [L0]: Recv buf length = 318280, ofs = 0
2026-06-04T12:34:10.269Z [L0]: Recv buf length = 319740, ofs = 0
2026-06-04T12:34:10.270Z [L0]: Recv buf length = 321200, ofs = 0
2026-06-04T12:34:10.271Z [L0]: Recv buf length = 322660, ofs = 0
2026-06-04T12:34:10.272Z [L0]: Recv buf length = 324120, ofs = 0
2026-06-04T12:34:10.273Z [L0]: Recv buf length = 325580, ofs = 0
2026-06-04T12:34:10.274Z [L0]: Recv buf length = 327040, ofs = 0
2026-06-04T12:34:10.274Z [L0]: Recv buf length = 328500, ofs = 0
2026-06-04T12:34:10.275Z [L0]: Recv buf length = 329960, ofs = 0
2026-06-04T12:34:10.276Z [L0]: Recv buf length = 331420, ofs = 0
2026-06-04T12:34:10.277Z [L0]: Recv buf length = 332880, ofs = 0
2026-06-04T12:34:10.278Z [L0]: Recv buf length = 334340, ofs = 0
2026-06-04T12:34:10.279Z [L0]: Recv buf length = 335800, ofs = 0
2026-06-04T12:34:10.280Z [L0]: Recv buf length = 337260, ofs = 0
2026-06-04T12:34:10.281Z [L0]: Recv buf length = 338720, ofs = 0
2026-06-04T12:34:10.282Z [L0]: Recv buf length = 340180, ofs = 0
2026-06-04T12:34:10.283Z [L0]: Recv buf length = 341640, ofs = 0
2026-06-04T12:34:10.283Z [L0]: Recv buf length = 343100, ofs = 0
2026-06-04T12:34:10.284Z [L0]: Recv buf length = 344560, ofs = 0
2026-06-04T12:34:10.285Z [L0]: Recv buf length = 346020, ofs = 0
2026-06-04T12:34:10.286Z [L0]: Recv buf length = 347480, ofs = 0
2026-06-04T12:34:10.286Z [L0]: Recv buf length = 348940, ofs = 0
2026-06-04T12:34:10.287Z [L0]: Recv buf length = 350400, ofs = 0
2026-06-04T12:34:10.288Z [L0]: Recv buf length = 351860, ofs = 0
2026-06-04T12:34:10.289Z [L0]: Recv buf length = 353320, ofs = 0
2026-06-04T12:34:10.289Z [L0]: Recv buf length = 354780, ofs = 0
2026-06-04T12:34:10.291Z [L0]: Recv buf length = 356240, ofs = 0
2026-06-04T12:34:10.292Z [L0]: Recv buf length = 357700, ofs = 0
2026-06-04T12:34:10.293Z [L0]: Recv buf length = 359160, ofs = 0
2026-06-04T12:34:10.294Z [L0]: Recv buf length = 360620, ofs = 0
2026-06-04T12:34:10.294Z [L0]: Recv buf length = 362080, ofs = 0
2026-06-04T12:34:10.295Z [L0]: Recv buf length = 363540, ofs = 0
2026-06-04T12:34:10.296Z [L0]: Recv buf length = 365000, ofs = 0
2026-06-04T12:34:10.297Z [L0]: Recv buf length = 366460, ofs = 0
2026-06-04T12:34:10.298Z [L0]: Recv buf length = 367920, ofs = 0
2026-06-04T12:34:10.299Z [L0]: Recv buf length = 369380, ofs = 0
2026-06-04T12:34:10.300Z [L0]: Recv buf length = 370840, ofs = 0
2026-06-04T12:34:10.300Z [L0]: Recv buf length = 372300, ofs = 0
2026-06-04T12:34:10.301Z [L0]: Recv buf length = 373760, ofs = 0
2026-06-04T12:34:10.302Z [L0]: Recv buf length = 375220, ofs = 0
2026-06-04T12:34:10.303Z [L0]: Recv buf length = 376680, ofs = 0
2026-06-04T12:34:10.304Z [L0]: Recv buf length = 378140, ofs = 0
2026-06-04T12:34:10.304Z [L0]: Recv buf length = 379600, ofs = 0
2026-06-04T12:34:10.305Z [L0]: Recv buf length = 381060, ofs = 0
2026-06-04T12:34:10.306Z [L0]: Recv buf length = 382520, ofs = 0
2026-06-04T12:34:10.306Z [L0]: Recv buf length = 383980, ofs = 0
2026-06-04T12:34:10.307Z [L0]: Recv buf length = 385440, ofs = 0
2026-06-04T12:34:10.308Z [L0]: Recv buf length = 386900, ofs = 0
2026-06-04T12:34:10.308Z [L0]: Recv buf length = 388360, ofs = 0
2026-06-04T12:34:10.309Z [L0]: Recv buf length = 389820, ofs = 0
2026-06-04T12:34:10.310Z [L0]: Recv buf length = 391280, ofs = 0
2026-06-04T12:34:10.311Z [L0]: Recv buf length = 392740, ofs = 0
2026-06-04T12:34:10.312Z [L0]: Recv buf length = 394200, ofs = 0
2026-06-04T12:34:10.312Z [L0]: Recv buf length = 395660, ofs = 0
2026-06-04T12:34:10.313Z [L0]: Recv buf length = 397120, ofs = 0
2026-06-04T12:34:10.314Z [L0]: Recv buf length = 398580, ofs = 0
2026-06-04T12:34:10.314Z [L0]: Recv buf length = 400040, ofs = 0
2026-06-04T12:34:10.316Z [L0]: Recv buf length = 401500, ofs = 0
2026-06-04T12:34:10.316Z [L0]: Recv buf length = 402960, ofs = 0
2026-06-04T12:34:10.317Z [L0]: Recv buf length = 404420, ofs = 0
2026-06-04T12:34:10.318Z [L0]: Recv buf length = 405880, ofs = 0
2026-06-04T12:34:10.319Z [L0]: Recv buf length = 407340, ofs = 0
2026-06-04T12:34:10.320Z [L0]: Recv buf length = 408800, ofs = 0
2026-06-04T12:34:10.321Z [L0]: Recv buf length = 410260, ofs = 0
2026-06-04T12:34:10.322Z [L0]: Recv buf length = 411720, ofs = 0
2026-06-04T12:34:10.323Z [L0]: Recv buf length = 413180, ofs = 0
2026-06-04T12:34:10.324Z [L0]: Recv buf length = 414640, ofs = 0
2026-06-04T12:34:10.324Z [L0]: Recv buf length = 416100, ofs = 0
2026-06-04T12:34:10.325Z [L0]: Recv buf length = 417560, ofs = 0
2026-06-04T12:34:10.326Z [L0]: Recv buf length = 419020, ofs = 0
2026-06-04T12:34:10.327Z [L0]: Recv buf length = 420480, ofs = 0
2026-06-04T12:34:10.328Z [L0]: Recv buf length = 421940, ofs = 0
2026-06-04T12:34:10.329Z [L0]: Recv buf length = 423400, ofs = 0
2026-06-04T12:34:10.330Z [L0]: Recv buf length = 424860, ofs = 0
2026-06-04T12:34:10.330Z [L0]: Recv buf length = 426320, ofs = 0
2026-06-04T12:34:10.331Z [L0]: Recv buf length = 427780, ofs = 0
2026-06-04T12:34:10.332Z [L0]: Recv buf length = 429240, ofs = 0
2026-06-04T12:34:10.333Z [L0]: Recv buf length = 430700, ofs = 0
2026-06-04T12:34:10.334Z [L0]: Recv buf length = 432160, ofs = 0
2026-06-04T12:34:10.335Z [L0]: Recv buf length = 433620, ofs = 0
2026-06-04T12:34:10.336Z [L0]: Recv buf length = 435080, ofs = 0
2026-06-04T12:34:10.336Z [L0]: Recv buf length = 436540, ofs = 0
2026-06-04T12:34:10.337Z [L0]: Recv buf length = 438000, ofs = 0
2026-06-04T12:34:10.338Z [L0]: Recv buf length = 439460, ofs = 0
2026-06-04T12:34:10.339Z [L0]: Recv buf length = 440920, ofs = 0
2026-06-04T12:34:10.340Z [L0]: Recv buf length = 442380, ofs = 0
2026-06-04T12:34:10.341Z [L0]: Recv buf length = 443840, ofs = 0
2026-06-04T12:34:10.342Z [L0]: Recv buf length = 445300, ofs = 0
2026-06-04T12:34:10.342Z [L0]: Recv buf length = 446760, ofs = 0
2026-06-04T12:34:10.343Z [L0]: Recv buf length = 448220, ofs = 0
2026-06-04T12:34:10.344Z [L0]: Recv buf length = 449680, ofs = 0
2026-06-04T12:34:10.345Z [L0]: Recv buf length = 451140, ofs = 0
2026-06-04T12:34:10.346Z [L0]: Recv buf length = 452600, ofs = 0
2026-06-04T12:34:10.346Z [L0]: Recv buf length = 454060, ofs = 0
2026-06-04T12:34:10.347Z [L0]: Recv buf length = 455520, ofs = 0
2026-06-04T12:34:10.348Z [L0]: Recv buf length = 456980, ofs = 0
2026-06-04T12:34:10.349Z [L0]: Recv buf length = 458440, ofs = 0
2026-06-04T12:34:10.350Z [L0]: Recv buf length = 459900, ofs = 0
2026-06-04T12:34:10.351Z [L0]: Recv buf length = 461360, ofs = 0
2026-06-04T12:34:10.352Z [L0]: Recv buf length = 462820, ofs = 0
2026-06-04T12:34:10.353Z [L0]: Recv buf length = 464280, ofs = 0
2026-06-04T12:34:10.353Z [L0]: Recv buf length = 465740, ofs = 0
2026-06-04T12:34:10.354Z [L0]: Recv buf length = 467200, ofs = 0
2026-06-04T12:34:10.355Z [L0]: Recv buf length = 468660, ofs = 0
2026-06-04T12:34:10.356Z [L0]: Recv buf length = 470120, ofs = 0
2026-06-04T12:34:10.357Z [L0]: Recv buf length = 471580, ofs = 0
2026-06-04T12:34:10.358Z [L0]: Recv buf length = 473040, ofs = 0
2026-06-04T12:34:10.359Z [L0]: Recv buf length = 474500, ofs = 0
2026-06-04T12:34:10.360Z [L0]: Recv buf length = 475960, ofs = 0
2026-06-04T12:34:10.361Z [L0]: Recv buf length = 477420, ofs = 0
2026-06-04T12:34:10.361Z [L0]: Recv buf length = 478880, ofs = 0
2026-06-04T12:34:10.362Z [L0]: Recv buf length = 480340, ofs = 0
2026-06-04T12:34:10.363Z [L0]: Recv buf length = 481800, ofs = 0
2026-06-04T12:34:10.364Z [L0]: Recv buf length = 483260, ofs = 0
2026-06-04T12:34:10.365Z [L0]: Recv buf length = 484720, ofs = 0
2026-06-04T12:34:10.366Z [L0]: Recv buf length = 486180, ofs = 0
2026-06-04T12:34:10.367Z [L0]: Recv buf length = 487640, ofs = 0
2026-06-04T12:34:10.368Z [L0]: Recv buf length = 489100, ofs = 0
2026-06-04T12:34:10.368Z [L0]: Recv buf length = 490560, ofs = 0
2026-06-04T12:34:10.369Z [L0]: Recv buf length = 492020, ofs = 0
2026-06-04T12:34:10.371Z [L0]: Recv buf length = 493480, ofs = 0
2026-06-04T12:34:10.371Z [L0]: Recv buf length = 494940, ofs = 0
2026-06-04T12:34:10.372Z [L0]: Recv buf length = 496400, ofs = 0
2026-06-04T12:34:10.373Z [L0]: Recv buf length = 497860, ofs = 0
2026-06-04T12:34:10.374Z [L0]: Recv buf length = 499320, ofs = 0
2026-06-04T12:34:10.375Z [L0]: Recv buf length = 500780, ofs = 0
2026-06-04T12:34:10.376Z [L0]: Recv buf length = 502240, ofs = 0
2026-06-04T12:34:10.377Z [L0]: Recv buf length = 503700, ofs = 0
2026-06-04T12:34:10.378Z [L0]: Recv buf length = 505160, ofs = 0
2026-06-04T12:34:10.378Z [L0]: Recv buf length = 506620, ofs = 0
2026-06-04T12:34:10.379Z [L0]: Recv buf length = 508080, ofs = 0
2026-06-04T12:34:10.380Z [L0]: Recv buf length = 509540, ofs = 0
2026-06-04T12:34:10.381Z [L0]: Recv buf length = 511000, ofs = 0
2026-06-04T12:34:10.382Z [L0]: Recv buf length = 512460, ofs = 0
2026-06-04T12:34:10.383Z [L0]: Recv buf length = 513920, ofs = 0
2026-06-04T12:34:10.383Z [L0]: Recv buf length = 515380, ofs = 0
2026-06-04T12:34:10.384Z [L0]: Recv buf length = 516840, ofs = 0
2026-06-04T12:34:10.385Z [L0]: Recv buf length = 518300, ofs = 0
2026-06-04T12:34:10.386Z [L0]: Recv buf length = 519760, ofs = 0
2026-06-04T12:34:10.386Z [L0]: Recv buf length = 521220, ofs = 0
2026-06-04T12:34:10.387Z [L0]: Recv buf length = 522680, ofs = 0
2026-06-04T12:34:10.388Z [L0]: Recv buf length = 524140, ofs = 0
2026-06-04T12:34:10.389Z [L0]: Recv buf length = 525600, ofs = 0
2026-06-04T12:34:10.390Z [L0]: Recv buf length = 527060, ofs = 0
2026-06-04T12:34:10.390Z [L0]: Recv buf length = 528520, ofs = 0
2026-06-04T12:34:10.391Z [L0]: Recv buf length = 529980, ofs = 0
2026-06-04T12:34:10.392Z [L0]: Recv buf length = 531440, ofs = 0
2026-06-04T12:34:10.393Z [L0]: Recv buf length = 532900, ofs = 0
2026-06-04T12:34:10.394Z [L0]: Recv buf length = 534360, ofs = 0
2026-06-04T12:34:10.395Z [L0]: Recv buf length = 535820, ofs = 0
2026-06-04T12:34:10.396Z [L0]: Recv buf length = 537280, ofs = 0
2026-06-04T12:34:10.396Z [L0]: Recv buf length = 538740, ofs = 0
2026-06-04T12:34:10.397Z [L0]: Recv buf length = 540200, ofs = 0
2026-06-04T12:34:10.398Z [L0]: Recv buf length = 541660, ofs = 0
2026-06-04T12:34:10.399Z [L0]: Recv buf length = 543120, ofs = 0
2026-06-04T12:34:10.399Z [L0]: Recv buf length = 544580, ofs = 0
2026-06-04T12:34:10.401Z [L0]: Recv buf length = 546040, ofs = 0
2026-06-04T12:34:10.401Z [L0]: Recv buf length = 547500, ofs = 0
2026-06-04T12:34:10.402Z [L0]: Recv buf length = 548960, ofs = 0
2026-06-04T12:34:10.403Z [L0]: Recv buf length = 550420, ofs = 0
2026-06-04T12:34:10.404Z [L0]: Recv buf length = 551880, ofs = 0
2026-06-04T12:34:10.405Z [L0]: Recv buf length = 553340, ofs = 0
2026-06-04T12:34:10.405Z [L0]: Recv buf length = 554800, ofs = 0
2026-06-04T12:34:10.406Z [L0]: Recv buf length = 556260, ofs = 0
2026-06-04T12:34:10.407Z [L0]: Recv buf length = 557720, ofs = 0
2026-06-04T12:34:10.408Z [L0]: Recv buf length = 559180, ofs = 0
2026-06-04T12:34:10.408Z [L0]: Recv buf length = 560640, ofs = 0
2026-06-04T12:34:10.409Z [L0]: Recv buf length = 562100, ofs = 0
2026-06-04T12:34:10.410Z [L0]: Recv buf length = 563560, ofs = 0
2026-06-04T12:34:10.411Z [L0]: Recv buf length = 565020, ofs = 0
2026-06-04T12:34:10.411Z [L0]: 6/4 [0]12:34:09.446 I/SysLock SBEngine: this is system lock
2026-06-04T12:34:10.412Z [L0]: 6/4 [0]12:34:09.446 I/sb_screen_adapter SBEngine: _handleSBTouchEvent  context screen staus 5 
2026-06-04T12:34:10.413Z [L0]: 6/4 [0]12:34:09.446 I/SysLock SBEngine: this is system lock
2026-06-04T12:34:10.413Z [L0]: 6/4 [0]12:34:09.446 I/sb_screen_adapter SBEngine: _handleSBTouchEvent  context screen staus 5 
2026-06-04T12:34:10.414Z [L0]: Recv buf length = 566480, ofs = 0
2026-06-04T12:34:10.415Z [L0]: Recv buf length = 567940, ofs = 0
2026-06-04T12:34:10.415Z [L0]: Recv buf length = 569400, ofs = 0
2026-06-04T12:34:10.416Z [L0]: Recv buf length = 570860, ofs = 0
2026-06-04T12:34:10.417Z [L0]: Recv buf length = 572320, ofs = 0
2026-06-04T12:34:10.418Z [L0]: Recv buf length = 573780, ofs = 0
2026-06-04T12:34:10.419Z [L0]: Recv buf length = 575240, ofs = 0
2026-06-04T12:34:10.420Z [L0]: Recv buf length = 576700, ofs = 0
2026-06-04T12:34:10.420Z [L0]: Recv buf length = 578160, ofs = 0
2026-06-04T12:34:10.421Z [L0]: Recv buf length = 579620, ofs = 0
2026-06-04T12:34:10.422Z [L0]: Recv buf length = 581080, ofs = 0
2026-06-04T12:34:10.423Z [L0]: Recv buf length = 582540, ofs = 0
2026-06-04T12:34:10.424Z [L0]: Recv buf length = 584000, ofs = 0
2026-06-04T12:34:10.425Z [L0]: Recv buf length = 585460, ofs = 0
2026-06-04T12:34:10.426Z [L0]: Recv buf length = 586920, ofs = 0
2026-06-04T12:34:10.426Z [L0]: Recv buf length = 588380, ofs = 0
2026-06-04T12:34:10.427Z [L0]: Recv buf length = 589840, ofs = 0
2026-06-04T12:34:10.428Z [L0]: Recv buf length = 591300, ofs = 0
2026-06-04T12:34:10.428Z [L0]: Recv buf length = 592760, ofs = 0
2026-06-04T12:34:10.429Z [L0]: Recv buf length = 594220, ofs = 0
2026-06-04T12:34:10.430Z [L0]: Recv buf length = 595680, ofs = 0
2026-06-04T12:34:10.431Z [L0]: Recv buf length = 597140, ofs = 0
2026-06-04T12:34:10.432Z [L0]: Recv buf length = 598600, ofs = 0
2026-06-04T12:34:10.433Z [L0]: Recv buf length = 600060, ofs = 0
2026-06-04T12:34:10.433Z [L0]: Recv buf length = 601520, ofs = 0
2026-06-04T12:34:10.434Z [L0]: Recv buf length = 602980, ofs = 0
2026-06-04T12:34:10.435Z [L0]: Recv buf length = 604440, ofs = 0
2026-06-04T12:34:10.436Z [L0]: Recv buf length = 605900, ofs = 0
2026-06-04T12:34:10.436Z [L0]: Recv buf length = 607360, ofs = 0
2026-06-04T12:34:10.437Z [L0]: Recv buf length = 608820, ofs = 0
2026-06-04T12:34:10.438Z [L0]: Recv buf length = 610280, ofs = 0
2026-06-04T12:34:10.439Z [L0]: Recv buf length = 611740, ofs = 0
2026-06-04T12:34:10.439Z [L0]: Recv buf length = 613200, ofs = 0
2026-06-04T12:34:10.440Z [L0]: Recv buf length = 614660, ofs = 0
2026-06-04T12:34:10.441Z [L0]: Recv buf length = 616120, ofs = 0
2026-06-04T12:34:10.442Z [L0]: Recv buf length = 617580, ofs = 0
2026-06-04T12:34:10.442Z [L0]: Recv buf length = 619040, ofs = 0
2026-06-04T12:34:10.443Z [L0]: Recv buf length = 620500, ofs = 0
2026-06-04T12:34:10.444Z [L0]: Recv buf length = 621960, ofs = 0
2026-06-04T12:34:10.445Z [L0]: Recv buf length = 623420, ofs = 0
2026-06-04T12:34:10.445Z [L0]: Recv buf length = 624880, ofs = 0
2026-06-04T12:34:10.446Z [L0]: Recv buf length = 626340, ofs = 0
2026-06-04T12:34:10.447Z [L0]: Recv buf length = 627800, ofs = 0
2026-06-04T12:34:10.448Z [L0]: Recv buf length = 629260, ofs = 0
2026-06-04T12:34:10.449Z [L0]: Recv buf length = 630720, ofs = 0
2026-06-04T12:34:10.449Z [L0]: Recv buf length = 632180, ofs = 0
2026-06-04T12:34:10.450Z [L0]: Recv buf length = 633640, ofs = 0
2026-06-04T12:34:10.451Z [L0]: Recv buf length = 635100, ofs = 0
2026-06-04T12:34:10.452Z [L0]: Recv buf length = 636560, ofs = 0
2026-06-04T12:34:10.452Z [L0]: Recv buf length = 638020, ofs = 0
2026-06-04T12:34:10.453Z [L0]: Recv buf length = 639480, ofs = 0
2026-06-04T12:34:10.454Z [L0]: Recv buf length = 640940, ofs = 0
2026-06-04T12:34:10.454Z [L0]: Recv buf length = 642400, ofs = 0
2026-06-04T12:34:10.455Z [L0]: Recv buf length = 643860, ofs = 0
2026-06-04T12:34:10.456Z [L0]: Recv buf length = 645320, ofs = 0
2026-06-04T12:34:10.457Z [L0]: Recv buf length = 646780, ofs = 0
2026-06-04T12:34:10.458Z [L0]: Recv buf length = 648240, ofs = 0
2026-06-04T12:34:10.458Z [L0]: Recv buf length = 649700, ofs = 0
2026-06-04T12:34:10.459Z [L0]: Recv buf length = 651160, ofs = 0
2026-06-04T12:34:10.460Z [L0]: Recv buf length = 652620, ofs = 0
2026-06-04T12:34:10.460Z [L0]: Recv buf length = 654080, ofs = 0
2026-06-04T12:34:10.461Z [L0]: Recv buf length = 655540, ofs = 0
2026-06-04T12:34:10.462Z [L0]: Recv buf length = 657000, ofs = 0
2026-06-04T12:34:10.463Z [L0]: Recv buf length = 658460, ofs = 0
2026-06-04T12:34:10.464Z [L0]: Recv buf length = 659920, ofs = 0
2026-06-04T12:34:10.464Z [L0]: Recv buf length = 661380, ofs = 0
2026-06-04T12:34:10.465Z [L0]: Recv buf length = 662840, ofs = 0
2026-06-04T12:34:10.466Z [L0]: Recv buf length = 664300, ofs = 0
2026-06-04T12:34:10.466Z [L0]: Recv buf length = 665760, ofs = 0
2026-06-04T12:34:10.467Z [L0]: Recv buf length = 667220, ofs = 0
2026-06-04T12:34:10.468Z [L0]: Recv buf length = 668680, ofs = 0
2026-06-04T12:34:10.468Z [L0]: Recv buf length = 670140, ofs = 0
2026-06-04T12:34:10.469Z [L0]: Recv buf length = 671600, ofs = 0
2026-06-04T12:34:10.470Z [L0]: Recv buf length = 673060, ofs = 0
2026-06-04T12:34:10.471Z [L0]: Recv buf length = 674520, ofs = 0
2026-06-04T12:34:10.471Z [L0]: Recv buf length = 675980, ofs = 0
2026-06-04T12:34:10.472Z [L0]: Recv buf length = 677440, ofs = 0
2026-06-04T12:34:10.473Z [L0]: Recv buf length = 678900, ofs = 0
2026-06-04T12:34:10.473Z [L0]: Recv buf length = 680360, ofs = 0
2026-06-04T12:34:10.474Z [L0]: Recv buf length = 681820, ofs = 0
2026-06-04T12:34:10.475Z [L0]: Recv buf length = 683280, ofs = 0
2026-06-04T12:34:10.475Z [L0]: Recv buf length = 684740, ofs = 0
2026-06-04T12:34:10.476Z [L0]: Recv buf length = 686200, ofs = 0
2026-06-04T12:34:10.477Z [L0]: Recv buf length = 687660, ofs = 0
2026-06-04T12:34:10.478Z [L0]: Recv buf length = 689120, ofs = 0
2026-06-04T12:34:10.479Z [L0]: Recv buf length = 690580, ofs = 0
2026-06-04T12:34:10.479Z [L0]: Recv buf length = 692040, ofs = 0
2026-06-04T12:34:10.480Z [L0]: Recv buf length = 693500, ofs = 0
2026-06-04T12:34:10.481Z [L0]: Recv buf length = 694960, ofs = 0
2026-06-04T12:34:10.482Z [L0]: Recv buf length = 696420, ofs = 0
2026-06-04T12:34:10.482Z [L0]: Recv buf length = 697880, ofs = 0
2026-06-04T12:34:10.483Z [L0]: Recv buf length = 699340, ofs = 0
2026-06-04T12:34:10.484Z [L0]: Recv buf length = 700800, ofs = 0
2026-06-04T12:34:10.485Z [L0]: Recv buf length = 702260, ofs = 0
2026-06-04T12:34:10.486Z [L0]: Recv buf length = 703720, ofs = 0
2026-06-04T12:34:10.486Z [L0]: Recv buf length = 705180, ofs = 0
2026-06-04T12:34:10.487Z [L0]: Recv buf length = 706640, ofs = 0
2026-06-04T12:34:10.488Z [L0]: Recv buf length = 708100, ofs = 0
2026-06-04T12:34:10.488Z [L0]: Recv buf length = 709560, ofs = 0
2026-06-04T12:34:10.489Z [L0]: Recv buf length = 711020, ofs = 0
2026-06-04T12:34:10.490Z [L0]: Recv buf length = 712480, ofs = 0
2026-06-04T12:34:10.491Z [L0]: Recv buf length = 713940, ofs = 0
2026-06-04T12:34:10.491Z [L0]: Recv buf length = 715400, ofs = 0
2026-06-04T12:34:10.492Z [L0]: Recv buf length = 716860, ofs = 0
2026-06-04T12:34:10.493Z [L0]: Recv buf length = 718320, ofs = 0
2026-06-04T12:34:10.494Z [L0]: Recv buf length = 719780, ofs = 0
2026-06-04T12:34:10.495Z [L0]: Recv buf length = 721240, ofs = 0
2026-06-04T12:34:10.495Z [L0]: Recv buf length = 722700, ofs = 0
2026-06-04T12:34:10.496Z [L0]: Recv buf length = 724160, ofs = 0
2026-06-04T12:34:10.497Z [L0]: Recv buf length = 725620, ofs = 0
2026-06-04T12:34:10.498Z [L0]: Recv buf length = 727080, ofs = 0
2026-06-04T12:34:10.498Z [L0]: Recv buf length = 728540, ofs = 0
2026-06-04T12:34:10.499Z [L0]: Recv buf length = 730000, ofs = 0
2026-06-04T12:34:10.500Z [L0]: Recv buf length = 731460, ofs = 0
2026-06-04T12:34:10.501Z [L0]: Recv buf length = 732920, ofs = 0
2026-06-04T12:34:10.501Z [L0]: Recv buf length = 734380, ofs = 0
2026-06-04T12:34:10.502Z [L0]: Recv buf length = 735840, ofs = 0
2026-06-04T12:34:10.503Z [L0]: Recv buf length = 737300, ofs = 0
2026-06-04T12:34:10.504Z [L0]: Recv buf length = 738760, ofs = 0
2026-06-04T12:34:10.504Z [L0]: Recv buf length = 740220, ofs = 0
2026-06-04T12:34:10.505Z [L0]: Recv buf length = 741680, ofs = 0
2026-06-04T12:34:10.506Z [L0]: Recv buf length = 743140, ofs = 0
2026-06-04T12:34:10.506Z [L0]: Recv buf length = 744600, ofs = 0
2026-06-04T12:34:10.507Z [L0]: Recv buf length = 746060, ofs = 0
2026-06-04T12:34:10.508Z [L0]: Recv buf length = 747520, ofs = 0
2026-06-04T12:34:10.509Z [L0]: Recv buf length = 748980, ofs = 0
2026-06-04T12:34:10.510Z [L0]: Recv buf length = 750440, ofs = 0
2026-06-04T12:34:10.510Z [L0]: Recv buf length = 751900, ofs = 0
2026-06-04T12:34:10.511Z [L0]: Recv buf length = 753360, ofs = 0
2026-06-04T12:34:10.512Z [L0]: Recv buf length = 754820, ofs = 0
2026-06-04T12:34:10.513Z [L0]: Recv buf length = 756280, ofs = 0
2026-06-04T12:34:10.513Z [L0]: Recv buf length = 757740, ofs = 0
2026-06-04T12:34:10.514Z [L0]: Recv buf length = 759200, ofs = 0
2026-06-04T12:34:10.515Z [L0]: Recv buf length = 760660, ofs = 0
2026-06-04T12:34:10.516Z [L0]: Recv buf length = 762120, ofs = 0
2026-06-04T12:34:10.517Z [L0]: Recv buf length = 763580, ofs = 0
2026-06-04T12:34:10.517Z [L0]: Recv buf length = 765040, ofs = 0
2026-06-04T12:34:10.518Z [L0]: Recv buf length = 766500, ofs = 0
2026-06-04T12:34:10.519Z [L0]: Recv buf length = 767960, ofs = 0
2026-06-04T12:34:10.520Z [L0]: Recv buf length = 769420, ofs = 0
2026-06-04T12:34:10.520Z [L0]: Recv buf length = 770880, ofs = 0
2026-06-04T12:34:10.521Z [L0]: Recv buf length = 772340, ofs = 0
2026-06-04T12:34:10.522Z [L0]: Recv buf length = 773800, ofs = 0
2026-06-04T12:34:10.522Z [L0]: Recv buf length = 775260, ofs = 0
2026-06-04T12:34:10.523Z [L0]: Recv buf length = 776720, ofs = 0
2026-06-04T12:34:10.524Z [L0]: Recv buf length = 778180, ofs = 0
2026-06-04T12:34:10.525Z [L0]: Recv buf length = 779640, ofs = 0
2026-06-04T12:34:10.525Z [L0]: Recv buf length = 781100, ofs = 0
2026-06-04T12:34:10.526Z [L0]: Recv buf length = 782560, ofs = 0
2026-06-04T12:34:10.527Z [L0]: Recv buf length = 784020, ofs = 0
2026-06-04T12:34:10.528Z [L0]: Recv buf length = 785480, ofs = 0
2026-06-04T12:34:10.529Z [L0]: Recv buf length = 786940, ofs = 0
2026-06-04T12:34:10.529Z [L0]: Recv buf length = 788400, ofs = 0
2026-06-04T12:34:10.530Z [L0]: Recv buf length = 789860, ofs = 0
2026-06-04T12:34:10.531Z [L0]: Recv buf length = 791320, ofs = 0
2026-06-04T12:34:10.531Z [L0]: Recv buf length = 792780, ofs = 0
2026-06-04T12:34:10.532Z [L0]: Recv buf length = 794240, ofs = 0
2026-06-04T12:34:10.533Z [L0]: Recv buf length = 795700, ofs = 0
2026-06-04T12:34:10.534Z [L0]: Recv buf length = 797160, ofs = 0
2026-06-04T12:34:10.535Z [L0]: Recv buf length = 798620, ofs = 0
2026-06-04T12:34:10.535Z [L0]: Recv buf length = 800080, ofs = 0
2026-06-04T12:34:10.536Z [L0]: Recv buf length = 801540, ofs = 0
2026-06-04T12:34:10.537Z [L0]: Recv buf length = 803000, ofs = 0
2026-06-04T12:34:10.538Z [L0]: Recv buf length = 804460, ofs = 0
2026-06-04T12:34:10.539Z [L0]: Recv buf length = 805920, ofs = 0
2026-06-04T12:34:10.539Z [L0]: Recv buf length = 807380, ofs = 0
2026-06-04T12:34:10.540Z [L0]: Recv buf length = 808840, ofs = 0
2026-06-04T12:34:10.541Z [L0]: Recv buf length = 810300, ofs = 0
2026-06-04T12:34:10.542Z [L0]: Recv buf length = 811760, ofs = 0
2026-06-04T12:34:10.543Z [L0]: Recv buf length = 813220, ofs = 0
2026-06-04T12:34:10.543Z [L0]: Recv buf length = 814680, ofs = 0
2026-06-04T12:34:10.544Z [L0]: Recv buf length = 816140, ofs = 0
2026-06-04T12:34:10.545Z [L0]: Recv buf length = 817600, ofs = 0
2026-06-04T12:34:10.546Z [L0]: Recv buf length = 819060, ofs = 0
2026-06-04T12:34:10.546Z [L0]: Recv buf length = 820520, ofs = 0
2026-06-04T12:34:10.547Z [L0]: Recv buf length = 821980, ofs = 0
2026-06-04T12:34:10.548Z [L0]: Recv buf length = 823440, ofs = 0
2026-06-04T12:34:10.549Z [L0]: Recv buf length = 824900, ofs = 0
2026-06-04T12:34:10.549Z [L0]: Recv buf length = 826360, ofs = 0
2026-06-04T12:34:10.550Z [L0]: Recv buf length = 827820, ofs = 0
2026-06-04T12:34:10.552Z [L0]: Recv buf length = 829280, ofs = 0
2026-06-04T12:34:10.552Z [L0]: Recv buf length = 830740, ofs = 0
2026-06-04T12:34:10.553Z [L0]: Recv buf length = 832200, ofs = 0
2026-06-04T12:34:10.554Z [L0]: Recv buf length = 833660, ofs = 0
2026-06-04T12:34:10.555Z [L0]: Recv buf length = 835120, ofs = 0
2026-06-04T12:34:10.556Z [L0]: Recv buf length = 836580, ofs = 0
2026-06-04T12:34:10.556Z [L0]: Recv buf length = 838040, ofs = 0
2026-06-04T12:34:10.558Z [L0]: Recv buf length = 839500, ofs = 0
2026-06-04T12:34:10.558Z [L0]: Recv buf length = 840960, ofs = 0
2026-06-04T12:34:10.559Z [L0]: Recv buf length = 842420, ofs = 0
2026-06-04T12:34:10.560Z [L0]: Recv buf length = 843880, ofs = 0
2026-06-04T12:34:10.561Z [L0]: Recv buf length = 845340, ofs = 0
2026-06-04T12:34:10.562Z [L0]: Recv buf length = 846800, ofs = 0
2026-06-04T12:34:10.562Z [L0]: Recv buf length = 848260, ofs = 0
2026-06-04T12:34:10.563Z [L0]: Recv buf length = 849720, ofs = 0
2026-06-04T12:34:10.564Z [L0]: Recv buf length = 851180, ofs = 0
2026-06-04T12:34:10.565Z [L0]: Recv buf length = 852640, ofs = 0
2026-06-04T12:34:10.565Z [L0]: Recv buf length = 854100, ofs = 0
2026-06-04T12:34:10.566Z [L0]: Recv buf length = 855560, ofs = 0
2026-06-04T12:34:10.567Z [L0]: Recv buf length = 857020, ofs = 0
2026-06-04T12:34:10.568Z [L0]: Recv buf length = 858480, ofs = 0
2026-06-04T12:34:10.569Z [L0]: Recv buf length = 859940, ofs = 0
2026-06-04T12:34:10.570Z [L0]: Recv buf length = 861400, ofs = 0
2026-06-04T12:34:10.570Z [L0]: Recv buf length = 862860, ofs = 0
2026-06-04T12:34:10.571Z [L0]: Recv buf length = 864320, ofs = 0
2026-06-04T12:34:10.572Z [L0]: Recv buf length = 865780, ofs = 0
2026-06-04T12:34:10.573Z [L0]: Recv buf length = 867240, ofs = 0
2026-06-04T12:34:10.573Z [L0]: Recv buf length = 868700, ofs = 0
2026-06-04T12:34:10.574Z [L0]: Recv buf length = 870160, ofs = 0
2026-06-04T12:34:10.575Z [L0]: Recv buf length = 871620, ofs = 0
2026-06-04T12:34:10.576Z [L0]: Recv buf length = 873080, ofs = 0
2026-06-04T12:34:10.577Z [L0]: Recv buf length = 874540, ofs = 0
2026-06-04T12:34:10.578Z [L0]: Recv buf length = 876000, ofs = 0
2026-06-04T12:34:10.579Z [L0]: Recv buf length = 877460, ofs = 0
2026-06-04T12:34:10.579Z [L0]: Recv buf length = 878920, ofs = 0
2026-06-04T12:34:10.580Z [L0]: Recv buf length = 880380, ofs = 0
2026-06-04T12:34:10.581Z [L0]: Recv buf length = 881840, ofs = 0
2026-06-04T12:34:10.582Z [L0]: Recv buf length = 883300, ofs = 0
2026-06-04T12:34:10.583Z [L0]: Recv buf length = 884760, ofs = 0
2026-06-04T12:34:10.584Z [L0]: Recv buf length = 886220, ofs = 0
2026-06-04T12:34:10.584Z [L0]: Recv buf length = 887680, ofs = 0
2026-06-04T12:34:10.585Z [L0]: Recv buf length = 889140, ofs = 0
2026-06-04T12:34:10.586Z [L0]: Recv buf length = 890600, ofs = 0
2026-06-04T12:34:10.587Z [L0]: Recv buf length = 892060, ofs = 0
2026-06-04T12:34:10.588Z [L0]: Recv buf length = 893520, ofs = 0
2026-06-04T12:34:10.589Z [L0]: Recv buf length = 894980, ofs = 0
2026-06-04T12:34:10.590Z [L0]: Recv buf length = 896440, ofs = 0
2026-06-04T12:34:10.591Z [L0]: Recv buf length = 897900, ofs = 0
2026-06-04T12:34:10.592Z [L0]: Recv buf length = 899360, ofs = 0
2026-06-04T12:34:10.592Z [L0]: Recv buf length = 900820, ofs = 0
2026-06-04T12:34:10.593Z [L0]: Recv buf length = 902280, ofs = 0
2026-06-04T12:34:10.594Z [L0]: Recv buf length = 903740, ofs = 0
2026-06-04T12:34:10.595Z [L0]: Recv buf length = 905200, ofs = 0
2026-06-04T12:34:10.596Z [L0]: Recv buf length = 906660, ofs = 0
2026-06-04T12:34:10.597Z [L0]: Recv buf length = 908120, ofs = 0
2026-06-04T12:34:10.598Z [L0]: Recv buf length = 909580, ofs = 0
2026-06-04T12:34:10.599Z [L0]: Recv buf length = 911040, ofs = 0
2026-06-04T12:34:10.599Z [L0]: Recv buf length = 912500, ofs = 0
2026-06-04T12:34:10.600Z [L0]: Recv buf length = 913960, ofs = 0
2026-06-04T12:34:10.601Z [L0]: Recv buf length = 915420, ofs = 0
2026-06-04T12:34:10.602Z [L0]: Recv buf length = 916880, ofs = 0
2026-06-04T12:34:10.603Z [L0]: Recv buf length = 918340, ofs = 0
2026-06-04T12:34:10.603Z [L0]: Recv buf length = 919800, ofs = 0
2026-06-04T12:34:10.604Z [L0]: Recv buf length = 921260, ofs = 0
2026-06-04T12:34:10.605Z [L0]: Recv buf length = 922720, ofs = 0
2026-06-04T12:34:10.606Z [L0]: Recv buf length = 924180, ofs = 0
2026-06-04T12:34:10.607Z [L0]: Recv buf length = 925640, ofs = 0
2026-06-04T12:34:10.608Z [L0]: Recv buf length = 927100, ofs = 0
2026-06-04T12:34:10.608Z [L0]: Recv buf length = 928560, ofs = 0
2026-06-04T12:34:10.609Z [L0]: Recv buf length = 930020, ofs = 0
2026-06-04T12:34:10.610Z [L0]: Recv buf length = 931480, ofs = 0
2026-06-04T12:34:10.610Z [L0]: Recv buf length = 932940, ofs = 0
2026-06-04T12:34:10.611Z [L0]: Recv buf length = 934400, ofs = 0
2026-06-04T12:34:10.612Z [L0]: Recv buf length = 935860, ofs = 0
2026-06-04T12:34:10.613Z [L0]: Recv buf length = 937320, ofs = 0
2026-06-04T12:34:10.614Z [L0]: Recv buf length = 938780, ofs = 0
2026-06-04T12:34:10.614Z [L0]: Recv buf length = 940240, ofs = 0
2026-06-04T12:34:10.615Z [L0]: Recv buf length = 941700, ofs = 0
2026-06-04T12:34:10.616Z [L0]: Recv buf length = 943160, ofs = 0
2026-06-04T12:34:10.616Z [L0]: Recv buf length = 944620, ofs = 0
2026-06-04T12:34:10.617Z [L0]: Recv buf length = 946080, ofs = 0
2026-06-04T12:34:10.618Z [L0]: Recv buf length = 947540, ofs = 0
2026-06-04T12:34:10.619Z [L0]: Recv buf length = 949000, ofs = 0
2026-06-04T12:34:10.620Z [L0]: Recv buf length = 950460, ofs = 0
2026-06-04T12:34:10.620Z [L0]: Recv buf length = 951920, ofs = 0
2026-06-04T12:34:10.621Z [L0]: Recv buf length = 953380, ofs = 0
2026-06-04T12:34:10.622Z [L0]: Recv buf length = 954840, ofs = 0
2026-06-04T12:34:10.623Z [L0]: Recv buf length = 956300, ofs = 0
2026-06-04T12:34:10.624Z [L0]: Recv buf length = 957760, ofs = 0
2026-06-04T12:34:10.624Z [L0]: Recv buf length = 959220, ofs = 0
2026-06-04T12:34:10.625Z [L0]: Recv buf length = 960680, ofs = 0
2026-06-04T12:34:10.626Z [L0]: Recv buf length = 962140, ofs = 0
2026-06-04T12:34:10.627Z [L0]: Recv buf length = 963600, ofs = 0
2026-06-04T12:34:10.627Z [L0]: Recv buf length = 965060, ofs = 0
2026-06-04T12:34:10.628Z [L0]: Recv buf length = 966520, ofs = 0
2026-06-04T12:34:10.629Z [L0]: Recv buf length = 967980, ofs = 0
2026-06-04T12:34:10.630Z [L0]: Recv buf length = 969440, ofs = 0
2026-06-04T12:34:10.631Z [L0]: Recv buf length = 970900, ofs = 0
2026-06-04T12:34:10.632Z [L0]: Recv buf length = 972360, ofs = 0
2026-06-04T12:34:10.632Z [L0]: Recv buf length = 973820, ofs = 0
2026-06-04T12:34:10.633Z [L0]: Recv buf length = 975280, ofs = 0
2026-06-04T12:34:10.634Z [L0]: Recv buf length = 976740, ofs = 0
2026-06-04T12:34:10.635Z [L0]: Recv buf length = 978200, ofs = 0
2026-06-04T12:34:10.636Z [L0]: Recv buf length = 979660, ofs = 0
2026-06-04T12:34:10.637Z [L0]: Recv buf length = 981120, ofs = 0
2026-06-04T12:34:10.638Z [L0]: Recv buf length = 982580, ofs = 0
2026-06-04T12:34:10.639Z [L0]: Recv buf length = 984040, ofs = 0
2026-06-04T12:34:10.639Z [L0]: Recv buf length = 985500, ofs = 0
2026-06-04T12:34:10.640Z [L0]: Recv buf length = 986960, ofs = 0
2026-06-04T12:34:10.641Z [L0]: Recv buf length = 988420, ofs = 0
2026-06-04T12:34:10.642Z [L0]: Recv buf length = 989880, ofs = 0
2026-06-04T12:34:10.643Z [L0]: Recv buf length = 991340, ofs = 0
2026-06-04T12:34:10.644Z [L0]: Recv buf length = 992800, ofs = 0
2026-06-04T12:34:10.645Z [L0]: Recv buf length = 994260, ofs = 0
2026-06-04T12:34:10.645Z [L0]: Recv buf length = 995720, ofs = 0
2026-06-04T12:34:10.646Z [L0]: Recv buf length = 997180, ofs = 0
2026-06-04T12:34:10.647Z [L0]: Recv buf length = 998640, ofs = 0
2026-06-04T12:34:10.648Z [L0]: Recv buf length = 1000100, ofs = 0
2026-06-04T12:34:10.649Z [L0]: Recv buf length = 1001560, ofs = 0
2026-06-04T12:34:10.650Z [L0]: Recv buf length = 1003020, ofs = 0
2026-06-04T12:34:10.651Z [L0]: Recv buf length = 1004480, ofs = 0
2026-06-04T12:34:10.652Z [L0]: Recv buf length = 1005940, ofs = 0
2026-06-04T12:34:10.652Z [L0]: Recv buf length = 1007400, ofs = 0
2026-06-04T12:34:10.653Z [L0]: Recv buf length = 1008860, ofs = 0
2026-06-04T12:34:10.654Z [L0]: Recv buf length = 1010320, ofs = 0
2026-06-04T12:34:10.655Z [L0]: Recv buf length = 1011780, ofs = 0
2026-06-04T12:34:10.656Z [L0]: Recv buf length = 1013240, ofs = 0
2026-06-04T12:34:10.656Z [L0]: Recv buf length = 1014700, ofs = 0
2026-06-04T12:34:10.657Z [L0]: Recv buf length = 1016160, ofs = 0
2026-06-04T12:34:10.658Z [L0]: Recv buf length = 1017620, ofs = 0
2026-06-04T12:34:10.658Z [L0]: Recv buf length = 1019080, ofs = 0
2026-06-04T12:34:10.659Z [L0]: Recv buf length = 1020540, ofs = 0
2026-06-04T12:34:10.660Z [L0]: Recv buf length = 1022000, ofs = 0
2026-06-04T12:34:10.661Z [L0]: Recv buf length = 1023460, ofs = 0
2026-06-04T12:34:10.661Z [L0]: Recv buf length = 1024920, ofs = 0
2026-06-04T12:34:10.662Z [L0]: Recv buf length = 1026380, ofs = 0
2026-06-04T12:34:10.663Z [L0]: Recv buf length = 1027840, ofs = 0
2026-06-04T12:34:10.664Z [L0]: Recv buf length = 1029300, ofs = 0
2026-06-04T12:34:10.664Z [L0]: Recv buf length = 1030760, ofs = 0
2026-06-04T12:34:10.665Z [L0]: Recv buf length = 1032220, ofs = 0
2026-06-04T12:34:10.666Z [L0]: Recv buf length = 1033680, ofs = 0
2026-06-04T12:34:10.667Z [L0]: Recv buf length = 1035140, ofs = 0
2026-06-04T12:34:10.668Z [L0]: Recv buf length = 1036600, ofs = 0
2026-06-04T12:34:10.668Z [L0]: Recv buf length = 1038060, ofs = 0
2026-06-04T12:34:10.669Z [L0]: Recv buf length = 1039520, ofs = 0
2026-06-04T12:34:10.670Z [L0]: Recv buf length = 1040980, ofs = 0
2026-06-04T12:34:10.670Z [L0]: Recv buf length = 1042440, ofs = 0
2026-06-04T12:34:10.671Z [L0]: Recv buf length = 1043900, ofs = 0
2026-06-04T12:34:10.672Z [L0]: Recv buf length = 1045360, ofs = 0
2026-06-04T12:34:10.673Z [L0]: Recv buf length = 1046820, ofs = 0
2026-06-04T12:34:10.674Z [L0]: Recv buf length = 1048280, ofs = 0
2026-06-04T12:34:10.675Z [L0]: Recv buf length = 1049740, ofs = 0
2026-06-04T12:34:10.675Z [L0]: Recv buf length = 1051200, ofs = 0
2026-06-04T12:34:10.676Z [L0]: Recv buf length = 1052660, ofs = 0
2026-06-04T12:34:10.677Z [L0]: Recv buf length = 1054120, ofs = 0
2026-06-04T12:34:10.678Z [L0]: Recv buf length = 1055580, ofs = 0
2026-06-04T12:34:10.679Z [L0]: Recv buf length = 1057040, ofs = 0
2026-06-04T12:34:10.680Z [L0]: Recv buf length = 1058500, ofs = 0
2026-06-04T12:34:10.680Z [L0]: Recv buf length = 1059960, ofs = 0
2026-06-04T12:34:10.681Z [L0]: Recv buf length = 1061420, ofs = 0
2026-06-04T12:34:10.682Z [L0]: Recv buf length = 1062880, ofs = 0
2026-06-04T12:34:10.682Z [L0]: Recv buf length = 1064340, ofs = 0
2026-06-04T12:34:10.683Z [L0]: Recv buf length = 1065800, ofs = 0
2026-06-04T12:34:10.684Z [L0]: Recv buf length = 1067260, ofs = 0
2026-06-04T12:34:10.685Z [L0]: Recv buf length = 1068720, ofs = 0
2026-06-04T12:34:10.686Z [L0]: Recv buf length = 1070180, ofs = 0
2026-06-04T12:34:10.687Z [L0]: Recv buf length = 1071640, ofs = 0
2026-06-04T12:34:10.688Z [L0]: Recv buf length = 1073100, ofs = 0
2026-06-04T12:34:10.688Z [L0]: Recv buf length = 1074560, ofs = 0
2026-06-04T12:34:10.689Z [L0]: Recv buf length = 1076020, ofs = 0
2026-06-04T12:34:10.690Z [L0]: Recv buf length = 1077480, ofs = 0
2026-06-04T12:34:10.691Z [L0]: Recv buf length = 1078940, ofs = 0
2026-06-04T12:34:10.692Z [L0]: Recv buf length = 1080400, ofs = 0
2026-06-04T12:34:10.693Z [L0]: Recv buf length = 1081860, ofs = 0
2026-06-04T12:34:10.693Z [L0]: Recv buf length = 1083320, ofs = 0
2026-06-04T12:34:10.694Z [L0]: Recv buf length = 1084780, ofs = 0
2026-06-04T12:34:10.695Z [L0]: Recv buf length = 1086240, ofs = 0
2026-06-04T12:34:10.696Z [L0]: Recv buf length = 1087700, ofs = 0
2026-06-04T12:34:10.697Z [L0]: Recv buf length = 1089160, ofs = 0
2026-06-04T12:34:10.698Z [L0]: Recv buf length = 1090620, ofs = 0
2026-06-04T12:34:10.698Z [L0]: Recv buf length = 1092080, ofs = 0
2026-06-04T12:34:10.699Z [L0]: Recv buf length = 1093540, ofs = 0
2026-06-04T12:34:10.700Z [L0]: Recv buf length = 1095000, ofs = 0
2026-06-04T12:34:10.701Z [L0]: Recv buf length = 1096460, ofs = 0
2026-06-04T12:34:10.702Z [L0]: Recv buf length = 1097920, ofs = 0
2026-06-04T12:34:10.702Z [L0]: Recv buf length = 1099380, ofs = 0
2026-06-04T12:34:10.704Z [L0]: Recv buf length = 1100840, ofs = 0
2026-06-04T12:34:10.704Z [L0]: Recv buf length = 1102300, ofs = 0
2026-06-04T12:34:10.705Z [L0]: Recv buf length = 1103760, ofs = 0
2026-06-04T12:34:10.706Z [L0]: Recv buf length = 1105220, ofs = 0
2026-06-04T12:34:10.706Z [L0]: Recv buf length = 1106680, ofs = 0
2026-06-04T12:34:10.707Z [L0]: Recv buf length = 1108140, ofs = 0
2026-06-04T12:34:10.708Z [L0]: Recv buf length = 1109600, ofs = 0
2026-06-04T12:34:10.710Z [L0]: Recv buf length = 1111060, ofs = 0
2026-06-04T12:34:10.710Z [L0]: Recv buf length = 1112520, ofs = 0
2026-06-04T12:34:10.711Z [L0]: Recv buf length = 1113980, ofs = 0
2026-06-04T12:34:10.712Z [L0]: Recv buf length = 1115440, ofs = 0
2026-06-04T12:34:10.713Z [L0]: Recv buf length = 1116900, ofs = 0
2026-06-04T12:34:10.713Z [L0]: Recv buf length = 1118360, ofs = 0
2026-06-04T12:34:10.714Z [L0]: Recv buf length = 1119820, ofs = 0
2026-06-04T12:34:10.715Z [L0]: Recv buf length = 1121280, ofs = 0
2026-06-04T12:34:10.716Z [L0]: Recv buf length = 1122740, ofs = 0
2026-06-04T12:34:10.717Z [L0]: Recv buf length = 1124200, ofs = 0
2026-06-04T12:34:10.717Z [L0]: Recv buf length = 1125660, ofs = 0
2026-06-04T12:34:10.718Z [L0]: Recv buf length = 1127120, ofs = 0
2026-06-04T12:34:10.719Z [L0]: Recv buf length = 1128580, ofs = 0
2026-06-04T12:34:10.720Z [L0]: Recv buf length = 1130040, ofs = 0
2026-06-04T12:34:10.720Z [L0]: Recv buf length = 1131500, ofs = 0
2026-06-04T12:34:10.721Z [L0]: Recv buf length = 1132960, ofs = 0
2026-06-04T12:34:10.722Z [L0]: Recv buf length = 1134420, ofs = 0
2026-06-04T12:34:10.723Z [L0]: Recv buf length = 1135880, ofs = 0
2026-06-04T12:34:10.724Z [L0]: Recv buf length = 1137340, ofs = 0
2026-06-04T12:34:10.725Z [L0]: Recv buf length = 1138800, ofs = 0
2026-06-04T12:34:10.726Z [L0]: Recv buf length = 1140260, ofs = 0
2026-06-04T12:34:10.726Z [L0]: Recv buf length = 1141720, ofs = 0
2026-06-04T12:34:10.727Z [L0]: Recv buf length = 1143180, ofs = 0
2026-06-04T12:34:10.728Z [L0]: Recv buf length = 1144640, ofs = 0
2026-06-04T12:34:10.729Z [L0]: Recv buf length = 1146100, ofs = 0
2026-06-04T12:34:10.730Z [L0]: Recv buf length = 1147560, ofs = 0
2026-06-04T12:34:10.730Z [L0]: Recv buf length = 1149020, ofs = 0
2026-06-04T12:34:10.731Z [L0]: Recv buf length = 1150480, ofs = 0
2026-06-04T12:34:10.732Z [L0]: Recv buf length = 1151940, ofs = 0
2026-06-04T12:34:10.733Z [L0]: Recv buf length = 1153400, ofs = 0
2026-06-04T12:34:10.734Z [L0]: Recv buf length = 1154860, ofs = 0
2026-06-04T12:34:10.735Z [L0]: Recv buf length = 1156320, ofs = 0
2026-06-04T12:34:10.736Z [L0]: Recv buf length = 1157780, ofs = 0
2026-06-04T12:34:10.737Z [L0]: Recv buf length = 1159240, ofs = 0
2026-06-04T12:34:10.737Z [L0]: Recv buf length = 1160700, ofs = 0
2026-06-04T12:34:10.738Z [L0]: Recv buf length = 1162160, ofs = 0
2026-06-04T12:34:10.739Z [L0]: Recv buf length = 1163620, ofs = 0
2026-06-04T12:34:10.740Z [L0]: Recv buf length = 1165080, ofs = 0
2026-06-04T12:34:10.741Z [L0]: Recv buf length = 1166540, ofs = 0
2026-06-04T12:34:10.742Z [L0]: Recv buf length = 1168000, ofs = 0
2026-06-04T12:34:10.743Z [L0]: Recv buf length = 1169460, ofs = 0
2026-06-04T12:34:10.744Z [L0]: Recv buf length = 1170920, ofs = 0
2026-06-04T12:34:10.744Z [L0]: Recv buf length = 1172380, ofs = 0
2026-06-04T12:34:10.745Z [L0]: Recv buf length = 1173840, ofs = 0
2026-06-04T12:34:10.746Z [L0]: Recv buf length = 1175300, ofs = 0
2026-06-04T12:34:10.747Z [L0]: Recv buf length = 1176760, ofs = 0
2026-06-04T12:34:10.748Z [L0]: Recv buf length = 1178220, ofs = 0
2026-06-04T12:34:10.748Z [L0]: Recv buf length = 1179680, ofs = 0
2026-06-04T12:34:10.749Z [L0]: Recv buf length = 1181140, ofs = 0
2026-06-04T12:34:10.750Z [L0]: Recv buf length = 1182600, ofs = 0
2026-06-04T12:34:10.751Z [L0]: Recv buf length = 1184060, ofs = 0
2026-06-04T12:34:10.751Z [L0]: Recv buf length = 1185520, ofs = 0
2026-06-04T12:34:10.752Z [L0]: Recv buf length = 1186980, ofs = 0
2026-06-04T12:34:10.753Z [L0]: Recv buf length = 1188440, ofs = 0
2026-06-04T12:34:10.754Z [L0]: Recv buf length = 1189900, ofs = 0
2026-06-04T12:34:10.755Z [L0]: Recv buf length = 1191360, ofs = 0
2026-06-04T12:34:10.755Z [L0]: Recv buf length = 1192820, ofs = 0
2026-06-04T12:34:10.756Z [L0]: Recv buf length = 1194280, ofs = 0
2026-06-04T12:34:10.757Z [L0]: Recv buf length = 1195740, ofs = 0
2026-06-04T12:34:10.758Z [L0]: Recv buf length = 1197200, ofs = 0
2026-06-04T12:34:10.759Z [L0]: Recv buf length = 1198660, ofs = 0
2026-06-04T12:34:10.760Z [L0]: Recv buf length = 1200120, ofs = 0
2026-06-04T12:34:10.761Z [L0]: Recv buf length = 1201580, ofs = 0
2026-06-04T12:34:10.761Z [L0]: Recv buf length = 1203040, ofs = 0
2026-06-04T12:34:10.762Z [L0]: Recv buf length = 1204500, ofs = 0
2026-06-04T12:34:10.763Z [L0]: Recv buf length = 1205960, ofs = 0
2026-06-04T12:34:10.764Z [L0]: Recv buf length = 1207420, ofs = 0
2026-06-04T12:34:10.765Z [L0]: Recv buf length = 1208880, ofs = 0
2026-06-04T12:34:10.766Z [L0]: Recv buf length = 1210340, ofs = 0
2026-06-04T12:34:10.766Z [L0]: Recv buf length = 1211800, ofs = 0
2026-06-04T12:34:10.767Z [L0]: Recv buf length = 1213260, ofs = 0
2026-06-04T12:34:10.768Z [L0]: Recv buf length = 1214720, ofs = 0
2026-06-04T12:34:10.769Z [L0]: Recv buf length = 1216180, ofs = 0
2026-06-04T12:34:10.770Z [L0]: Recv buf length = 1217640, ofs = 0
2026-06-04T12:34:10.771Z [L0]: Recv buf length = 1219100, ofs = 0
2026-06-04T12:34:10.771Z [L0]: Recv buf length = 1220560, ofs = 0
2026-06-04T12:34:10.772Z [L0]: Recv buf length = 1222020, ofs = 0
2026-06-04T12:34:10.773Z [L0]: Recv buf length = 1223480, ofs = 0
2026-06-04T12:34:10.774Z [L0]: Recv buf length = 1224940, ofs = 0
2026-06-04T12:34:10.775Z [L0]: Recv buf length = 1226400, ofs = 0
2026-06-04T12:34:10.776Z [L0]: Recv buf length = 1227860, ofs = 0
2026-06-04T12:34:10.777Z [L0]: Recv buf length = 1229320, ofs = 0
2026-06-04T12:34:10.778Z [L0]: Recv buf length = 1230780, ofs = 0
2026-06-04T12:34:10.779Z [L0]: Recv buf length = 1232240, ofs = 0
2026-06-04T12:34:10.779Z [L0]: Recv buf length = 1233700, ofs = 0
2026-06-04T12:34:10.780Z [L0]: Recv buf length = 1235160, ofs = 0
2026-06-04T12:34:10.781Z [L0]: Recv buf length = 1236620, ofs = 0
2026-06-04T12:34:10.782Z [L0]: Recv buf length = 1238080, ofs = 0
2026-06-04T12:34:10.783Z [L0]: Recv buf length = 1239540, ofs = 0
2026-06-04T12:34:10.784Z [L0]: Recv buf length = 1241000, ofs = 0
2026-06-04T12:34:10.784Z [L0]: Recv buf length = 1242460, ofs = 0
2026-06-04T12:34:10.785Z [L0]: Recv buf length = 1243920, ofs = 0
2026-06-04T12:34:10.786Z [L0]: Recv buf length = 1245380, ofs = 0
2026-06-04T12:34:10.787Z [L0]: Recv buf length = 1246840, ofs = 0
2026-06-04T12:34:10.788Z [L0]: Recv buf length = 1248300, ofs = 0
2026-06-04T12:34:10.789Z [L0]: Recv buf length = 1249760, ofs = 0
2026-06-04T12:34:10.790Z [L0]: Recv buf length = 1251220, ofs = 0
2026-06-04T12:34:10.790Z [L0]: Recv buf length = 1252680, ofs = 0
2026-06-04T12:34:10.791Z [L0]: Recv buf length = 1254140, ofs = 0
2026-06-04T12:34:10.792Z [L0]: Recv buf length = 1255600, ofs = 0
2026-06-04T12:34:10.793Z [L0]: Recv buf length = 1257060, ofs = 0
2026-06-04T12:34:10.794Z [L0]: Recv buf length = 1258520, ofs = 0
2026-06-04T12:34:10.795Z [L0]: Recv buf length = 1259980, ofs = 0
2026-06-04T12:34:10.796Z [L0]: Recv buf length = 1261440, ofs = 0
2026-06-04T12:34:10.796Z [L0]: Recv buf length = 1262900, ofs = 0
2026-06-04T12:34:10.797Z [L0]: Recv buf length = 1264360, ofs = 0
2026-06-04T12:34:10.798Z [L0]: Recv buf length = 1265820, ofs = 0
2026-06-04T12:34:10.799Z [L0]: Recv buf length = 1267280, ofs = 0
2026-06-04T12:34:10.799Z [L0]: Recv buf length = 1268740, ofs = 0
2026-06-04T12:34:10.800Z [L0]: Recv buf length = 1270200, ofs = 0
2026-06-04T12:34:10.801Z [L0]: Recv buf length = 1271660, ofs = 0
2026-06-04T12:34:10.802Z [L0]: Recv buf length = 1273120, ofs = 0
2026-06-04T12:34:10.802Z [L0]: Recv buf length = 1274580, ofs = 0
2026-06-04T12:34:10.803Z [L0]: Recv buf length = 1276040, ofs = 0
2026-06-04T12:34:10.804Z [L0]: Recv buf length = 1277500, ofs = 0
2026-06-04T12:34:10.805Z [L0]: Recv buf length = 1278960, ofs = 0
2026-06-04T12:34:10.806Z [L0]: Recv buf length = 1280420, ofs = 0
2026-06-04T12:34:10.807Z [L0]: Recv buf length = 1281880, ofs = 0
2026-06-04T12:34:10.807Z [L0]: Recv buf length = 1283340, ofs = 0
2026-06-04T12:34:10.808Z [L0]: Recv buf length = 1284800, ofs = 0
2026-06-04T12:34:10.809Z [L0]: Recv buf length = 1286260, ofs = 0
2026-06-04T12:34:10.810Z [L0]: Recv buf length = 1287720, ofs = 0
2026-06-04T12:34:10.811Z [L0]: Recv buf length = 1289180, ofs = 0
2026-06-04T12:34:10.811Z [L0]: Recv buf length = 1290640, ofs = 0
2026-06-04T12:34:10.812Z [L0]: Recv buf length = 1292100, ofs = 0
2026-06-04T12:34:10.813Z [L0]: Recv buf length = 1293560, ofs = 0
2026-06-04T12:34:10.813Z [L0]: Recv buf length = 1295020, ofs = 0
2026-06-04T12:34:10.814Z [L0]: Recv buf length = 1296480, ofs = 0
2026-06-04T12:34:10.815Z [L0]: Recv buf length = 1297940, ofs = 0
2026-06-04T12:34:10.816Z [L0]: Recv buf length = 1299400, ofs = 0
2026-06-04T12:34:10.816Z [L0]: Recv buf length = 1300860, ofs = 0
2026-06-04T12:34:10.817Z [L0]: Recv buf length = 1302320, ofs = 0
2026-06-04T12:34:10.818Z [L0]: Recv buf length = 1303780, ofs = 0
2026-06-04T12:34:10.819Z [L0]: Recv buf length = 1305240, ofs = 0
2026-06-04T12:34:10.819Z [L0]: Recv buf length = 1306700, ofs = 0
2026-06-04T12:34:10.820Z [L0]: Recv buf length = 1308160, ofs = 0
2026-06-04T12:34:10.821Z [L0]: Recv buf length = 1309620, ofs = 0
2026-06-04T12:34:10.822Z [L0]: Recv buf length = 1311080, ofs = 0
2026-06-04T12:34:10.823Z [L0]: Recv buf length = 1312540, ofs = 0
2026-06-04T12:34:10.823Z [L0]: Recv buf length = 1314000, ofs = 0
2026-06-04T12:34:10.824Z [L0]: Recv buf length = 1315460, ofs = 0
2026-06-04T12:34:10.825Z [L0]: Recv buf length = 1316920, ofs = 0
2026-06-04T12:34:10.826Z [L0]: Recv buf length = 1318380, ofs = 0
2026-06-04T12:34:10.827Z [L0]: Recv buf length = 1319840, ofs = 0
2026-06-04T12:34:10.828Z [L0]: Recv buf length = 1321300, ofs = 0
2026-06-04T12:34:10.829Z [L0]: Recv buf length = 1322760, ofs = 0
2026-06-04T12:34:10.829Z [L0]: Recv buf length = 1324220, ofs = 0
2026-06-04T12:34:10.830Z [L0]: Recv buf length = 1325680, ofs = 0
2026-06-04T12:34:10.831Z [L0]: Recv buf length = 1327140, ofs = 0
2026-06-04T12:34:10.832Z [L0]: Recv buf length = 1328600, ofs = 0
2026-06-04T12:34:10.833Z [L0]: Recv buf length = 1330060, ofs = 0
2026-06-04T12:34:10.833Z [L0]: Recv buf length = 1331520, ofs = 0
2026-06-04T12:34:10.834Z [L0]: Recv buf length = 1332980, ofs = 0
2026-06-04T12:34:10.835Z [L0]: Recv buf length = 1334440, ofs = 0
2026-06-04T12:34:10.836Z [L0]: Recv buf length = 1335900, ofs = 0
2026-06-04T12:34:10.837Z [L0]: Recv buf length = 1337360, ofs = 0
2026-06-04T12:34:10.837Z [L0]: Recv buf length = 1338820, ofs = 0
2026-06-04T12:34:10.838Z [L0]: Recv buf length = 1340280, ofs = 0
2026-06-04T12:34:10.839Z [L0]: Recv buf length = 1341740, ofs = 0
2026-06-04T12:34:10.840Z [L0]: Recv buf length = 1343200, ofs = 0
2026-06-04T12:34:10.840Z [L0]: Recv buf length = 1344660, ofs = 0
2026-06-04T12:34:10.841Z [L0]: Recv buf length = 1346120, ofs = 0
2026-06-04T12:34:10.842Z [L0]: Recv buf length = 1347580, ofs = 0
2026-06-04T12:34:10.843Z [L0]: Recv buf length = 1349040, ofs = 0
2026-06-04T12:34:10.844Z [L0]: Recv buf length = 1350500, ofs = 0
2026-06-04T12:34:10.844Z [L0]: Recv buf length = 1351960, ofs = 0
2026-06-04T12:34:10.845Z [L0]: Recv buf length = 1353420, ofs = 0
2026-06-04T12:34:10.846Z [L0]: Recv buf length = 1354880, ofs = 0
2026-06-04T12:34:10.846Z [L0]: Recv buf length = 1356340, ofs = 0
2026-06-04T12:34:10.847Z [L0]: Recv buf length = 1357800, ofs = 0
2026-06-04T12:34:10.848Z [L0]: Recv buf length = 1359260, ofs = 0
2026-06-04T12:34:10.849Z [L0]: Recv buf length = 1360720, ofs = 0
2026-06-04T12:34:10.850Z [L0]: Recv buf length = 1362180, ofs = 0
2026-06-04T12:34:10.851Z [L0]: Recv buf length = 1363640, ofs = 0
2026-06-04T12:34:10.851Z [L0]: Recv buf length = 1365100, ofs = 0
2026-06-04T12:34:10.852Z [L0]: Recv buf length = 1366560, ofs = 0
2026-06-04T12:34:10.853Z [L0]: Recv buf length = 1368020, ofs = 0
2026-06-04T12:34:10.854Z [L0]: Recv buf length = 1369480, ofs = 0
2026-06-04T12:34:10.855Z [L0]: Recv buf length = 1370940, ofs = 0
2026-06-04T12:34:10.856Z [L0]: Recv buf length = 1372400, ofs = 0
2026-06-04T12:34:10.857Z [L0]: Recv buf length = 1373860, ofs = 0
2026-06-04T12:34:10.857Z [L0]: Recv buf length = 1375320, ofs = 0
2026-06-04T12:34:10.858Z [L0]: Recv buf length = 1376780, ofs = 0
2026-06-04T12:34:10.859Z [L0]: Recv buf length = 1378240, ofs = 0
2026-06-04T12:34:10.860Z [L0]: Recv buf length = 1379700, ofs = 0
2026-06-04T12:34:10.861Z [L0]: Recv buf length = 1381160, ofs = 0
2026-06-04T12:34:10.861Z [L0]: Recv buf length = 1382620, ofs = 0
2026-06-04T12:34:10.862Z [L0]: Recv buf length = 1384080, ofs = 0
2026-06-04T12:34:10.863Z [L0]: Recv buf length = 1385540, ofs = 0
2026-06-04T12:34:10.864Z [L0]: Recv buf length = 1387000, ofs = 0
2026-06-04T12:34:10.864Z [L0]: Recv buf length = 1388460, ofs = 0
2026-06-04T12:34:10.865Z [L0]: Recv buf length = 1389920, ofs = 0
2026-06-04T12:34:10.866Z [L0]: Recv buf length = 1391380, ofs = 0
2026-06-04T12:34:10.867Z [L0]: Recv buf length = 1392840, ofs = 0
2026-06-04T12:34:10.868Z [L0]: Recv buf length = 1394300, ofs = 0
2026-06-04T12:34:10.869Z [L0]: Recv buf length = 1395760, ofs = 0
2026-06-04T12:34:10.869Z [L0]: Recv buf length = 1397220, ofs = 0
2026-06-04T12:34:10.870Z [L0]: Recv buf length = 1398680, ofs = 0
2026-06-04T12:34:10.871Z [L0]: Recv buf length = 1400140, ofs = 0
2026-06-04T12:34:10.871Z [L0]: Recv buf length = 1401600, ofs = 0
2026-06-04T12:34:10.872Z [L0]: Recv buf length = 1403060, ofs = 0
2026-06-04T12:34:10.873Z [L0]: Recv buf length = 1404520, ofs = 0
2026-06-04T12:34:10.874Z [L0]: Recv buf length = 1405980, ofs = 0
2026-06-04T12:34:10.875Z [L0]: Recv buf length = 1407440, ofs = 0
2026-06-04T12:34:10.876Z [L0]: Recv buf length = 1408900, ofs = 0
2026-06-04T12:34:10.877Z [L0]: Recv buf length = 1410360, ofs = 0
2026-06-04T12:34:10.877Z [L0]: Recv buf length = 1411820, ofs = 0
2026-06-04T12:34:10.878Z [L0]: Recv buf length = 1413280, ofs = 0
2026-06-04T12:34:10.879Z [L0]: Recv buf length = 1414740, ofs = 0
2026-06-04T12:34:10.880Z [L0]: Recv buf length = 1416200, ofs = 0
2026-06-04T12:34:10.881Z [L0]: Recv buf length = 1417660, ofs = 0
2026-06-04T12:34:10.882Z [L0]: Recv buf length = 1419120, ofs = 0
2026-06-04T12:34:10.883Z [L0]: Recv buf length = 1420580, ofs = 0
2026-06-04T12:34:10.883Z [L0]: Recv buf length = 1422040, ofs = 0
2026-06-04T12:34:10.884Z [L0]: Recv buf length = 1423500, ofs = 0
2026-06-04T12:34:10.885Z [L0]: Recv buf length = 1424960, ofs = 0
2026-06-04T12:34:10.886Z [L0]: Recv buf length = 1426420, ofs = 0
2026-06-04T12:34:10.886Z [L0]: Recv buf length = 1427880, ofs = 0
2026-06-04T12:34:10.887Z [L0]: Recv buf length = 1429340, ofs = 0
2026-06-04T12:34:10.888Z [L0]: Recv buf length = 1430800, ofs = 0
2026-06-04T12:34:10.889Z [L0]: Recv buf length = 1432260, ofs = 0
2026-06-04T12:34:10.889Z [L0]: Recv buf length = 1433720, ofs = 0
2026-06-04T12:34:10.890Z [L0]: Recv buf length = 1435180, ofs = 0
2026-06-04T12:34:10.891Z [L0]: Recv buf length = 1436640, ofs = 0
2026-06-04T12:34:10.892Z [L0]: Recv buf length = 1438100, ofs = 0
2026-06-04T12:34:10.893Z [L0]: Recv buf length = 1439560, ofs = 0
2026-06-04T12:34:10.894Z [L0]: Recv buf length = 1441020, ofs = 0
2026-06-04T12:34:10.894Z [L0]: Recv buf length = 1442480, ofs = 0
2026-06-04T12:34:10.895Z [L0]: Recv buf length = 1443940, ofs = 0
2026-06-04T12:34:10.896Z [L0]: Recv buf length = 1445400, ofs = 0
2026-06-04T12:34:10.898Z [L0]: Recv buf length = 1446860, ofs = 0
2026-06-04T12:34:10.898Z [L0]: Recv buf length = 1448320, ofs = 0
2026-06-04T12:34:10.899Z [L0]: Recv buf length = 1449780, ofs = 0
2026-06-04T12:34:10.900Z [L0]: Recv buf length = 1451240, ofs = 0
2026-06-04T12:34:10.900Z [L0]: Recv buf length = 1452700, ofs = 0
2026-06-04T12:34:10.901Z [L0]: Recv buf length = 1454160, ofs = 0
2026-06-04T12:34:10.902Z [L0]: Recv buf length = 1455620, ofs = 0
2026-06-04T12:34:10.903Z [L0]: Recv buf length = 1457080, ofs = 0
2026-06-04T12:34:10.904Z [L0]: Recv buf length = 1458540, ofs = 0
2026-06-04T12:34:10.905Z [L0]: Recv buf length = 1460000, ofs = 0
2026-06-04T12:34:10.905Z [L0]: Recv buf length = 1461460, ofs = 0
2026-06-04T12:34:10.906Z [L0]: Recv buf length = 1462920, ofs = 0
2026-06-04T12:34:10.907Z [L0]: Recv buf length = 1464380, ofs = 0
2026-06-04T12:34:10.908Z [L0]: Recv buf length = 1465840, ofs = 0
2026-06-04T12:34:10.909Z [L0]: Recv buf length = 1467300, ofs = 0
2026-06-04T12:34:10.909Z [L0]: Recv buf length = 1468760, ofs = 0
2026-06-04T12:34:10.910Z [L0]: Recv buf length = 1470220, ofs = 0
2026-06-04T12:34:10.911Z [L0]: Recv buf length = 1471680, ofs = 0
2026-06-04T12:34:10.912Z [L0]: Recv buf length = 1473140, ofs = 0
2026-06-04T12:34:10.913Z [L0]: Recv buf length = 1474600, ofs = 0
2026-06-04T12:34:10.913Z [L0]: Recv buf length = 1476060, ofs = 0
2026-06-04T12:34:10.914Z [L0]: Recv buf length = 1477520, ofs = 0
2026-06-04T12:34:10.916Z [L0]: Recv buf length = 1478980, ofs = 0
2026-06-04T12:34:10.916Z [L0]: Recv buf length = 1480440, ofs = 0
2026-06-04T12:34:10.917Z [L0]: Recv buf length = 1481900, ofs = 0
2026-06-04T12:34:10.918Z [L0]: Recv buf length = 1483360, ofs = 0
2026-06-04T12:34:10.919Z [L0]: Recv buf length = 1484820, ofs = 0
2026-06-04T12:34:10.919Z [L0]: Recv buf length = 1486280, ofs = 0
2026-06-04T12:34:10.920Z [L0]: Recv buf length = 1487740, ofs = 0
2026-06-04T12:34:10.921Z [L0]: Recv buf length = 1489200, ofs = 0
2026-06-04T12:34:10.922Z [L0]: Recv buf length = 1490660, ofs = 0
2026-06-04T12:34:10.923Z [L0]: Recv buf length = 1492120, ofs = 0
2026-06-04T12:34:10.923Z [L0]: Recv buf length = 1493580, ofs = 0
2026-06-04T12:34:10.924Z [L0]: Recv buf length = 1495040, ofs = 0
2026-06-04T12:34:10.925Z [L0]: Recv buf length = 1496500, ofs = 0
2026-06-04T12:34:10.926Z [L0]: Recv buf length = 1497960, ofs = 0
2026-06-04T12:34:10.927Z [L0]: Recv buf length = 1499420, ofs = 0
2026-06-04T12:34:10.928Z [L0]: Recv buf length = 1500880, ofs = 0
2026-06-04T12:34:10.929Z [L0]: Recv buf length = 1502340, ofs = 0
2026-06-04T12:34:10.929Z [L0]: Recv buf length = 1503800, ofs = 0
2026-06-04T12:34:10.930Z [L0]: Recv buf length = 1505260, ofs = 0
2026-06-04T12:34:10.931Z [L0]: Recv buf length = 1506720, ofs = 0
2026-06-04T12:34:10.932Z [L0]: Recv buf length = 1508180, ofs = 0
2026-06-04T12:34:10.933Z [L0]: Recv buf length = 1509640, ofs = 0
2026-06-04T12:34:10.934Z [L0]: Recv buf length = 1511100, ofs = 0
2026-06-04T12:34:10.934Z [L0]: Recv buf length = 1512560, ofs = 0
2026-06-04T12:34:10.935Z [L0]: Recv buf length = 1514020, ofs = 0
2026-06-04T12:34:10.936Z [L0]: Recv buf length = 1515480, ofs = 0
2026-06-04T12:34:10.937Z [L0]: Recv buf length = 1516940, ofs = 0
2026-06-04T12:34:10.937Z [L0]: Recv buf length = 1518400, ofs = 0
2026-06-04T12:34:10.938Z [L0]: Recv buf length = 1519860, ofs = 0
2026-06-04T12:34:10.939Z [L0]: Recv buf length = 1521320, ofs = 0
2026-06-04T12:34:10.940Z [L0]: Recv buf length = 1522780, ofs = 0
2026-06-04T12:34:10.941Z [L0]: Recv buf length = 1524240, ofs = 0
2026-06-04T12:34:10.942Z [L0]: Recv buf length = 1525700, ofs = 0
2026-06-04T12:34:10.943Z [L0]: Recv buf length = 1527160, ofs = 0
2026-06-04T12:34:10.943Z [L0]: Recv buf length = 1528620, ofs = 0
2026-06-04T12:34:10.944Z [L0]: Recv buf length = 1530080, ofs = 0
2026-06-04T12:34:10.945Z [L0]: Recv buf length = 1531540, ofs = 0
2026-06-04T12:34:10.946Z [L0]: Recv buf length = 1533000, ofs = 0
2026-06-04T12:34:10.947Z [L0]: Recv buf length = 1534460, ofs = 0
2026-06-04T12:34:10.948Z [L0]: Recv buf length = 1535920, ofs = 0
2026-06-04T12:34:10.948Z [L0]: Recv buf length = 1537380, ofs = 0
2026-06-04T12:34:10.949Z [L0]: Recv buf length = 1538840, ofs = 0
2026-06-04T12:34:10.950Z [L0]: Recv buf length = 1540300, ofs = 0
2026-06-04T12:34:10.951Z [L0]: Recv buf length = 1541760, ofs = 0
2026-06-04T12:34:10.952Z [L0]: Recv buf length = 1543220, ofs = 0
2026-06-04T12:34:10.953Z [L0]: Recv buf length = 1544680, ofs = 0
2026-06-04T12:34:10.953Z [L0]: Recv buf length = 1546140, ofs = 0
2026-06-04T12:34:10.954Z [L0]: Recv buf length = 1547600, ofs = 0
2026-06-04T12:34:10.955Z [L0]: Recv buf length = 1549060, ofs = 0
2026-06-04T12:34:10.956Z [L0]: Recv buf length = 1550520, ofs = 0
2026-06-04T12:34:10.957Z [L0]: Recv buf length = 1551980, ofs = 0
2026-06-04T12:34:10.957Z [L0]: Recv buf length = 1553440, ofs = 0
2026-06-04T12:34:10.958Z [L0]: Recv buf length = 1554900, ofs = 0
2026-06-04T12:34:10.959Z [L0]: Recv buf length = 1556360, ofs = 0
2026-06-04T12:34:10.960Z [L0]: Recv buf length = 1557820, ofs = 0
2026-06-04T12:34:10.960Z [L0]: Recv buf length = 1559280, ofs = 0
2026-06-04T12:34:10.961Z [L0]: Recv buf length = 1560740, ofs = 0
2026-06-04T12:34:10.962Z [L0]: Recv buf length = 1562200, ofs = 0
2026-06-04T12:34:10.963Z [L0]: Recv buf length = 1563660, ofs = 0
2026-06-04T12:34:10.964Z [L0]: Recv buf length = 1565120, ofs = 0
2026-06-04T12:34:10.965Z [L0]: Recv buf length = 1566580, ofs = 0
2026-06-04T12:34:10.966Z [L0]: Recv buf length = 1568040, ofs = 0
2026-06-04T12:34:10.966Z [L0]: Recv buf length = 1569500, ofs = 0
2026-06-04T12:34:10.967Z [L0]: Recv buf length = 1570960, ofs = 0
2026-06-04T12:34:10.968Z [L0]: Recv buf length = 1572420, ofs = 0
2026-06-04T12:34:10.968Z [L0]: Recv buf length = 1573880, ofs = 0
2026-06-04T12:34:10.969Z [L0]: Recv buf length = 1575340, ofs = 0
2026-06-04T12:34:10.970Z [L0]: Recv buf length = 1576800, ofs = 0
2026-06-04T12:34:10.971Z [L0]: Recv buf length = 1578260, ofs = 0
2026-06-04T12:34:10.972Z [L0]: Recv buf length = 1579720, ofs = 0
2026-06-04T12:34:10.973Z [L0]: Recv buf length = 1581180, ofs = 0
2026-06-04T12:34:10.973Z [L0]: Recv buf length = 1582640, ofs = 0
2026-06-04T12:34:10.974Z [L0]: Recv buf length = 1584100, ofs = 0
2026-06-04T12:34:10.975Z [L0]: Recv buf length = 1585560, ofs = 0
2026-06-04T12:34:10.976Z [L0]: Recv buf length = 1587020, ofs = 0
2026-06-04T12:34:10.977Z [L0]: Recv buf length = 1588480, ofs = 0
2026-06-04T12:34:10.978Z [L0]: Recv buf length = 1589940, ofs = 0
2026-06-04T12:34:10.978Z [L0]: Recv buf length = 1591400, ofs = 0
2026-06-04T12:34:10.979Z [L0]: Recv buf length = 1592860, ofs = 0
2026-06-04T12:34:10.980Z [L0]: Recv buf length = 1594320, ofs = 0
2026-06-04T12:34:10.981Z [L0]: Recv buf length = 1595780, ofs = 0
2026-06-04T12:34:10.982Z [L0]: Recv buf length = 1597240, ofs = 0
2026-06-04T12:34:10.983Z [L0]: Recv buf length = 1598700, ofs = 0
2026-06-04T12:34:10.984Z [L0]: Recv buf length = 1600160, ofs = 0
2026-06-04T12:34:10.985Z [L0]: Recv buf length = 1601620, ofs = 0
2026-06-04T12:34:10.986Z [L0]: Recv buf length = 1603080, ofs = 0
2026-06-04T12:34:10.986Z [L0]: Recv buf length = 1604540, ofs = 0
2026-06-04T12:34:10.987Z [L0]: Recv buf length = 1606000, ofs = 0
2026-06-04T12:34:10.988Z [L0]: Recv buf length = 1607460, ofs = 0
2026-06-04T12:34:10.989Z [L0]: Recv buf length = 1608920, ofs = 0
2026-06-04T12:34:10.990Z [L0]: Recv buf length = 1610380, ofs = 0
2026-06-04T12:34:10.991Z [L0]: Recv buf length = 1611840, ofs = 0
2026-06-04T12:34:10.991Z [L0]: Recv buf length = 1613300, ofs = 0
2026-06-04T12:34:10.992Z [L0]: Recv buf length = 1614760, ofs = 0
2026-06-04T12:34:10.993Z [L0]: Recv buf length = 1616220, ofs = 0
2026-06-04T12:34:10.994Z [L0]: Recv buf length = 1617680, ofs = 0
2026-06-04T12:34:10.995Z [L0]: Recv buf length = 1619140, ofs = 0
2026-06-04T12:34:10.996Z [L0]: Recv buf length = 1620600, ofs = 0
2026-06-04T12:34:10.996Z [L0]: Recv buf length = 1622060, ofs = 0
2026-06-04T12:34:10.997Z [L0]: Recv buf length = 1623520, ofs = 0
2026-06-04T12:34:10.998Z [L0]: Recv buf length = 1624980, ofs = 0
2026-06-04T12:34:10.999Z [L0]: Recv buf length = 1626440, ofs = 0
2026-06-04T12:34:10.999Z [L0]: Recv buf length = 1627900, ofs = 0
2026-06-04T12:34:11.001Z [L0]: Recv buf length = 1629360, ofs = 0
2026-06-04T12:34:11.001Z [L0]: Recv buf length = 1630820, ofs = 0
2026-06-04T12:34:11.002Z [L0]: Recv buf length = 1632280, ofs = 0
2026-06-04T12:34:11.003Z [L0]: Recv buf length = 1633740, ofs = 0
2026-06-04T12:34:11.004Z [L0]: Recv buf length = 1635200, ofs = 0
2026-06-04T12:34:11.004Z [L0]: Recv buf length = 1636660, ofs = 0
2026-06-04T12:34:11.005Z [L0]: Recv buf length = 1638120, ofs = 0
2026-06-04T12:34:11.006Z [L0]: Recv buf length = 1639580, ofs = 0
2026-06-04T12:34:11.007Z [L0]: Recv buf length = 1641040, ofs = 0
2026-06-04T12:34:11.008Z [L0]: Recv buf length = 1642500, ofs = 0
2026-06-04T12:34:11.009Z [L0]: Recv buf length = 1643960, ofs = 0
2026-06-04T12:34:11.010Z [L0]: Recv buf length = 1645420, ofs = 0
2026-06-04T12:34:11.010Z [L0]: Recv buf length = 1646880, ofs = 0
2026-06-04T12:34:11.011Z [L0]: Recv buf length = 1648340, ofs = 0
2026-06-04T12:34:11.012Z [L0]: 6/4 [0]12:34:09.641 I/SysLock SBEngine: this is system lock
2026-06-04T12:34:11.013Z [L0]: 6/4 [0]12:34:09.641 I/sb_screen_adapter SBEngine: _handleSBTouchEvent  context screen staus 5 
2026-06-04T12:34:11.014Z [L0]: Recv buf length = 1649800, ofs = 0
2026-06-04T12:34:11.014Z [L0]: Recv buf length = 1651260, ofs = 0
2026-06-04T12:34:11.015Z [L0]: Recv buf length = 1652720, ofs = 0
2026-06-04T12:34:11.016Z [L0]: Recv buf length = 1654180, ofs = 0
2026-06-04T12:34:11.017Z [L0]: Recv buf length = 1655640, ofs = 0
2026-06-04T12:34:11.018Z [L0]: Recv buf length = 1657100, ofs = 0
2026-06-04T12:34:11.018Z [L0]: Recv buf length = 1658560, ofs = 0
2026-06-04T12:34:11.019Z [L0]: Recv buf length = 1660020, ofs = 0
2026-06-04T12:34:11.020Z [L0]: Recv buf length = 1661480, ofs = 0
2026-06-04T12:34:11.021Z [L0]: Recv buf length = 1662940, ofs = 0
2026-06-04T12:34:11.022Z [L0]: Recv buf length = 1664400, ofs = 0
2026-06-04T12:34:11.023Z [L0]: Recv buf length = 1665860, ofs = 0
2026-06-04T12:34:11.024Z [L0]: Recv buf length = 1667320, ofs = 0
2026-06-04T12:34:11.025Z [L0]: Recv buf length = 1668780, ofs = 0
2026-06-04T12:34:11.026Z [L0]: Recv buf length = 1670240, ofs = 0
2026-06-04T12:34:11.026Z [L0]: Recv buf length = 1671700, ofs = 0
2026-06-04T12:34:11.027Z [L0]: Recv buf length = 1673160, ofs = 0
2026-06-04T12:34:11.028Z [L0]: Recv buf length = 1674620, ofs = 0
2026-06-04T12:34:11.029Z [L0]: Recv buf length = 1676080, ofs = 0
2026-06-04T12:34:11.030Z [L0]: Recv buf length = 1677540, ofs = 0
2026-06-04T12:34:11.031Z [L0]: Recv buf length = 1679000, ofs = 0
2026-06-04T12:34:11.031Z [L0]: Recv buf length = 1680460, ofs = 0
2026-06-04T12:34:11.032Z [L0]: Recv buf length = 1681920, ofs = 0
2026-06-04T12:34:11.033Z [L0]: Recv buf length = 1683380, ofs = 0
2026-06-04T12:34:11.034Z [L0]: Recv buf length = 1684840, ofs = 0
2026-06-04T12:34:11.035Z [L0]: Recv buf length = 1686300, ofs = 0
2026-06-04T12:34:11.035Z [L0]: Recv buf length = 1687760, ofs = 0
2026-06-04T12:34:11.036Z [L0]: Recv buf length = 1689220, ofs = 0
2026-06-04T12:34:11.037Z [L0]: Recv buf length = 1690680, ofs = 0
2026-06-04T12:34:11.038Z [L0]: Recv buf length = 1692140, ofs = 0
2026-06-04T12:34:11.039Z [L0]: Recv buf length = 1693600, ofs = 0
2026-06-04T12:34:11.040Z [L0]: Recv buf length = 1695060, ofs = 0
2026-06-04T12:34:11.040Z [L0]: Recv buf length = 1696520, ofs = 0
2026-06-04T12:34:11.041Z [L0]: Recv buf length = 1697980, ofs = 0
2026-06-04T12:34:11.042Z [L0]: Recv buf length = 1699440, ofs = 0
2026-06-04T12:34:11.043Z [L0]: Recv buf length = 1700900, ofs = 0
2026-06-04T12:34:11.044Z [L0]: Recv buf length = 1702360, ofs = 0
2026-06-04T12:34:11.045Z [L0]: Recv buf length = 1703820, ofs = 0
2026-06-04T12:34:11.045Z [L0]: Recv buf length = 1705280, ofs = 0
2026-06-04T12:34:11.046Z [L0]: Recv buf length = 1706740, ofs = 0
2026-06-04T12:34:11.047Z [L0]: Recv buf length = 1708200, ofs = 0
2026-06-04T12:34:11.048Z [L0]: Recv buf length = 1709660, ofs = 0
2026-06-04T12:34:11.049Z [L0]: Recv buf length = 1711120, ofs = 0
2026-06-04T12:34:11.049Z [L0]: Recv buf length = 1712580, ofs = 0
2026-06-04T12:34:11.050Z [L0]: Recv buf length = 1714040, ofs = 0
2026-06-04T12:34:11.051Z [L0]: Recv buf length = 1715500, ofs = 0
2026-06-04T12:34:11.052Z [L0]: Recv buf length = 1716960, ofs = 0
2026-06-04T12:34:11.053Z [L0]: Recv buf length = 1718420, ofs = 0
2026-06-04T12:34:11.053Z [L0]: Recv buf length = 1719880, ofs = 0
2026-06-04T12:34:11.054Z [L0]: Recv buf length = 1721340, ofs = 0
2026-06-04T12:34:11.055Z [L0]: Recv buf length = 1722800, ofs = 0
2026-06-04T12:34:11.056Z [L0]: Recv buf length = 1724260, ofs = 0
2026-06-04T12:34:11.057Z [L0]: Recv buf length = 1725720, ofs = 0
2026-06-04T12:34:11.058Z [L0]: Recv buf length = 1727180, ofs = 0
2026-06-04T12:34:11.058Z [L0]: Recv buf length = 1728640, ofs = 0
2026-06-04T12:34:11.059Z [L0]: Recv buf length = 1730100, ofs = 0
2026-06-04T12:34:11.060Z [L0]: Recv buf length = 1731560, ofs = 0
2026-06-04T12:34:11.061Z [L0]: Recv buf length = 1733020, ofs = 0
2026-06-04T12:34:11.062Z [L0]: Recv buf length = 1734480, ofs = 0
2026-06-04T12:34:11.063Z [L0]: Recv buf length = 1735940, ofs = 0
2026-06-04T12:34:11.063Z [L0]: Recv buf length = 1737400, ofs = 0
2026-06-04T12:34:11.064Z [L0]: Recv buf length = 1738860, ofs = 0
2026-06-04T12:34:11.065Z [L0]: Recv buf length = 1740320, ofs = 0
2026-06-04T12:34:11.066Z [L0]: Recv buf length = 1741780, ofs = 0
2026-06-04T12:34:11.067Z [L0]: Recv buf length = 1743240, ofs = 0
2026-06-04T12:34:11.068Z [L0]: Recv buf length = 1744700, ofs = 0
2026-06-04T12:34:11.069Z [L0]: Recv buf length = 1746160, ofs = 0
2026-06-04T12:34:11.069Z [L0]: Recv buf length = 1747620, ofs = 0
2026-06-04T12:34:11.070Z [L0]: Recv buf length = 1749080, ofs = 0
2026-06-04T12:34:11.071Z [L0]: Recv buf length = 1750540, ofs = 0
2026-06-04T12:34:11.072Z [L0]: Recv buf length = 1752000, ofs = 0
2026-06-04T12:34:11.073Z [L0]: Recv buf length = 1753460, ofs = 0
2026-06-04T12:34:11.074Z [L0]: Recv buf length = 1754920, ofs = 0
2026-06-04T12:34:11.074Z [L0]: Recv buf length = 1756380, ofs = 0
2026-06-04T12:34:11.075Z [L0]: Recv buf length = 1757840, ofs = 0
2026-06-04T12:34:11.076Z [L0]: Recv buf length = 1759300, ofs = 0
2026-06-04T12:34:11.077Z [L0]: Recv buf length = 1760760, ofs = 0
2026-06-04T12:34:11.078Z [L0]: Recv buf length = 1762220, ofs = 0
2026-06-04T12:34:11.078Z [L0]: Recv buf length = 1763680, ofs = 0
2026-06-04T12:34:11.079Z [L0]: Recv buf length = 1765140, ofs = 0
2026-06-04T12:34:11.080Z [L0]: Recv buf length = 1766600, ofs = 0
2026-06-04T12:34:11.081Z [L0]: Recv buf length = 1768060, ofs = 0
2026-06-04T12:34:11.082Z [L0]: Recv buf length = 1769520, ofs = 0
2026-06-04T12:34:11.083Z [L0]: Recv buf length = 1770980, ofs = 0
2026-06-04T12:34:11.083Z [L0]: Recv buf length = 1772440, ofs = 0
2026-06-04T12:34:11.084Z [L0]: Recv buf length = 1773900, ofs = 0
2026-06-04T12:34:11.085Z [L0]: Recv buf length = 1775360, ofs = 0
2026-06-04T12:34:11.086Z [L0]: Recv buf length = 1776820, ofs = 0
2026-06-04T12:34:11.087Z [L0]: Recv buf length = 1778280, ofs = 0
2026-06-04T12:34:11.088Z [L0]: Recv buf length = 1779740, ofs = 0
2026-06-04T12:34:11.088Z [L0]: Recv buf length = 1781200, ofs = 0
2026-06-04T12:34:11.089Z [L0]: Recv buf length = 1782660, ofs = 0
2026-06-04T12:34:11.090Z [L0]: Recv buf length = 1784120, ofs = 0
2026-06-04T12:34:11.091Z [L0]: Recv buf length = 1785580, ofs = 0
2026-06-04T12:34:11.092Z [L0]: Recv buf length = 1787040, ofs = 0
2026-06-04T12:34:11.093Z [L0]: Recv buf length = 1788500, ofs = 0
2026-06-04T12:34:11.093Z [L0]: Recv buf length = 1789960, ofs = 0
2026-06-04T12:34:11.094Z [L0]: Recv buf length = 1791420, ofs = 0
2026-06-04T12:34:11.095Z [L0]: Recv buf length = 1792880, ofs = 0
2026-06-04T12:34:11.096Z [L0]: Recv buf length = 1794340, ofs = 0
2026-06-04T12:34:11.096Z [L0]: Recv buf length = 1795800, ofs = 0
2026-06-04T12:34:11.097Z [L0]: Recv buf length = 1797260, ofs = 0
2026-06-04T12:34:11.098Z [L0]: Recv buf length = 1798720, ofs = 0
2026-06-04T12:34:11.099Z [L0]: Recv buf length = 1800180, ofs = 0
2026-06-04T12:34:11.099Z [L0]: Recv buf length = 1801640, ofs = 0
2026-06-04T12:34:11.100Z [L0]: Recv buf length = 1803100, ofs = 0
2026-06-04T12:34:11.101Z [L0]: Recv buf length = 1804560, ofs = 0
2026-06-04T12:34:11.102Z [L0]: Recv buf length = 1806020, ofs = 0
2026-06-04T12:34:11.103Z [L0]: Recv buf length = 1807480, ofs = 0
2026-06-04T12:34:11.104Z [L0]: Recv buf length = 1808940, ofs = 0
2026-06-04T12:34:11.104Z [L0]: Recv buf length = 1810400, ofs = 0
2026-06-04T12:34:11.105Z [L0]: Recv buf length = 1811860, ofs = 0
2026-06-04T12:34:11.106Z [L0]: Recv buf length = 1813320, ofs = 0
2026-06-04T12:34:11.107Z [L0]: Recv buf length = 1814780, ofs = 0
2026-06-04T12:34:11.108Z [L0]: Recv buf length = 1816240, ofs = 0
2026-06-04T12:34:11.108Z [L0]: Recv buf length = 1817700, ofs = 0
2026-06-04T12:34:11.109Z [L0]: Recv buf length = 1819160, ofs = 0
2026-06-04T12:34:11.110Z [L0]: Recv buf length = 1820620, ofs = 0
2026-06-04T12:34:11.111Z [L0]: Recv buf length = 1822080, ofs = 0
2026-06-04T12:34:11.112Z [L0]: Recv buf length = 1823540, ofs = 0
2026-06-04T12:34:11.112Z [L0]: Recv buf length = 1825000, ofs = 0
2026-06-04T12:34:11.113Z [L0]: Recv buf length = 1826460, ofs = 0
2026-06-04T12:34:11.118Z [L0]: Recv buf length = 1827920, ofs = 0
2026-06-04T12:34:11.119Z [L0]: Recv buf length = 1829380, ofs = 0
2026-06-04T12:34:11.120Z [L0]: Recv buf length = 1830840, ofs = 0
2026-06-04T12:34:11.121Z [L0]: Recv buf length = 1832300, ofs = 0
2026-06-04T12:34:11.122Z [L0]: Recv buf length = 1833760, ofs = 0
2026-06-04T12:34:11.123Z [L0]: Recv buf length = 1835220, ofs = 0
2026-06-04T12:34:11.123Z [L0]: Recv buf length = 1836680, ofs = 0
2026-06-04T12:34:11.124Z [L0]: Recv buf length = 1838140, ofs = 0
2026-06-04T12:34:11.125Z [L0]: Recv buf length = 1839600, ofs = 0
2026-06-04T12:34:11.126Z [L0]: Recv buf length = 1841060, ofs = 0
2026-06-04T12:34:11.126Z [L0]: Recv buf length = 1842520, ofs = 0
2026-06-04T12:34:11.127Z [L0]: Recv buf length = 1843980, ofs = 0
2026-06-04T12:34:11.128Z [L0]: Recv buf length = 1845440, ofs = 0
2026-06-04T12:34:11.129Z [L0]: Recv buf length = 1846900, ofs = 0
2026-06-04T12:34:11.130Z [L0]: Recv buf length = 1848360, ofs = 0
2026-06-04T12:34:11.131Z [L0]: Recv buf length = 1849820, ofs = 0
2026-06-04T12:34:11.131Z [L0]: Recv buf length = 1851280, ofs = 0
2026-06-04T12:34:11.132Z [L0]: Recv buf length = 1852740, ofs = 0
2026-06-04T12:34:11.133Z [L0]: Recv buf length = 1854200, ofs = 0
2026-06-04T12:34:11.134Z [L0]: Recv buf length = 1855660, ofs = 0
2026-06-04T12:34:11.135Z [L0]: Recv buf length = 1857120, ofs = 0
2026-06-04T12:34:11.136Z [L0]: Recv buf length = 1858580, ofs = 0
2026-06-04T12:34:11.137Z [L0]: Recv buf length = 1860040, ofs = 0
2026-06-04T12:34:11.138Z [L0]: Recv buf length = 1861500, ofs = 0
2026-06-04T12:34:11.139Z [L0]: Recv buf length = 1862960, ofs = 0
2026-06-04T12:34:11.140Z [L0]: Recv buf length = 1864420, ofs = 0
2026-06-04T12:34:11.141Z [L0]: Recv buf length = 1865880, ofs = 0
2026-06-04T12:34:11.141Z [L0]: Recv buf length = 1867340, ofs = 0
2026-06-04T12:34:11.263Z [L0]: Recv buf length = 1868800, ofs = 06/4 [0]12:34:10.965 I/quickjs-libc SBEngine: app on destroy invoke 
2026-06-04T12:34:11.331Z [L0]: 6/4 [0]12:34:10.975 I/js_runtime SBEngine: malloc_size:1163184 after destory page
2026-06-04T12:34:11.332Z [L0]: 6/4 [0]12:34:10.976 D/jsRtApkMng SBEngine: js_rt_get_appid: app_p is NULL, pcid(800000000)
2026-06-04T12:34:11.333Z [L0]: 6/4 [0]12:34:10.976 D/jsMmStat SBEngine: _mm_check_running appid 1099993 pid 8 stopped!
2026-06-04T12:34:11.335Z [L0]: 6/4 [0]12:34:10.976 I/jsMmStat SBEngine: [0] appid:00002DFF pid:  2 count:  786 total:  56876 peak:  65916 bytes
2026-06-04T12:34:11.335Z [L0]: 6/4 [0]12:34:10.976 I/jsMmStat SBEngine: [0] appid:00000001 pid:  0 count:17249 total:1087680 peak:1410148 bytes
2026-06-04T12:34:11.336Z [L0]: 6/4 [0]12:34:10.976 I/js_rt_screen_app SBEngine: _release_layer cell_p 0x8004315f release JsAppEmpty5 , type 5
2026-06-04T12:34:11.337Z [L0]: 6/4 [0]12:34:10.976 I/js_rt_screen_app SBEngine: [js_screen_app_on_destroy] destorying app, current cell is set to NULL
2026-06-04T12:34:11.338Z [L0]: 6/4 [0]12:34:10.976 D/CLayout SBEngine: context 2 destruction complete!
2026-06-04T12:34:11.339Z [L0]: 6/4 [0]12:34:10.977 I/js_view SBEngine: onScreenPostDestory screen JsApp10_Screen detach layer JsAppEmpty5
2026-06-04T12:34:11.339Z [L0]: 6/4 [0]12:34:10.977 I/js_view SBEngine: onScreenPostDestory end
2026-06-04T12:34:11.340Z [L0]: 6/4 [0]12:34:10.977 D/CLayout SBEngine: context 1 destruction complete!
2026-06-04T12:34:11.341Z [L0]: 6/4 [0]12:34:10.993 I/SB SBEngine: stop deletion list timer.
2026-06-04T12:34:11.342Z [L0]: 6/4 [0]12:34:10.993 I/SysLock SBEngine: this is system lock
2026-06-04T12:34:11.343Z [L0]: 6/4 [0]12:34:10.993 D/CLayout SBEngine: >>gr_notify_callback_context event=gre.screenshow.pre from LauncherScreen to JsApp11_Screen
2026-06-04T12:34:11.344Z [L0]: 6/4 [0]12:34:10.994 D/sb_screen_adapter SBEngine: onSBScreenPreCreate JsApp11_Screen
2026-06-04T12:34:11.345Z [L0]: 6/4 [0]12:34:10.994 D/CLayout SBEngine: [_load_file_to_memory] stat '/storage/system/resources/styles/JsApp11_Screen.bstyle' failed!
2026-06-04T12:34:11.346Z [L0]: 6/4 [0]12:34:10.994 I/js_view SBEngine: onScreenPreCreate start, screenContext 0x81e545bc
2026-06-04T12:34:11.347Z [L0]: 6/4 [0]12:34:10.994 I/js_view SBEngine: js_get_app_screen_ctx: found screen(JsApp11_Screen)
2026-06-04T12:34:11.348Z [L0]: 6/4 [0]12:34:10.995 I/js_rt_screen_app SBEngine: _get_layer_name allocate JsAppEmpty1, type 5
2026-06-04T12:34:11.349Z [L0]: 6/4 [0]12:34:10.995 I/js_view SBEngine: onScreenPreCreate screen[JsApp11_Screen] requeset new cntr context id[2]
2026-06-04T12:34:11.349Z [L0]: 6/4 [0]12:34:10.995 I/js_view SBEngine: onScreenPreCreate layer JsAppEmpty1 attach to screen JsApp11_Screen 
2026-06-04T12:34:11.350Z [L0]: 6/4 [0]12:34:10.995 I/js_rt_screen_app SBEngine: [js_screen_app_on_create] cell_p 0x80043199 current_cell->pcid ffffffffffffffff cell_p->arg->pcid 800000001
2026-06-04T12:34:11.351Z [L0]: 6/4 [0]12:34:10.996 I/js_rt_screen_app SBEngine: js_screen_app_on_create: pcid(FFFFFFFFFFFFFFFF), launch type(1) current_cell set to 0x80043190
2026-06-04T12:34:11.352Z [L0]: 6/4 [0]12:34:10.996 D/js_rt_screen SBEngine: js_set_working_rtcell cell 0x80043190
2026-06-04T12:34:11.353Z [L0]: 6/4 [0]12:34:10.996 W/js_rt_screen_common SBEngine: js_screen_run_continer: container type:0 pcid(800000001) from arg
2026-06-04T12:34:11.354Z [L0]: 6/4 [0]12:34:10.996 D/jsRtApkMng SBEngine: js_rt_get_appid: app_p is NULL, pcid(800000001)
2026-06-04T12:34:11.355Z [L0]: 6/4 [0]12:34:10.996 W/js_rt_screen_common SBEngine: js_screen_run_continer: restart appid(1099993)
2026-06-04T12:34:11.356Z [L0]: 6/4 [0]12:34:10.996 D/js_rt_screen SBEngine: js_set_working_rtcell cell 0x80043190
2026-06-04T12:34:11.357Z [L0]: 6/4 [0]12:34:10.996 I/js_runtime SBEngine: malloc_size:1163184 before load app
2026-06-04T12:34:11.358Z [L0]: 6/4 [0]12:34:10.996 D/jsMmStat SBEngine: get_mid found mid 1
2026-06-04T12:34:11.359Z [L0]: 6/4 [0]12:34:10.997 D/jsMmStat SBEngine: [js_mm_stat_ctx_set] pcid: 200000001 -> 0
2026-06-04T12:34:11.360Z [L0]: 6/4 [0]12:34:10.997 D/jsMmStat SBEngine: get_mid found mid 1
2026-06-04T12:34:11.361Z [L0]: 6/4 [0]12:34:10.997 D/js_timer SBEngine: _timer_on_init pcid(900000000)
2026-06-04T12:34:11.362Z [L0]: 6/4 [0]12:34:10.997 D/jsMmStat SBEngine: [js_mm_stat_ctx_set] pcid: 0 -> 900000000
2026-06-04T12:34:11.362Z [L0]: 6/4 [0]12:34:10.997 D/jsRtApkMng SBEngine: switch_currentApp: pid: 2 -> 9 (appid 10C8D9)
2026-06-04T12:34:11.363Z [L0]: 6/4 [0]12:34:10.997 I/jsRtApkMng SBEngine: [js_rt_loadApp2] path: /storage/data/js_apps/0010C8D9/app.js
2026-06-04T12:34:11.364Z [L0]: 6/4 [0]12:34:10.998 D/jsRtApkMng SBEngine: [js_rt_pcid_set] 800000000 -> 900000000
2026-06-04T12:34:11.365Z [L0]: 6/4 [0]12:34:10.998 I/js_native.h SBEngine: eval_buf path:/storage/data/js_apps/0010C8D9/app.js, eval_buff(1013)
2026-06-04T12:34:11.366Z [L0]: 6/4 [0]12:34:10.998 I/jsMmStat SBEngine: [mm_stat_node_new] add node, pid: 9
2026-06-04T12:34:11.367Z [L0]: 6/4 [0]12:34:10.998 D/jsMmStat SBEngine: get_mid alloc mid 0
2026-06-04T12:34:11.368Z [L0]: 6/4 [0]12:34:11.002 I/quickjs-libc SBEngine: current filepath: /app.js 
2026-06-04T12:34:11.369Z [L0]: 6/4 [0]12:34:11.006 D/JS_SETTING SBEngine: sim_get_config_path: config file: /storage/system/simulator_cfg.json
2026-06-04T12:34:11.370Z [L0]: 6/4 [0]12:34:11.006 D/js_fs_common SBEngine: js_read_file: file: /storage/system/simulator_cfg.json
2026-06-04T12:34:11.370Z [L0]: 6/4 [0]12:34:11.009 I/JS_FS SBEngine: js_fs_open2: /storage/data/js_apps/0010C8D9/assets/raw/locale/TID.btxt, fd:7, flags: 0
2026-06-04T12:34:11.371Z [L0]: 6/4 [0]12:34:11.010 I/JS_FS SBEngine: js_fs_close2 vfs_close fd:7 ret:0
2026-06-04T12:34:11.372Z [L0]: 6/4 [0]12:34:11.016 I/jsRtApkMng SBEngine: perf_resize 16
2026-06-04T12:34:11.372Z [L0]: 6/4 [0]12:34:11.016 D/jsRtApkMng SBEngine: perf_alloc 1/16
2026-06-04T12:34:11.373Z [L0]: 6/4 [0]12:34:11.016 D/jsRtApkMng SBEngine: perf_update evalTime 19 ms
2026-06-04T12:34:11.374Z [L0]: 6/4 [0]12:34:11.016 I/jsRtApkMng SBEngine: [js_rt_loadApp2] api-level: 300, pcid: 900000000
2026-06-04T12:34:11.375Z [L0]: 6/4 [0]12:34:11.016 D/js_rt_app SBEngine: runAppFunc: run App: onCreate
2026-06-04T12:34:11.376Z [L0]: 6/4 [0]12:34:11.017 I/quickjs-libc SBEngine: app on create invoke 
2026-06-04T12:34:11.377Z [L0]: 6/4 [0]12:34:11.017 D/jsRtApkMng SBEngine: perf_update createTime 1 ms
2026-06-04T12:34:11.377Z [L0]: 6/4 [0]12:34:11.017 I/js_runtime SBEngine: malloc_size:1185552 after load app
2026-06-04T12:34:11.378Z [L0]: 6/4 [0]12:34:11.017 I/js_runtime SBEngine: malloc_size:1185552 before load page
2026-06-04T12:34:11.379Z [L0]: 6/4 [0]12:34:11.018 D/jsRtApkMng SBEngine: js_rt_loadContiner: pcid(900000000) type:0 file:page/home/home
2026-06-04T12:34:11.380Z [L0]: 6/4 [0]12:34:11.018 W/PluginLst SBEngine: js_plugin_get_info: Warning: index 0 >= plugin count 0
2026-06-04T12:34:11.381Z [L0]: 6/4 [0]12:34:11.018 I/jsRtApkMng SBEngine: jsapp_check_keyboard(0x10c8d9) is 0  file:page/home/home
2026-06-04T12:34:11.382Z [L0]: 6/4 [0]12:34:11.018 D/js_timer SBEngine: _timer_on_init pcid(900000001)
2026-06-04T12:34:11.383Z [L0]: 6/4 [0]12:34:11.018 D/jsMmStat SBEngine: [js_mm_stat_ctx_set] pcid: 900000000 -> 900000001
2026-06-04T12:34:11.383Z [L0]: 6/4 [0]12:34:11.018 D/jsRtApkMng SBEngine: switch_currentApp: same pid: 9 (appid 0010C8D9)
2026-06-04T12:34:11.384Z [L0]: 6/4 [0]12:34:11.018 D/jsMmStat SBEngine: get_mid found mid 1
2026-06-04T12:34:11.385Z [L0]: 6/4 [0]12:34:11.019 I/jsMmStat SBEngine: [mm_stat_node_del] pid: 8
2026-06-04T12:34:11.386Z [L0]: 6/4 [0]12:34:11.019 D/jsRtApkMng SBEngine: switch_currentContainer: cid: 0 -> 1
2026-06-04T12:34:11.387Z [L0]: 6/4 [0]12:34:11.019 I/jsRtApkMng SBEngine: [js_rt_loadContiner2] path: /storage/data/js_apps/0010C8D9/page/home/home.js
2026-06-04T12:34:11.387Z [L0]: 6/4 [0]12:34:11.019 D/jsRtApkMng SBEngine: [js_rt_pcid_set] 900000000 -> 900000001
2026-06-04T12:34:11.388Z [L0]: 6/4 [0]12:34:11.019 I/js_native.h SBEngine: eval_buf path:/storage/data/js_apps/0010C8D9/page/home/home.js, eval_buff(7778)
2026-06-04T12:34:11.391Z [L0]: 6/4 [0]12:34:11.033 I/quickjs-libc SBEngine: current filepath: /page/home/home.js 
2026-06-04T12:34:11.392Z [L0]: 6/4 [0]12:34:11.040 I/amPERMSN SBEngine: amQueryPermissions get 3 permission authed.
2026-06-04T12:34:11.392Z [L0]: 6/4 [0]12:34:11.041 I/JS_FS SBEngine: js_fs_open2: /storage/data/js_apps/data/0010C8D9/__$$localstorage$$__, fd:7, flags: 0X40
2026-06-04T12:34:11.393Z [L0]: 6/4 [0]12:34:11.041 I/JS_FS SBEngine: js_fs_close2 vfs_close fd:7 ret:0
2026-06-04T12:34:11.394Z [L0]: 6/4 [0]12:34:11.045 D/jsRtApkMng SBEngine: perf_alloc 2/16
2026-06-04T12:34:11.395Z [L0]: 6/4 [0]12:34:11.045 D/jsRtApkMng SBEngine: perf_update evalTime 26 ms
2026-06-04T12:34:11.396Z [L0]: 6/4 [0]12:34:11.045 D/jsRtApkMng SBEngine: js_rt_loadContiner: succeed, appid(0010C8D9) pcid(900000001)
2026-06-04T12:34:11.397Z [L0]: 6/4 [0]12:34:11.045 D/js_rt_continer SBEngine: runContinerFunc: run Continer func: onInit
2026-06-04T12:34:11.397Z [L0]: 6/4 [0]12:34:11.046 D/jsRtApkMng SBEngine: perf_update initTime 1 ms
2026-06-04T12:34:11.398Z [L0]: 6/4 [0]12:34:11.046 D/js_rt_continer SBEngine: runContinerFunc: run Continer func: onDataRestore
2026-06-04T12:34:11.399Z [L0]: 6/4 [0]12:34:11.046 D/js_rt_continer SBEngine: runContinerFunc: run Continer func: build
2026-06-04T12:34:11.400Z [L0]: 6/4 [0]12:34:11.047 D/js_ui SBEngine: js_widget_setup_class_proto JsTemplate.group
2026-06-04T12:34:11.401Z [L0]: 6/4 [0]12:34:11.048 D/js_ui SBEngine: js_create_widget2 name:JsTemplate.group, id:178, widget JsAppEmpty1.jsw_178
2026-06-04T12:34:11.401Z [L0]: 6/4 [0]12:34:11.049 D/js_ui SBEngine: js_create_widget2 name:JsTemplate.image, id:179, widget JsAppEmpty1.jsw_178.jsw_179
2026-06-04T12:34:11.402Z [L0]: 6/4 [0]12:34:11.050 D/js_ui SBEngine: js_widget_setup_class_proto JsTemplate.text
2026-06-04T12:34:11.403Z [L0]: 6/4 [0]12:34:11.051 D/js_ui SBEngine: js_create_widget2 name:JsTemplate.text, id:180, widget JsAppEmpty1.jsw_178.jsw_180
2026-06-04T12:34:11.404Z [L0]: 6/4 [0]12:34:11.053 D/js_ui SBEngine: js_create_widget2 name:JsTemplate.text, id:181, widget JsAppEmpty1.jsw_178.jsw_181
2026-06-04T12:34:11.405Z [L0]: 6/4 [0]12:34:11.054 D/js_ui SBEngine: js_create_widget2 name:JsTemplate.image, id:182, widget JsAppEmpty1.jsw_178.jsw_182
2026-06-04T12:34:11.405Z [L0]: 6/4 [0]12:34:11.055 D/js_ui SBEngine: js_create_widget2 name:JsTemplate.image, id:183, widget JsAppEmpty1.jsw_178.jsw_183
2026-06-04T12:34:11.406Z [L0]: 6/4 [0]12:34:11.056 D/js_ui SBEngine: js_create_widget2 name:JsTemplate.image, id:184, widget JsAppEmpty1.jsw_178.jsw_184
2026-06-04T12:34:11.407Z [L0]: 6/4 [0]12:34:11.058 D/js_ui SBEngine: js_create_widget2 name:JsTemplate.text, id:185, widget JsAppEmpty1.jsw_178.jsw_185
2026-06-04T12:34:11.408Z [L0]: 6/4 [0]12:34:11.058 D/jsRtApkMng SBEngine: perf_update buildTime 12 ms
2026-06-04T12:34:11.408Z [L0]: 6/4 [0]12:34:11.058 I/js_runtime SBEngine: malloc_size:1209272 after load page
2026-06-04T12:34:11.409Z [L0]: 6/4 [0]12:34:11.058 I/js_view SBEngine: onScreenPreCreate end
2026-06-04T12:34:11.410Z [L0]: 6/4 [0]12:34:11.058 D/CLayout SBEngine: >>gr_notify_callback_context event=gre.screenhide.pre from JsApp11_Screen to LauncherScreen
2026-06-04T12:34:11.411Z [L0]: 6/4 [0]12:34:11.058 D/sb_screen_adapter SBEngine: onSBScreenPreDestory LauncherScreen
2026-06-04T12:34:11.412Z [L0]: 6/4 [0]12:34:11.059 D/wf_js_layer SBEngine: updateDataOnInactive start
2026-06-04T12:34:11.413Z [L0]: 6/4 [0]12:34:11.059 D/js_rt_screen_common SBEngine: js_screen_suspend_app: screen suspend. pcid(200000001)
2026-06-04T12:34:11.414Z [L0]: 6/4 [0]12:34:11.059 I/jsRtApkMng SBEngine: js_rt_SuspendApp: pcid(200000001)
2026-06-04T12:34:11.414Z [L0]: 6/4 [0]12:34:11.059 D/jsMmStat SBEngine: [js_mm_stat_ctx_set] pcid: 900000001 -> 200000001
2026-06-04T12:34:11.415Z [L0]: 6/4 [0]12:34:11.059 D/jsRtApkMng SBEngine: switch_currentApp: pid: 9 -> 2 (appid 2DFF)
2026-06-04T12:34:11.416Z [L0]: 6/4 [0]12:34:11.059 D/js_rt_continer SBEngine: runContinerFunc: run Continer func: onPause
2026-06-04T12:34:11.417Z [L0]: 6/4 [0]12:34:11.059 D/jsMmStat SBEngine: get_mid found mid 1
2026-06-04T12:34:11.418Z [L0]: 6/4 [0]12:34:11.060 D/jsRtApkMng SBEngine: [js_rt_pcid_set] 900000001 -> 200000001
2026-06-04T12:34:11.419Z [L0]: 6/4 [0]12:34:11.060 D/js_timer SBEngine: _timer_on_pause pcid(200000001)
2026-06-04T12:34:11.420Z [L0]: 6/4 [0]12:34:11.060 D/JS_SETTING SBEngine: js_setting_pause (200000001)
2026-06-04T12:34:11.421Z [L0]: 6/4 [0]12:34:11.060 I/wf_simluator_data SBEngine: StData_unregisterListner: use current thread
2026-06-04T12:34:11.421Z [L0]: 6/4 [0]12:34:11.061 I/wf_simluator_data SBEngine: listener[0x10166f85] un register successfully
2026-06-04T12:34:11.422Z [L0]: 6/4 [0]12:34:11.061 D/step_data_manager SBEngine: _un_regist unregist sensor server 
2026-06-04T12:34:11.423Z [L0]: 6/4 [0]12:34:11.061 I/wf_simluator_data SBEngine: StData_unregisterListner: use current thread
2026-06-04T12:34:11.424Z [L0]: 6/4 [0]12:34:11.061 I/wf_simluator_data SBEngine: listener[0x101689dd] un register successfully
2026-06-04T12:34:11.425Z [L0]: 6/4 [0]12:34:11.061 D/jswea SBEngine: _un_regist unregist sensor server 
2026-06-04T12:34:11.426Z [L0]: 6/4 [0]12:34:11.061 I/wf_simluator_data SBEngine: StData_unregisterListner: use current thread
2026-06-04T12:34:11.426Z [L0]: 6/4 [0]12:34:11.061 I/wf_simluator_data SBEngine: listener[0x1016a9b9] un register successfully
2026-06-04T12:34:11.427Z [L0]: 6/4 [0]12:34:11.061 D/battey_data_manager SBEngine: _un_regist unregist sensor server 
2026-06-04T12:34:11.428Z [L0]: 6/4 [0]12:34:11.061 I/wf_simluator_data SBEngine: StData_unregisterListner: use current thread
2026-06-04T12:34:11.429Z [L0]: 6/4 [0]12:34:11.062 I/wf_simluator_data SBEngine: listener[0x10163699] un register successfully
2026-06-04T12:34:11.430Z [L0]: 6/4 [0]12:34:11.062 D/calorie_data_manager SBEngine: _un_regist unregist sensor server 
2026-06-04T12:34:11.431Z [L0]: 6/4 [0]12:34:11.062 I/wf_simluator_data SBEngine: StData_unregisterListner: use current thread
2026-06-04T12:34:11.432Z [L0]: 6/4 [0]12:34:11.062 I/wf_simluator_data SBEngine: listener[0x10163d1d] un register successfully
2026-06-04T12:34:11.433Z [L0]: 6/4 [0]12:34:11.062 E/MessageManger SBEngine: error listener 0x10169dd1
2026-06-04T12:34:11.434Z [L0]: 6/4 [0]12:34:11.062 I/quickjs-libc SBEngine: ui pause 
2026-06-04T12:34:11.434Z [L0]: 6/4 [0]12:34:11.062 D/js_sensor SBEngine: _pause_resume_process: sensor id: 0
2026-06-04T12:34:11.435Z [L0]: 6/4 [0]12:34:11.063 I/SYS_STAT_PT SBEngine: System_unregisterSPListner: use current thread
2026-06-04T12:34:11.436Z [L0]: 6/4 [0]12:34:11.063 I/widget_time_image SBEngine: touch JSW_EO_TIME_UPDATE 1
2026-06-04T12:34:11.437Z [L0]: 6/4 [0]12:34:11.063 D/timer_data_manager SBEngine: _regist timeConfig.repeatTime 800
2026-06-04T12:34:11.438Z [L0]: 6/4 [0]12:34:11.063 E/MessageManger SBEngine: error listener 0x10169dd1
2026-06-04T12:34:11.439Z [L0]: 6/4 [0]12:34:11.064 D/wf_js_layer SBEngine: updateDataOnInactive end
2026-06-04T12:34:11.439Z [L0]: 6/4 [0]12:34:11.064 D/LANCH SBEngine: launcher onScreenPause
2026-06-04T12:34:11.440Z [L0]: 6/4 [0]12:34:11.064 D/LANCH SBEngine: launcher onScreenPreDestory
2026-06-04T12:34:11.441Z [L0]: 6/4 [0]12:34:11.064 I/SASSTWG SBEngine: [onContainerPreDestroy] enter
2026-06-04T12:34:11.442Z [L0]: 6/4 [0]12:34:11.064 I/SASSTWG SBEngine: g_smartIndexBuff is null or saved!!! func:saveSmartContainer LINE:1247
2026-06-04T12:34:11.443Z [L0]: 6/4 [0]12:34:11.064 I/SASSTWG SBEngine: [onContainerPreDestroy] end
2026-06-04T12:34:13.803Z [L0]: 6/4 [0]12:34:11.064 D/sb_screen_adapter SBEngine: OnDataSave LauncherScreen6/4 [0]12:34:13.505 I/quickjs-libc SBEngine: app on destroy invoke 
2026-06-04T12:34:13.847Z [L0]: 6/4 [0]12:34:13.548 I/quickjs-libc SBEngine: current filepath: /app.js 
2026-06-04T12:34:13.864Z [L0]: 6/4 [0]12:34:13.566 I/quickjs-libc SBEngine: app on create invoke 
2026-06-04T12:34:13.884Z [L0]: 6/4 [0]12:34:13.585 I/quickjs-libc SBEngine: current filepath: /page/home/home.js 
2026-06-04T12:34:13.922Z [L0]: 6/4 [0]12:34:13.624 I/quickjs-libc SBEngine: ui pause 
2026-06-04T12:34:17.190Z [L0]: 6/4 [0]12:34:16.892 I/quickjs-libc SBEngine: app on destroy invoke 
2026-06-04T12:34:17.268Z [L0]: 6/4 [0]12:34:16.969 I/quickjs-libc SBEngine: current filepath: /app.js 
2026-06-04T12:34:17.296Z [L0]: 6/4 [0]12:34:16.998 I/quickjs-libc SBEngine: app on create invoke 
2026-06-04T12:34:17.332Z [L0]: 6/4 [0]12:34:17.034 I/quickjs-libc SBEngine: ui pause 
2026-06-04T12:34:17.914Z [L0]: 6/4 [0]12:34:16/4 [0]12:34:17.615 I/quickjs-libc SBEngine: current filepath: /page/home/home.js 
2026-06-04T12:34:22.246Z [L0]: 6/4 [0]12:34:21.948 I/quickjs-libc SBEngine: app on destroy invoke 
2026-06-04T12:34:22.343Z [L0]: 6/4 [0]12:34:22.045 I/quickjs-libc SBEngine: current filepath: /app.js 
2026-06-04T12:34:22.364Z [L0]: 6/4 [0]12:34:22.065 I/quickjs-libc SBEngine: app on create invoke 
2026-06-04T12:34:22.387Z [L0]: 6/4 [0]12:34:22.088 I/quickjs-libc SBEngine: current filepath: /page/home/home.js 
2026-06-04T12:34:22.428Z [L0]: 6/4 [0]12:34:22.130 I/quickjs-libc SBEngine: ui pause 
2026-06-04T12:34:23.176Z [L0]: 6/4 [0]12:34:22.877 I/quickjs-libc SBEngine: current filepath: /app.js 
2026-06-04T12:34:23.220Z [L0]: 6/4 [0]12:34:22.922 I/quickjs-libc SBEngine: app on create invoke 
2026-06-04T12:34:26.437Z [L0]: 6/4 [0]12:34:22.956 I/quickjs-libc SBEngine: current filepath: /page/home/home.js6/4 [0]12:34:26.139 I/quickjs-libc SBEngine: app on destroy invoke 
2026-06-04T12:34:26.552Z [L0]: 6/4 [0]12:34:26.254 I/quickjs-libc SBEngine: current filepath: /page/home/home.js 
2026-06-04T12:34:26.663Z [L0]: 6/4 [0]12:34:26.365 I/quickjs-libc SBEngine: ui pause 
2026-06-04T12:34:27.310Z [L0]: 6/4 [0]12:34:27.011 I/quickjs-libc SBEngine: current filepath: /page/home/home.js 
2026-06-04T12:34:30.991Z [L0]: 6/4 [0]12:34:30.693 I/quickjs-libc SBEngine: app on destroy invoke 
2026-06-04T12:34:31.057Z [L0]: 6/4 [0]12:34:30.759 I/quickjs-libc SBEngine: current filepath: /app.js 
2026-06-04T12:34:31.084Z [L0]: 6/4 [0]12:34:30.786 I/quickjs-libc SBEngine: app on create invoke 
2026-06-04T12:34:31.144Z [L0]: 6/4 [0]12:34:30.842 I/quickjs-libc SBEngine: current filepath: /page/home/home.js 
2026-06-04T12:34:31.234Z [L0]: [0]12:34:30.935 I/quickjs-libc SBEngine: ui pause 
2026-06-04T12:34:31.941Z [L0]: 6/4 [0]12:34:31.641 I/quickjs-libc SBEngine: current filepath: /page/home/home.js 
2026-06-04T12:34:35.287Z [L0]: 6/4 [0]12:34:34.989 I/quickjs-libc SBEngine: app on destroy invoke 
2026-06-04T12:34:35.355Z [L0]: 6/4 [0]12:34:35.057 I/quickjs-libc SBEngine: current filepath: /app.js 
2026-06-04T12:34:35.376Z [L0]: 6/4 [0]12:34:35.078 I/quickjs-libc SBEngine: app on create invoke 
2026-06-04T12:34:35.399Z [L0]: 6/4 [0]12:34:35.099 I/quickjs-libc SBEngine: current filepath: /page/home/home.js 
2026-06-04T12:34:35.519Z [L0]: 6/4 [0]12:34:35.220 I/quickjs-libc SBEngine: ui pause 
2026-06-04T12:34:36.154Z [L0]: 6/4 [0]12:34:35.221 D/js_sensor SBEngine: _pause_resume_process: sensor id: 06/4 [0]12:34:35.855 I/quickjs-libc SBEngine: current filepath: /page/home/home.js 
2026-06-04T12:34:39.493Z [L0]: 6/4 [0]12:34:39.195 I/quickjs-libc SBEngine: app on destroy invoke 
2026-06-04T12:34:39.595Z [L0]: 6/4 [0]12:34:39.297 I/quickjs-libc SBEngine: current filepath: /app.js 
2026-06-04T12:34:39.621Z [L0]: 6/4 [0]12:34:39.323 I/quickjs-libc SBEngine: app on create invoke 
2026-06-04T12:34:39.649Z [L0]: 6/4 [6/4 [0]12:34:39.351 I/quickjs-libc SBEngine: current filepath: /page/home/home.js 
2026-06-04T12:34:39.693Z [L0]: 6/4 [0]12:34:39.395 I/quickjs-libc SBEngine: ui pause 
2026-06-04T12:34:40.510Z [L0]: 6/4 [0]12:34:40.211 I/quickjs-libc SBEngine: current filepath: /page/home/home.js 
2026-06-04T12:34:46.116Z [L0]: 6/4 [0]12:34:45.817 I/quickjs-libc SBEngine: app on destroy invoke 
2026-06-04T12:34:46.187Z [L0]: 6/4 [0]12:34:45.888 I/quickjs-libc SBEngine: current filepath: /app.js 
2026-06-04T12:34:46.204Z [L0]: 6/4 [0]12:34:45.905 I/quickjs-libc SBEngine: app on create invoke 
2026-06-04T12:34:46.232Z [L0]: 6/46/4 [0]12:34:45.932 I/quickjs-libc SBEngine: current filepath: /page/home/home.js 
2026-06-04T12:34:46.276Z [L0]: 6/4 [0]12:34:45.977 I/quickjs-libc SBEngine: ui pause 
2026-06-04T12:34:46.874Z [L0]: 6/4 [0]12:34:46.575 I/quickjs-libc SBEngine: current filepath: /page/home/home.js 
2026-06-04T12:34:51.074Z [L0]: 6/4 [0]12:34:50.775 I/quickjs-libc SBEngine: app on destroy invoke 
2026-06-04T12:34:51.199Z [L0]: 6/4 [0]12:34:50.900 I/quickjs-libc SBEngine: ui pause 
2026-06-04T12:34:51.818Z [L0]: 6/4 [0]12:34:51.519 I/quickjs-libc SBEngine: current filepath: /app.js 
2026-06-04T12:34:51.838Z [L0]: 6/4 [0]12:34:51.539 I/quickjs-libc SBEngine: app on create invoke 
2026-06-04T12:34:51.864Z [L0]: 6/4 [0]12:34:51.565 I/quickjs-libc SBEngine: current filepath: /page/home/home.js 
2026-06-04T12:34:55.976Z [L0]: 6/4 [0]12:34:55.676 I/quickjs-libc SBEngine: app on destroy invoke 
2026-06-04T12:34:56.042Z [L0]: 6/4 [0]12:34:55.743 I/quickjs-libc SBEngine: current filepath: /app.js 
2026-06-04T12:34:56.059Z [L0]: 6/4 [0]12:34:55.760 I/quickjs-libc SBEngine: app on create invoke 
2026-06-04T12:34:56.082Z [L0]: 6/4 [0]12:34:55.782 I/quickjs-libc SBEngine: current filepath: /page/home/home.js 
2026-06-04T12:34:56.118Z [L0]: 6/4 [0]12:34:55.818 I/wf_simluator_data SBEngine: listener[0x10163d1d] un register successfully
2026-06-04T12:34:56.120Z [L0]: 6/4 [0]12:34:55.819 E/MessageManger SBEngine: error listener 0x10169dd1
2026-06-04T12:34:56.121Z [L0]: 6/4 [0]12:34:55.819 I/quickjs-libc SBEngine: ui pause 
2026-06-04T12:34:56.701Z [L0]: 6/4 [0]12:34:55.819 D/js_sensor SBEngine: _pause_re6/4 [0]12:34:56.401 I/quickjs-libc SBEngine: current filepath: /app.js 
2026-06-04T12:34:56.715Z [L0]: 6/4 [0]12:34:56.416 I/quickjs-libc SBEngine: app on create invoke 
2026-06-04T12:34:56.731Z [L0]: 6/4 [0]12:34:56.432 I/quickjs-libc SBEngine: current filepath: /page/home/home.js 
2026-06-04T12:38:48.199Z [L0]: [firmware_simulator]: simulator opening...
2026-06-04T12:38:50.055Z [L0]: 6/4 [0]12:38:49.100 I/quickjs SBEngine: js_trigger_gc *****rt->malloc_gc_threshold is now 1329180, malloc_size 886120
2026-06-04T12:38:50.233Z [L0]: 6/4 [0]12:38:49.276 I/quickjs-libc SBEngine: [jsrt-4.2.0-release.1-402] [2026-06-04T12:38:49.258Z] [jsfwk.debug] [ctx] [-] newCtx{"app":0,"module":0,"appId":1} 
2026-06-04T12:38:50.246Z [L0]: 6/4 [0]12:38:49.290 I/quickjs-libc SBEngine: [jsrt-4.2.0-release.1-402] [2026-06-04T12:38:49.286Z] [jsfwk.debug] [ctx] [-] ctx{"app":0,"module":0,"appId":1}.apply=addFWListener["[Function bound handle]"] 
2026-06-04T12:38:50.257Z [L0]: 6/4 [0]12:38:49.301 I/quickjs-libc SBEngine: [jsrt-4.2.0-release.1-402] [2026-06-04T12:38:49.299Z] [jsfwk.info ] [framework] [-] framework init 
2026-06-04T12:38:50.259Z [L0]: 6/4 [0]12:38:49.303 I/quickjs-libc SBEngine: [jsrt-4.2.0-release.1-402] [2026-06-04T12:38:49.302Z] [jsfwk.info ] [framework] [-] framework version => 4.2 
2026-06-04T12:38:50.263Z [L0]: 6/4 [0]12:38:49.307 I/quickjs-libc SBEngine: [jsrt-4.2.0-release.1-402] [2026-06-04T12:38:49.305Z] [jsfwk.info ] [framework] [-] framework buildDate => 2025-09-19T08:58:30.290Z 
2026-06-04T12:38:50.268Z [L0]: 6/4 [0]12:38:49.312 I/quickjs-libc SBEngine: [jsrt-4.2.0-release.1-402] [2026-06-04T12:38:49.308Z] [jsfwk.info ] [framework] [-] framework commit => b3cc2d2 
2026-06-04T12:38:51.194Z [L0]: [firmware_simulator]: simulator closing...
2026-06-04T12:46:37.485Z [L0]: [firmware_simulator]: patching emulator...
2026-06-04T12:46:38.016Z [L0]: [firmware_simulator]: [INFO] Patching "c255d797366e1f393295c19566d49810" (1/2)...

2026-06-04T12:46:39.698Z [L0]: [firmware_simulator]: [SUCCESS] Status: Already Patched

2026-06-04T12:46:39.700Z [L0]: [firmware_simulator]: [SUCCESS] Patching complete. You can start using Simulator 2.x.

2026-06-04T13:16:32.172Z [L0]: [firmware_simulator]: patching emulator...
2026-06-04T13:16:32.270Z [L0]: [firmware_simulator]: [INFO] Patching "c92b0190560d741a50fff3d4760ac304" (1/1)...

2026-06-04T13:16:33.911Z [L0]: [firmware_simulator]: [SUCCESS] Status: Patching SUCCESSFUL
[SUCCESS] Patching complete. You can start using Simulator 2.x.

2026-06-04T13:36:56.793Z [L0]: [firmware_simulator]: simulator opening...
2026-06-04T13:37:04.409Z [L0]: [firmware_simulator]: simulator opening...
2026-06-04T13:37:05.901Z [L0]: 6/4 [0]13:37:05.785 I/quickjs SBEngine: js_trigger_gc *****rt->malloc_gc_threshold is now 1206018, malloc_size 804012
2026-06-04T13:37:06.022Z [L0]: 6/4 [0]13:37:05.906 I/quickjs-libc SBEngine: [jsrt-3.0.10-306] [2026-06-04T13:37:05.893Z] [jsfwk.debug] [ctx] [-] newCtx{"app":0,"module":0,"appId":1} 
2026-06-04T13:37:06.033Z [L0]: 6/4 [0]13:37:05.917 I/quickjs-libc SBEngine: [jsrt-3.0.10-306] [2026-06-04T13:37:05.914Z] [jsfwk.debug] [ctx] [-] ctx{"app":0,"module":0,"appId":1}.apply=addFWListener["[Function bound handle]"] 
2026-06-04T13:37:06.042Z [L0]: 6/4 [0]13:37:05.926 I/quickjs-libc SBEngine: [jsrt-3.0.10-306] [2026-06-04T13:37:05.924Z] [jsfwk.info ] [framework] [-] framework init 
2026-06-04T13:37:06.045Z [L0]: 6/4 [0]13:37:05.928 I/quickjs-libc SBEngine: [jsrt-3.0.10-306] [2026-06-04T13:37:05.927Z] [jsfwk.info ] [framework] [-] framework version => 3.6 
2026-06-04T13:37:06.047Z [L0]: 6/4 [0]13:37:05.931 I/quickjs-libc SBEngine: [jsrt-3.0.10-306] [2026-06-04T13:37:05.929Z] [jsfwk.info ] [framework] [-] framework buildDate => 2024-05-23T11:15:52.889Z 
2026-06-04T13:37:06.049Z [L0]: 6/4 [0]13:37:05.933 I/quickjs-libc SBEngine: [jsrt-3.0.10-306] [2026-06-04T13:37:05.932Z] [jsfwk.info ] [framework] [-] framework commit => 0441189 
2026-06-04T13:37:07.210Z [L0]: [firmware_simulator]: simulator closing...
2026-06-04T13:37:13.645Z [L0]: [firmware_simulator]: simulator opening...
2026-06-04T13:37:15.163Z [L0]: 6/4 [0]13:37:14.802 I/quickjs SBEngine: js_trigger_gc *****rt->malloc_gc_threshold is now 1206018, malloc_size 804012
2026-06-04T13:37:15.285Z [L0]: 6/4 [0]13:37:14.924 I/quickjs-libc SBEngine: [jsrt-3.0.10-306] [2026-06-04T13:37:14.912Z] [jsfwk.debug] [ctx] [-] newCtx{"app":0,"module":0,"appId":1} 
2026-06-04T13:37:15.296Z [L0]: 6/4 [0]13:37:14.935 I/quickjs-libc SBEngine: [jsrt-3.0.10-306] [2026-06-04T13:37:14.932Z] [jsfwk.debug] [ctx] [-] ctx{"app":0,"module":0,"appId":1}.apply=addFWListener["[Function bound handle]"] 
2026-06-04T13:37:15.306Z [L0]: 6/4 [0]13:37:14.945 I/quickjs-libc SBEngine: [jsrt-3.0.10-306] [2026-06-04T13:37:14.943Z] [jsfwk.info ] [framework] [-] framework init 
2026-06-04T13:37:15.310Z [L0]: 6/4 [0]13:37:14.948 I/quickjs-libc SBEngine: [jsrt-3.0.10-306] [2026-06-04T13:37:14.947Z] [jsfwk.info ] [framework] [-] framework version => 3.6 
2026-06-04T13:37:15.312Z [L0]: 6/4 [0]13:37:14.951 I/quickjs-libc SBEngine: [jsrt-3.0.10-306] [2026-06-04T13:37:14.950Z] [jsfwk.info ] [framework] [-] framework buildDate => 2024-05-23T11:15:52.889Z 
2026-06-04T13:37:15.316Z [L0]: 6/4 [0]13:37:14.954 I/quickjs-libc SBEngine: [jsrt-3.0.10-306] [2026-06-04T13:37:14.953Z] [jsfwk.info ] [framework] [-] framework commit => 0441189 
2026-06-04T13:37:15.859Z [L0]: [firmware_simulator]: simulator opening...
2026-06-04T13:37:16.254Z [L0]: [firmware_simulator]: .\qemu_win\qemu-system-arm.exe: -nic user,id=usernet,hostfwd=tcp::7833-:7833,model=lan9118: Could not set up host forwarding rule 'tcp::7833-:7833'
2026-06-04T13:37:22.720Z [L0]: [firmware_simulator]: simulator opening...
2026-06-04T13:37:23.998Z [L0]: [firmware_simulator]: -1
2026-06-04T13:37:24.201Z [L0]: 6/4 [0]13:37:23.800 I/quickjs SBEngine: js_trigger_gc *****rt->malloc_gc_threshold is now 1206018, malloc_size 804012
2026-06-04T13:37:24.317Z [L0]: [0m6/4 [0]13:37:23.916 I/quickjs-libc SBEngine: [jsrt-3.0.10-306] [2026-06-04T13:37:23.904Z] [jsfwk.debug] [ctx] [-] newCtx{"app":0,"module":0,"appId":1} 
2026-06-04T13:37:24.326Z [L0]: 6/4 [0]13:37:23.925 I/quickjs-libc SBEngine: [jsrt-3.0.10-306] [2026-06-04T13:37:23.922Z] [jsfwk.debug] [ctx] [-] ctx{"app":0,"module":0,"appId":1}.apply=addFWListener["[Function bound handle]"] 
2026-06-04T13:37:24.333Z [L0]: 6/4 [0]13:37:23.932 I/quickjs-libc SBEngine: [jsrt-3.0.10-306] [2026-06-04T13:37:23.931Z] [jsfwk.info ] [framework] [-] framework init 
2026-06-04T13:37:24.336Z [L0]: 6/4 [0]13:37:23.934 I/quickjs-libc SBEngine: [jsrt-3.0.10-306] [2026-06-04T13:37:23.933Z] [jsfwk.info ] [framework] [-] framework version => 3.6 
2026-06-04T13:37:24.338Z [L0]: 6/4 [0]13:37:23.936 I/quickjs-libc SBEngine: [jsrt-3.0.10-306] [2026-06-04T13:37:23.935Z] [jsfwk.info ] [framework] [-] framework buildDate => 2024-05-23T11:15:52.889Z 
2026-06-04T13:37:24.340Z [L0]: 6/4 [0]13:37:23.939 I/quickjs-libc SBEngine: [jsrt-3.0.10-306] [2026-06-04T13:37:23.937Z] [jsfwk.info ] [framework] [-] framework commit => 0441189 
2026-06-04T13:37:25.000Z [L0]: [firmware_simulator]: iled to send packet, ret: -1
2026-06-04T13:37:27.169Z [L0]: 6/4 [0]13:37:26.768 I/quickjs-libc SBEngine: ----->>>current 
2026-06-04T13:37:27.170Z [L0]: 6/4 [0]13:37:26.768 I/quickjs-libc SBEngine: 2 
2026-06-04T13:37:27.171Z [L0]: 6/4 [0]13:37:26.769 I/quickjs-libc SBEngine: [object Object] 
2026-06-04T13:37:27.180Z [L0]: 6/4 [0]13:37:26.779 I/quickjs-libc SBEngine: index page.js on init invoke 
2026-06-04T13:37:27.317Z [L0]: 6/4 [0]13:37:26.916 I/quickjs-libc SBEngine: ui pause 
2026-06-04T13:37:31.991Z [L0]: [firmware_simulator]: simulator closing...
